SKU;Título;Preço;Quantidade;Condição;Marca;Modelo;Código universal de produto;Garantia;Tipo de garantia;Descrição
SKU-001-KOS-10013879;Chave Seta Celta Prisma 2010 a 2015 Kostal 10013879;459.9;1;Novo;Kostal;10013879;94749142;6 meses;Garantia do vendedor;"🚗 APLICAÇÃO VEICULAR
Confira os modelos e anos compatíveis:

• Chevrolet Celta (Life / Spirit / Super / LT / Advantage) — Motor 1.0 8V VHC / VHCE Flexpower Flex (2010 a 2015)
• Chevrolet Prisma (Joy / Maxx / LT) — Motor 1.0 8V / 1.4 8V Econoflex Flex (2010 a 2012)


⚠️ ALERTAS DE COMPATIBILIDADE
• Não compatível com modelos Celta de 2000 a 2009 (utilizam painel antigo e outro conector).
• Não compatível com modelos sem limpador traseiro (utilizar Kostal 10015096 ou 10015530).
• Recomendamos comparar o código gravado na sua peça com os códigos informados abaixo.
• Em caso de dúvidas sobre ano/versão, pergunte no campo abaixo antes de comprar!


⚙️ ESPECIFICAÇÕES TÉCNICAS
• Fabricante: Kostal
• Código da Peça: 10013879
• Código Original (OEM): 94749142
• Códigos Similares: Marília IM12879, Multiqualita GM91939, Diretec DTC1142, Ospina 042142
• Voltagem: 12V
• Conexoes Terminais: Conector padrão original 22 pinos (Plug & Play)
• Material: Polímero de alta densidade PA66 com contatos em cobre eletrolítico
• Funcoes Integradas: Comando de seta com retorno automático, Lampejo de farol alto e seleção alto/baixo, Limpador de para-brisa dianteiro com temporizador, Limpador e lavador do vidro traseiro, Interruptor de emergência (pisca-alerta integrado na carcaça)
• Dimensoes Aprox Cm: 24 x 14 x 9
• Peso Gramas: 380
• Padrao Fabricacao: Norma Original GM / ISO 9001
• Condição: Produto 100% novo, lacrado na embalagem original


📦 CONTEÚDO & GARANTIA
• 01 Chave de Seta Chevrolet Celta e Prisma com Limpador Dianteiro Traseiro e Pisca Alerta Kostal 10013879 (Kostal 10013879)
• Acompanha Nota Fiscal Eletrônica (PF e PJ)
• Garantia de 6 meses contra defeitos de fabricação


❓ DÚVIDAS FREQUENTES
• Pronta Entrega: Sim, todos os produtos anunciados estão em estoque físico para envio imediato.
• Frete e Prazo: Calculados automaticamente pelo Mercado Envios digitando seu CEP no anúncio.
• Instalação: Recomendamos que a montagem seja feita por profissional especializado.


🛡️ BUSK Peças — Qualidade, Agilidade & Confiança"
SKU-002-EUR-20573;Motor Partida Arranque Toyota Hilux 2.8 3.0 Diesel 20573;429.9;1;Novo;Euro;20573;28100-54070;6 meses;Garantia do vendedor;"🚗 APLICAÇÃO VEICULAR
Confira os modelos e anos compatíveis:

• Toyota HiAce (Van / Furgão / Passageiro) — Motor 2.4D / 2.8D Diesel (1992 a 2002)
• Toyota Hilux (Pick-up / Cabine Simples / Cabine Dupla / SW4) — Motor 2.4 Diesel (2L) / 2.8 Diesel (3L) / 3.0 Diesel Aspirado e Turbo (5L / 1KZ-TE) Diesel (1992 a 2004)


⚠️ ALERTAS DE COMPATIBILIDADE
• Não compatível com Hilux motor 3.0 D4D 1KD-FTV (2005 em diante que utiliza 9 ou 11 dentes com outra furação).
• Não compatível com modelos Hilux com motor a gasolina 2.7 VVTi.
• Recomendamos comparar o código gravado na sua peça com os códigos informados abaixo.
• Em caso de dúvidas sobre ano/versão, pergunte no campo abaixo antes de comprar!


⚙️ ESPECIFICAÇÕES TÉCNICAS
• Fabricante: Euro
• Código da Peça: 20573
• Código Original (OEM): 28100-54070, 28100-54090, 28100-54380, 28100-54430
• Códigos Similares: Bosch 0001109033, Denso 228000-0230, Delco Remy 8000185, ZM 8010101
• Voltagem: 12V
• Potencia Kw: 2.2 kW
• Numero Dentes Pinhao: 10 Dentes
• Sentido Rotacao: Horário (CW)
• Material: Carcaça em alumínio fundido e induzido com enrolamento de cobre puro
• Tipo Acionamento: Eletromecânico com relé de partida integrado e bendix temperado
• Dimensoes Aprox Cm: 28 x 18 x 14
• Peso Gramas: 4850
• Padrao Fabricacao: Padrão OEM Heavy Duty Diesel
• Condição: Produto 100% novo, lacrado na embalagem original


📦 CONTEÚDO & GARANTIA
• 01 Motor de Partida Arranque Toyota Hilux 2.4 2.8 3.0 Diesel Euro 20573 (Euro 20573)
• Acompanha Nota Fiscal Eletrônica (PF e PJ)
• Garantia de 6 meses contra defeitos de fabricação


❓ DÚVIDAS FREQUENTES
• Pronta Entrega: Sim, todos os produtos anunciados estão em estoque físico para envio imediato.
• Frete e Prazo: Calculados automaticamente pelo Mercado Envios digitando seu CEP no anúncio.
• Instalação: Recomendamos que a montagem seja feita por profissional especializado.


🛡️ BUSK Peças — Qualidade, Agilidade & Confiança"
SKU-003-MUL-MQ0198;Motor Partida Arranque VW Fusca Kombi 1600 MQ0198;639.9;1;Novo;MultiQualita;MQ0198;9000082006;6 meses;Garantia do vendedor;"🚗 APLICAÇÃO VEICULAR
Confira os modelos e anos compatíveis:

• Volkswagen Brasilia (Standard / 2 Portas / 4 Portas) — Motor 1.6 Boxer a Ar (Simples e Dupla Carburação) Gasolina / Álcool (1976 a 1982)
• Volkswagen Fusca (1300 / 1500 / 1600 / Itamar) — Motor 1.3 / 1.5 / 1.6 Boxer Refrigerado a Ar Gasolina / Álcool (1976 a 1996)
• Volkswagen Gol (BX) — Motor 1.3 / 1.6 Boxer a Ar Gasolina / Álcool (1980 a 1986)
• Volkswagen Kombi (Furgão / Pick-up / Standard / Clipper) — Motor 1.6 Boxer a Ar (Carburada e Injeção Eletrônica) Gasolina / Álcool (1976 a 2005)


⚠️ ALERTAS DE COMPATIBILIDADE
• Não compatível com modelos de Fusca antigos com sistema elétrico de 6 Volts (anteriores a 1967).
• Não compatível com Kombi com motor 1.4 Flex refrigerado a água (EA111).
• Recomendamos comparar o código gravado na sua peça com os códigos informados abaixo.
• Em caso de dúvidas sobre ano/versão, pergunte no campo abaixo antes de comprar!


⚙️ ESPECIFICAÇÕES TÉCNICAS
• Fabricante: MultiQualita
• Código da Peça: MQ0198
• Código Original (OEM): 9000082006, 9000082046, 9000082061, 113911023B
• Códigos Similares: Bosch 9000082006, Cinap 6006, ZM 8010201, Euro 20501
• Voltagem: 12V
• Potencia Kw: 0.95 kW
• Numero Dentes Pinhao: 9 Dentes
• Sentido Rotacao: Horário (CW)
• Material: Carcaça metálica tratada e bobinas em cobre com alta condutividade
• Fixacao: 2 furos na flange da carcaça do câmbio
• Dimensoes Aprox Cm: 23 x 15 x 12
• Peso Gramas: 3650
• Padrao Fabricacao: Linha de Reposição Premium VW Clássicos
• Condição: Produto 100% novo, lacrado na embalagem original


📦 CONTEÚDO & GARANTIA
• 01 Motor de Partida Arranque VW Fusca Brasilia Kombi Gol BX 1300 1500 1600 MultiQualita MQ0198 (MultiQualita MQ0198)
• Acompanha Nota Fiscal Eletrônica (PF e PJ)
• Garantia de 6 meses contra defeitos de fabricação


❓ DÚVIDAS FREQUENTES
• Pronta Entrega: Sim, todos os produtos anunciados estão em estoque físico para envio imediato.
• Frete e Prazo: Calculados automaticamente pelo Mercado Envios digitando seu CEP no anúncio.
• Instalação: Recomendamos que a montagem seja feita por profissional especializado.


🛡️ BUSK Peças — Qualidade, Agilidade & Confiança"
SKU-004-MOP-51997820;Motor Partida Original Fiat Uno Mobi Strada 51997820;849.9;1;Novo;Fiat / Mopar;51997820;51997820;12 meses;Garantia do vendedor;"🚗 APLICAÇÃO VEICULAR
Confira os modelos e anos compatíveis:

• Fiat Fiorino (Hard Working / Endurance) — Motor 1.4 8V Fire EVO Flex (2014 a 2024)
• Fiat Grand Siena (Attractive) — Motor 1.4 8V Fire EVO / 1.0 8V Fire EVO Flex / Tetrafuel (2012 a 2021)
• Fiat Mobi (Easy / Like / Way / Drive / Trekking) — Motor 1.0 8V Fire EVO / 1.0 6V Firefly Flex (2016 a 2024)
• Fiat Palio (Attractive / Essence) — Motor 1.0 8V Fire EVO / 1.4 8V Fire EVO Flex (2012 a 2018)
• Fiat Strada (Working / Hard Working / Freedom / Endurance) — Motor 1.4 8V Fire EVO / 1.3 8V Firefly Flex (2014 a 2024)
• Fiat Uno (Vivace / Attractive / Way / Sporting / Drive) — Motor 1.0 8V Fire EVO / 1.0 6V Firefly 3 Cilindros / 1.3 8V Firefly Flex (2012 a 2021)


⚠️ ALERTAS DE COMPATIBILIDADE
• Não compatível com motores 1.6 / 1.8 16V E.torQ.
• Não compatível com motores 1.0 / 1.3 / 1.5 Fire 8V antigos (anteriores a 2010 com motor de arranque de carcaça grande).
• Recomendamos comparar o código gravado na sua peça com os códigos informados abaixo.
• Em caso de dúvidas sobre ano/versão, pergunte no campo abaixo antes de comprar!


⚙️ ESPECIFICAÇÕES TÉCNICAS
• Fabricante: Fiat / Mopar
• Código da Peça: 51997820
• Código Original (OEM): 51997820, 51950821, 52026857
• Códigos Similares: Denso BC428000-9830, Valeo TSC10R1, Bosch F000AL0145, Euro 20580
• Voltagem: 12V
• Potencia Kw: 1.0 kW
• Numero Dentes Pinhao: 9 Dentes / Redução Planetária
• Sentido Rotacao: Anti-horário (CCW)
• Tecnologia: Motor de partida compacto com engrenagens planetárias de redução (alta eficiência com menor consumo de bateria)
• Dimensoes Aprox Cm: 20 x 14 x 11
• Peso Gramas: 2750
• Padrao Fabricacao: Original Genuíno Fiat Mopar Automotiva
• Condição: Produto 100% novo, lacrado na embalagem original


📦 CONTEÚDO & GARANTIA
• 01 Motor de Partida Arranque Original Fiat Uno Palio Strada Mobi Fiorino Firefly e Fire 51997820 (Fiat / Mopar 51997820)
• Acompanha Nota Fiscal Eletrônica (PF e PJ)
• Garantia de 12 meses contra defeitos de fabricação


❓ DÚVIDAS FREQUENTES
• Pronta Entrega: Sim, todos os produtos anunciados estão em estoque físico para envio imediato.
• Frete e Prazo: Calculados automaticamente pelo Mercado Envios digitando seu CEP no anúncio.
• Instalação: Recomendamos que a montagem seja feita por profissional especializado.


🛡️ BUSK Peças — Qualidade, Agilidade & Confiança"
SKU-005-MOP-55254306;Corpo Borboleta TBI Toro Argo Renegade 1.8 55254306;599.9;1;Novo;Fiat / Mopar;55254306;55254306;12 meses;Garantia do vendedor;"🚗 APLICAÇÃO VEICULAR
Confira os modelos e anos compatíveis:

• Fiat Argo (Precision / HGT / Trekking) — Motor 1.8 16V E.torQ EVO Flex Flex (2017 a 2021)
• Fiat Bravo (Essence / Sporting / Blackmotion) — Motor 1.8 16V E.torQ Flex (2011 a 2016)
• Fiat Cronos (Drive / Precision / HGT) — Motor 1.8 16V E.torQ EVO Flex Flex (2018 a 2021)
• Fiat Doblò (Essence / Adventure) — Motor 1.8 16V E.torQ Flex (2011 a 2021)
• Fiat Grand Siena (Essence) — Motor 1.6 16V E.torQ Flex (2012 a 2018)
• Fiat Linea (Essence / HLX / Absolute) — Motor 1.8 16V E.torQ Flex (2011 a 2016)
• Fiat Palio (Essence / Sporting) — Motor 1.6 16V / 1.8 16V E.torQ Flex (2011 a 2017)
• Fiat Punto (Essence / Sporting / Blackmotion) — Motor 1.6 16V / 1.8 16V E.torQ Flex (2011 a 2017)
• Fiat Toro (Freedom / Opening Edition / Endurance) — Motor 1.8 16V E.torQ EVO Flex Flex (2016 a 2022)
• Jeep Renegade (Sport / Longitude / Night Eagle / STD / Limited) — Motor 1.8 16V E.torQ EVO Flex Flex (2015 a 2021)


⚠️ ALERTAS DE COMPATIBILIDADE
• Não compatível com motores 1.0 e 1.3 Firefly.
• Não compatível com motores 1.4 T-Jet ou 1.3 Turbo 270 GSE.
• Requer procedimento de aprendizado de corpo de borboleta via scanner automotivo após a instalação.
• Recomendamos comparar o código gravado na sua peça com os códigos informados abaixo.
• Em caso de dúvidas sobre ano/versão, pergunte no campo abaixo antes de comprar!


⚙️ ESPECIFICAÇÕES TÉCNICAS
• Fabricante: Fiat / Mopar
• Código da Peça: 55254306
• Código Original (OEM): 55254306, 55227810, 55240212
• Códigos Similares: Magneti Marelli SMF00801, Magneti Marelli 44SMF8, Bosch 0280750580
• Voltagem: 12V
• Diametro Garganta Mm: 52 mm
• Conector: 6 Pinos (Terminais banhados a prata com sensor TPS duplo integrado)
• Tipo Acionamento: Drive-by-Wire (Acelerador Eletrônico 100% Digital)
• Material: Corpo usinado em liga de alumínio fundido e engrenagens reforçadas em POM de engenharia
• Dimensoes Aprox Cm: 16 x 14 x 11
• Peso Gramas: 1150
• Padrao Fabricacao: Original de Linha de Montagem Fiat / Jeep Mopar
• Condição: Produto 100% novo, lacrado na embalagem original


📦 CONTEÚDO & GARANTIA
• 01 Corpo de Borboleta TBI Eletronico Fiat Toro Argo Cronos Jeep Renegade 1.6 1.8 16V E.torQ 55254306 (Fiat / Mopar 55254306)
• Acompanha Nota Fiscal Eletrônica (PF e PJ)
• Garantia de 12 meses contra defeitos de fabricação


❓ DÚVIDAS FREQUENTES
• Pronta Entrega: Sim, todos os produtos anunciados estão em estoque físico para envio imediato.
• Frete e Prazo: Calculados automaticamente pelo Mercado Envios digitando seu CEP no anúncio.
• Instalação: Recomendamos que a montagem seja feita por profissional especializado.


🛡️ BUSK Peças — Qualidade, Agilidade & Confiança"
SKU-006-MM-50001;Bico Injetor Monoponto Uno Gol Escort SPI IWM50001;489.9;1;Novo;Magneti Marelli;IWM50001;7078028;6 meses;Garantia do vendedor;"🚗 APLICAÇÃO VEICULAR
Confira os modelos e anos compatíveis:

• Fiat Uno (CS / Mille EP / EX / SX / ELX / 1.5 i.e. / 1.6 i.e.) — Motor 1.0 SPI / 1.5 SPI / 1.6 SPI Fiasa e Sevel Gasolina / Álcool (1994 a 2001)
• Ford Escort (GL / Ghia / Verona) — Motor 1.6 SPI / 1.8 SPI AP Gasolina / Álcool (1994 a 1996)
• Renault Clio (RL / RN) — Motor 1.6 8V SPI (Motor C3L) Gasolina (1996 a 1999)
• Volkswagen Gol (CL / GL / Plus (Quadrado e Bola G2)) — Motor 1.6 SPI / 1.8 SPI AP Gasolina / Álcool (1994 a 1996)


⚠️ ALERTAS DE COMPATIBILIDADE
• Não serve em sistemas multiponto (MPI de 4 bicos injetores).
• Verifique a resistência ôhmica da central de injeção antes da instalação.
• Recomendamos comparar o código gravado na sua peça com os códigos informados abaixo.
• Em caso de dúvidas sobre ano/versão, pergunte no campo abaixo antes de comprar!


⚙️ ESPECIFICAÇÕES TÉCNICAS
• Fabricante: Magneti Marelli
• Código da Peça: IWM50001
• Código Original (OEM): 7078028, 0269060311, 7701380004, 93223680
• Códigos Similares: YMAX 50001, Bosch 0280150698, DPL DPL50001, DS 1101, Short Code 50001
• Voltagem: 12V
• Resistencia Ohmios: Baixa impedância (1.5 a 2.5 Ohms)
• Tipo Injecao: SPI Monoponto (Single Point Injection) com 10 furos de atomização
• Pressao Trabalho Bar: 1.0 a 1.5 bar
• Vazao Estatica Ml Min: 480 a 520 ml/min a 1.0 bar
• Dimensoes Aprox Cm: 7 x 4 x 4
• Peso Gramas: 120
• Padrao Fabricacao: Padrão Original Magneti Marelli Linha Clássica
• Condição: Produto 100% novo, lacrado na embalagem original


📦 CONTEÚDO & GARANTIA
• 01 Bico Injetor Monoponto Magneti Marelli IWM50001 Uno Gol Escort Clio SPI Gasolina Alcool 50001 (Magneti Marelli IWM50001)
• Acompanha Nota Fiscal Eletrônica (PF e PJ)
• Garantia de 6 meses contra defeitos de fabricação


❓ DÚVIDAS FREQUENTES
• Pronta Entrega: Sim, todos os produtos anunciados estão em estoque físico para envio imediato.
• Frete e Prazo: Calculados automaticamente pelo Mercado Envios digitando seu CEP no anúncio.
• Instalação: Recomendamos que a montagem seja feita por profissional especializado.


🛡️ BUSK Peças — Qualidade, Agilidade & Confiança"
SKU-007-VW-04C1333132;Flauta Injetores VW Up Gol Fox Polo 1.0 3cc 04C1333132;249.9;1;Novo;Volkswagen;04C1333132;04C1333132;6 meses;Garantia do vendedor;"🚗 APLICAÇÃO VEICULAR
Confira os modelos e anos compatíveis:

• Volkswagen Fox / Bluemotion (Bluemotion / Connect / Extreme) — Motor 1.0 12V 3 Cilindros EA211 Flex (2014 a 2021)
• Volkswagen Gol (Trendline / Comfortline / Track (G6, G7, G8)) — Motor 1.0 12V 3 Cilindros EA211 Total Flex Flex (2016 a 2023)
• Volkswagen Polo (1.0 MPI) — Motor 1.0 12V 3 Cilindros EA211 MPI Flex (2018 a 2024)
• Volkswagen Up! (Take / Move / High / Cross / Pepper) — Motor 1.0 12V 3 Cilindros EA211 MPI Flex Flex (2014 a 2021)
• Volkswagen Voyage (Trendline / Comfortline) — Motor 1.0 12V 3 Cilindros EA211 Flex (2016 a 2023)


⚠️ ALERTAS DE COMPATIBILIDADE
• Não compatível com motores 1.0 4 Cilindros 8V EA111 (Gol G4/G5 4 cilindros).
• Não compatível com motores 1.0 TSI Turbo com injeção direta de alta pressão (flauta metálica HP).
• Recomendamos comparar o código gravado na sua peça com os códigos informados abaixo.
• Em caso de dúvidas sobre ano/versão, pergunte no campo abaixo antes de comprar!


⚙️ ESPECIFICAÇÕES TÉCNICAS
• Fabricante: Volkswagen
• Código da Peça: 04C1333132
• Código Original (OEM): 04C1333132, 04C133312, 04C133312A, 04C133313
• Códigos Similares: DS 1904C, Magneti Marelli FL04C, VP 04C313
• Material: Tubo estrutural de alta precisão em aço inoxidável / polímero reforçado para 4.2 bar
• Numero Alojamentos Injetores: 3 Saídas (Motor 3 Cilindros 12V EA211)
• Conexao Entrada: Engate rápido tipo Quick-Connect padrão VW
• Pressao Maxima Trabalho: 6.0 bar
• Dimensoes Aprox Cm: 26 x 6 x 5
• Peso Gramas: 280
• Padrao Fabricacao: Peça Genuína Volkswagen Linha de Montagem
• Condição: Produto 100% novo, lacrado na embalagem original


📦 CONTEÚDO & GARANTIA
• 01 Flauta Tubo Distribuidor de Combustivel Original VW Up Gol Fox Polo EA211 1.0 3 Cilindros 04C1333132 (Volkswagen 04C1333132)
• Acompanha Nota Fiscal Eletrônica (PF e PJ)
• Garantia de 6 meses contra defeitos de fabricação


❓ DÚVIDAS FREQUENTES
• Pronta Entrega: Sim, todos os produtos anunciados estão em estoque físico para envio imediato.
• Frete e Prazo: Calculados automaticamente pelo Mercado Envios digitando seu CEP no anúncio.
• Instalação: Recomendamos que a montagem seja feita por profissional especializado.


🛡️ BUSK Peças — Qualidade, Agilidade & Confiança"
SKU-008-BOS-0280730508;Corpo Borboleta TBI Gol Fox Voyage 1.0 1.6 Bosch 0280750508;439.9;1;Novo;Bosch;0280750508;030133062D;12 meses;Garantia do vendedor;"🚗 APLICAÇÃO VEICULAR
Confira os modelos e anos compatíveis:

• Volkswagen Fox (City / Plus / Route / Prime / Highline) — Motor 1.0 8V / 1.6 8V EA111 Flex Flex (2008 a 2015)
• Volkswagen Gol (Trend / Power / Rallye / Seleção (G5, G6)) — Motor 1.0 8V / 1.6 8V EA111 Total Flex (VHT e CCRA) Flex (2008 a 2016)
• Volkswagen Saveiro (Trooper / Cross / Robust / Trendline (G5, G6)) — Motor 1.6 8V EA111 Total Flex Flex (2009 a 2016)
• Volkswagen SpaceFox (Plus / Comfortline / Highline) — Motor 1.6 8V EA111 Flex Flex (2008 a 2015)
• Volkswagen Voyage (Trend / Comfortline / Highline (G5, G6)) — Motor 1.0 8V / 1.6 8V EA111 Total Flex Flex (2008 a 2016)


⚠️ ALERTAS DE COMPATIBILIDADE
• Não compatível com motores 1.0 3 Cilindros 12V EA211 (Up, Fox 3cc, Polo novo).
• Não compatível com motores 1.6 16V MSI EA211.
• Recomendamos comparar o código gravado na sua peça com os códigos informados abaixo.
• Em caso de dúvidas sobre ano/versão, pergunte no campo abaixo antes de comprar!


⚙️ ESPECIFICAÇÕES TÉCNICAS
• Fabricante: Bosch
• Código da Peça: 0280750508
• Código Original (OEM): 030133062D, 030133062, 030133062S
• Códigos Similares: Bosch 0280730508, Bosch 0 280 750 508, Magneti Marelli 44SMF7, VDO A2C59512938
• Voltagem: 12V
• Diametro Borboleta Mm: 44 mm
• Conector: 6 Pinos (Terminais banhados a ouro com sensor Hall de posição TPS)
• Tipo Comando: Drive-by-Wire (Acelerador Eletrônico Total Flex)
• Material: Carcaça fundida em liga de alumínio ALSI9CU3 e engrenagens de polímero com auto-lubrificação
• Dimensoes Aprox Cm: 15 x 13 x 10
• Peso Gramas: 920
• Padrao Fabricacao: Padrão Original Bosch Alemanha / Brasil
• Condição: Produto 100% novo, lacrado na embalagem original


📦 CONTEÚDO & GARANTIA
• 01 Corpo de Borboleta TBI Bosch VW Gol Fox Voyage Saveiro SpaceFox 1.0 1.6 8V EA111 0280750508 (Bosch 0280750508)
• Acompanha Nota Fiscal Eletrônica (PF e PJ)
• Garantia de 12 meses contra defeitos de fabricação


❓ DÚVIDAS FREQUENTES
• Pronta Entrega: Sim, todos os produtos anunciados estão em estoque físico para envio imediato.
• Frete e Prazo: Calculados automaticamente pelo Mercado Envios digitando seu CEP no anúncio.
• Instalação: Recomendamos que a montagem seja feita por profissional especializado.


🛡️ BUSK Peças — Qualidade, Agilidade & Confiança"
SKU-009-MUL-MQ0144;Eletroventilador Golf Audi A3 Fox Polo 345mm MQ0144;319.9;1;Novo;MultiQualita;MQ0144;1J0959455F;6 meses;Garantia do vendedor;"🚗 APLICAÇÃO VEICULAR
Confira os modelos e anos compatíveis:

• Audi A3 (1.6 / 1.8 20V / 1.8T (150cv / 180cv)) — Motor 1.6 8V / 1.8 20V Aspirado e Turbo Gasolina (1999 a 2006)
• Volkswagen Bora (Comfortline / Highline) — Motor 2.0 8V Gasolina / Flex (2000 a 2011)
• Volkswagen Fox / SpaceFox / CrossFox (Plus / Route / Prime / Extreme) — Motor 1.0 8V / 1.6 8V com ar-condicionado Flex (2003 a 2014)
• Volkswagen Golf (G4 / G4.5 (Generation, Sportline, Flash, GTI)) — Motor 1.6 8V / 1.8 20V Turbo / 2.0 8V Gasolina / Flex (1999 a 2013)
• Volkswagen Polo (Hatch / Sedan) — Motor 1.6 8V / 2.0 8V Gasolina / Flex (2002 a 2014)


⚠️ ALERTAS DE COMPATIBILIDADE
• Verifique o diâmetro da hélice: este modelo é o grande de 345mm (o modelo auxiliar menor mede 290mm).
• Não compatível com Golf TSI MK7 (2014 em diante).
• Recomendamos comparar o código gravado na sua peça com os códigos informados abaixo.
• Em caso de dúvidas sobre ano/versão, pergunte no campo abaixo antes de comprar!


⚙️ ESPECIFICAÇÕES TÉCNICAS
• Fabricante: MultiQualita
• Código da Peça: MQ0144
• Código Original (OEM): 1J0959455F, 1J0959455K, 6X0959455F, 6Q0959455A
• Códigos Similares: Gate V2010144, Bosch 0130107289, Valeo 698602, DTA 0144, Klaüs DK60451
• Voltagem: 12V
• Potencia Watts: 250W / 100W (2 Velocidades)
• Diametro Helice Mm: 345 mm
• Numero Pas: 7 Pás Balanceadas Dinamicamente
• Sentido Fluxo: Aspirante (puxa o ar de fora para dentro do radiador)
• Conector: Plugue original 3 pinos (Velocidade 1, Velocidade 2 e Terra)
• Dimensoes Aprox Cm: 36 x 36 x 9
• Peso Gramas: 1850
• Padrao Fabricacao: Padrão Original Grupo VAG (VW / Audi)
• Condição: Produto 100% novo, lacrado na embalagem original


📦 CONTEÚDO & GARANTIA
• 01 Eletroventilador Ventoinha Radiador Audi A3 Golf Bora Fox Polo 12V 345mm 7 Pas MultiQualita MQ0144 (MultiQualita MQ0144)
• Acompanha Nota Fiscal Eletrônica (PF e PJ)
• Garantia de 6 meses contra defeitos de fabricação


❓ DÚVIDAS FREQUENTES
• Pronta Entrega: Sim, todos os produtos anunciados estão em estoque físico para envio imediato.
• Frete e Prazo: Calculados automaticamente pelo Mercado Envios digitando seu CEP no anúncio.
• Instalação: Recomendamos que a montagem seja feita por profissional especializado.


🛡️ BUSK Peças — Qualidade, Agilidade & Confiança"
SKU-010-MOP-68203986AA;Suporte Modulo Painel Jeep Renegade Toro 68203986AA;439.9;1;Novo;Fiat / Mopar;68203986AA;68203986AA;12 meses;Garantia do vendedor;"🚗 APLICAÇÃO VEICULAR
Confira os modelos e anos compatíveis:

• Fiat Toro (Freedom / Volcano / Ranch / Ultra / Endurance) — Motor 1.8 Flex / 2.4 Tigershark / 2.0 Diesel / 1.3 T270 Flex / Diesel (2016 a 2023)
• Jeep Compass (Sport / Longitude / Limited / Trailhawk / Série S) — Motor 2.0 Flex / 2.0 Diesel 4x4 / 1.3 T270 Flex / Diesel (2017 a 2023)
• Jeep Renegade (Sport / Longitude / Limited / Trailhawk / Night Eagle) — Motor 1.8 Flex / 2.0 Turbo Diesel 4x4 / 1.3 Turbo 270 Flex / Diesel (2015 a 2023)


⚠️ ALERTAS DE COMPATIBILIDADE
• Verificar compatibilidade com o número do chassi em caso de versões com blindagem de fábrica.
• Recomendamos comparar o código gravado na sua peça com os códigos informados abaixo.
• Em caso de dúvidas sobre ano/versão, pergunte no campo abaixo antes de comprar!


⚙️ ESPECIFICAÇÕES TÉCNICAS
• Fabricante: Fiat / Mopar
• Código da Peça: 68203986AA
• Código Original (OEM): 68203986AA, 68203986AB, 52059432
• Códigos Similares: Mopar 68203986AA, Chrysler 68203986AA
• Material: Aço estrutural estampado de alta resistência com tratamento anticorrosivo eletroforético e buchas de polímero
• Pontos Fixacao: Furação e roscas originais de fábrica para ancoragem no chassi estrutural do tablier
• Peso Gramas: 650
• Dimensoes Aprox Cm: 24 x 16 x 8
• Padrao Fabricacao: Padrão Genuíno Mopar Stellantis
• Condição: Produto 100% novo, lacrado na embalagem original


📦 CONTEÚDO & GARANTIA
• 01 Suporte e Modulo de Fixacao Painel Original Mopar Jeep Renegade Compass Fiat Toro 68203986AA (Fiat / Mopar 68203986AA)
• Acompanha Nota Fiscal Eletrônica (PF e PJ)
• Garantia de 12 meses contra defeitos de fabricação


❓ DÚVIDAS FREQUENTES
• Pronta Entrega: Sim, todos os produtos anunciados estão em estoque físico para envio imediato.
• Frete e Prazo: Calculados automaticamente pelo Mercado Envios digitando seu CEP no anúncio.
• Instalação: Recomendamos que a montagem seja feita por profissional especializado.


🛡️ BUSK Peças — Qualidade, Agilidade & Confiança"
SKU-011-KLA-DK600053;Eletroventilador Corsa Classic Celta c/ Ar DK600053;359.9;1;Novo;Klaüs Drift;DK600053;93337584;6 meses;Garantia do vendedor;"🚗 APLICAÇÃO VEICULAR
Confira os modelos e anos compatíveis:

• Chevrolet Celta (Life / Spirit / Super / LT) — Motor 1.0 8V / 1.4 8V com Ar Condicionado Gasolina / Flex (2001 a 2015)
• Chevrolet Corsa Classic / Classic (Life / Spirit / Super / VHC / VHCE) — Motor 1.0 8V / 1.6 8V com Ar Condicionado Gasolina / Flex (2000 a 2016)
• Chevrolet Prisma (Joy / Maxx) — Motor 1.4 8V Econoflex / 1.0 Flex com Ar Condicionado Flex (2007 a 2012)


⚠️ ALERTAS DE COMPATIBILIDADE
• Não compatível com Novo Corsa (Frente Montana) 2002 a 2012 (utiliza ventoinha maior).
• Não compatível com modelos sem ar condicionado (que utilizam motor de menor potência).
• Recomendamos comparar o código gravado na sua peça com os códigos informados abaixo.
• Em caso de dúvidas sobre ano/versão, pergunte no campo abaixo antes de comprar!


⚙️ ESPECIFICAÇÕES TÉCNICAS
• Fabricante: Klaüs Drift
• Código da Peça: DK600053
• Código Original (OEM): 93337584, 93382148, 93277989
• Códigos Similares: Gate V2010053, Bosch 0130109153, Valeo 698653, MultiQualita MQ0153
• Voltagem: 12V
• Potencia Watts: 220W
• Diametro Helice Mm: 310 mm
• Numero Pas: 6 Pás Curvas Aerodinâmicas
• Conector: 2 Pinos com trava rápida
• Sentido Fluxo: Aspirante
• Dimensoes Aprox Cm: 33 x 33 x 9
• Peso Gramas: 1650
• Padrao Fabricacao: Padrão Original Linha GM
• Condição: Produto 100% novo, lacrado na embalagem original


📦 CONTEÚDO & GARANTIA
• 01 Eletroventilador Radiador Chevrolet Corsa Classic Celta Prisma com Ar Condicionado Klaus Drift DK600053 (Klaüs Drift DK600053)
• Acompanha Nota Fiscal Eletrônica (PF e PJ)
• Garantia de 6 meses contra defeitos de fabricação


❓ DÚVIDAS FREQUENTES
• Pronta Entrega: Sim, todos os produtos anunciados estão em estoque físico para envio imediato.
• Frete e Prazo: Calculados automaticamente pelo Mercado Envios digitando seu CEP no anúncio.
• Instalação: Recomendamos que a montagem seja feita por profissional especializado.


🛡️ BUSK Peças — Qualidade, Agilidade & Confiança"
SKU-012-KLA-DK609242;Eletroventilador GM Classic 1.0 VHCE c/ Ar DK609242;539.9;1;Novo;Klaüs Drift;DK609242;94722520;6 meses;Garantia do vendedor;"🚗 APLICAÇÃO VEICULAR
Confira os modelos e anos compatíveis:

• Chevrolet Celta (LT / Advantage) — Motor 1.0 8V VHCE com Ar Condicionado Flex (2010 a 2015)
• Chevrolet Classic (LS / Advantage) — Motor 1.0 8V VHCE Flexpower com Ar Condicionado Flex (2010 a 2016)


⚠️ ALERTAS DE COMPATIBILIDADE
• Verifique o conector: modelo específico para a linha GM 2010 em diante (código OEM 94722520).
• Recomendamos comparar o código gravado na sua peça com os códigos informados abaixo.
• Em caso de dúvidas sobre ano/versão, pergunte no campo abaixo antes de comprar!


⚙️ ESPECIFICAÇÕES TÉCNICAS
• Fabricante: Klaüs Drift
• Código da Peça: DK609242
• Código Original (OEM): 94722520, 94733311, 94759600
• Códigos Similares: Gate V2019242, Bosch 0130109242, MultiQualita MQ0242
• Voltagem: 12V
• Potencia Watts: 240W
• Diametro Helice Mm: 315 mm
• Numero Pas: 7 Pás
• Conector: 2 Pinos com vedação automotiva IP67
• Sentido Fluxo: Aspirante
• Dimensoes Aprox Cm: 34 x 34 x 10
• Peso Gramas: 1780
• Padrao Fabricacao: Padrão Original Linha GM VHCE
• Condição: Produto 100% novo, lacrado na embalagem original


📦 CONTEÚDO & GARANTIA
• 01 Eletroventilador Ventoinha Radiador Chevrolet Classic 1.0 VHCE com Ar Condicionado Klaus Drift DK609242 (Klaüs Drift DK609242)
• Acompanha Nota Fiscal Eletrônica (PF e PJ)
• Garantia de 6 meses contra defeitos de fabricação


❓ DÚVIDAS FREQUENTES
• Pronta Entrega: Sim, todos os produtos anunciados estão em estoque físico para envio imediato.
• Frete e Prazo: Calculados automaticamente pelo Mercado Envios digitando seu CEP no anúncio.
• Instalação: Recomendamos que a montagem seja feita por profissional especializado.


🛡️ BUSK Peças — Qualidade, Agilidade & Confiança"
SKU-013-KLA-DK60451;Eletroventilador Fox Polo Golf Corolla 290mm DK60451;419.9;1;Novo;Klaüs Drift;DK60451;6Q0959455Q;6 meses;Garantia do vendedor;"🚗 APLICAÇÃO VEICULAR
Confira os modelos e anos compatíveis:

• Audi A3 (1.6 / 1.8 / 1.8 Turbo (8L)) — Motor 1.6 / 1.8 / 1.8T Gasolina (1999 a 2006)
• Toyota Corolla (XLi / XEi / SEG / Fielder) — Motor 1.6 16V / 1.8 16V VVT-i Gasolina / Flex (2003 a 2008)
• Volkswagen Fox / SpaceFox / CrossFox (City / Plus / Route / Prime) — Motor 1.0 8V / 1.6 8V Flex com Ar Condicionado Flex (2003 a 2014)
• Volkswagen Golf (G4 / G4.5) — Motor 1.6 / 2.0 / 1.8T Gasolina / Flex (1999 a 2013)
• Volkswagen Polo (Hatch / Sedan) — Motor 1.6 8V / 2.0 8V com Ar Condicionado Gasolina / Flex (2002 a 2014)


⚠️ ALERTAS DE COMPATIBILIDADE
• Este modelo possui hélice de 290mm (auxiliar). Não confunda com o modelo principal de 345mm.
• Recomendamos comparar o código gravado na sua peça com os códigos informados abaixo.
• Em caso de dúvidas sobre ano/versão, pergunte no campo abaixo antes de comprar!


⚙️ ESPECIFICAÇÕES TÉCNICAS
• Fabricante: Klaüs Drift
• Código da Peça: DK60451
• Código Original (OEM): 6Q0959455Q, 6Q0959455K, 6X0959455F, 16363-0D040
• Códigos Similares: Gate V2010451, Bosch 0130107290, MultiQualita MQ0144, DTA 0451
• Voltagem: 12V
• Potencia Watts: 180W / 80W (2 Velocidades)
• Diametro Helice Mm: 290 mm
• Numero Pas: 7 Pás Balanceadas
• Conector: 2 / 3 Pinos (Terminais de encaixe rápido)
• Sentido Fluxo: Aspirante
• Dimensoes Aprox Cm: 31 x 31 x 8.5
• Peso Gramas: 1520
• Padrao Fabricacao: Padrão Original Grupo VAG e Toyota
• Condição: Produto 100% novo, lacrado na embalagem original


📦 CONTEÚDO & GARANTIA
• 01 Eletroventilador Ventoinha Auxiliar Radiador VW Fox Polo Golf Audi A3 Corolla Klaus Drift DK60451 (Klaüs Drift DK60451)
• Acompanha Nota Fiscal Eletrônica (PF e PJ)
• Garantia de 6 meses contra defeitos de fabricação


❓ DÚVIDAS FREQUENTES
• Pronta Entrega: Sim, todos os produtos anunciados estão em estoque físico para envio imediato.
• Frete e Prazo: Calculados automaticamente pelo Mercado Envios digitando seu CEP no anúncio.
• Instalação: Recomendamos que a montagem seja feita por profissional especializado.


🛡️ BUSK Peças — Qualidade, Agilidade & Confiança"
SKU-014-AUT-AVL01006;Valvula VVT Solenoide HB20 Creta Cerato 1.6 AVL01006;349.9;1;Novo;Authomix;AVL01006;24355-03011;6 meses;Garantia do vendedor;"🚗 APLICAÇÃO VEICULAR
Confira os modelos e anos compatíveis:

• Hyundai Creta (Attitude / Pulse / Prestige) — Motor 1.6 16V Gamma DOHC CVVT Flex (2016 a 2021)
• Hyundai HB20 / HB20S / HB20X (Comfort / Plus / Premium / R-Spec / Diamond) — Motor 1.0 12V 3 Cilindros Kappa / 1.6 16V Gamma DOHC CVVT Flex (2012 a 2019)
• Kia Cerato (EX / SX) — Motor 1.6 16V Gamma CVVT Gasolina / Flex (2009 a 2019)
• Kia Soul (EX) — Motor 1.6 16V Gamma CVVT Gasolina / Flex (2010 a 2019)


⚠️ ALERTAS DE COMPATIBILIDADE
• Recomenda-se realizar a troca de óleo e filtro do motor junto com a instalação da válvula VVT nova.
• Não compatível com motores Hyundai 2.0 Nu (Creta/ix35 2.0).
• Recomendamos comparar o código gravado na sua peça com os códigos informados abaixo.
• Em caso de dúvidas sobre ano/versão, pergunte no campo abaixo antes de comprar!


⚙️ ESPECIFICAÇÕES TÉCNICAS
• Fabricante: Authomix
• Código da Peça: AVL01006
• Código Original (OEM): 24355-03011, 24355-2B700, 24355-04000, 24355-2B600
• Códigos Similares: DS 2101, Gauss GS7006, Magneti Marelli VVT006, DPL DPL24355
• Voltagem: 12V
• Conector: 2 Pinos padrão original Hyundai/Kia
• Material: Corpo em aço usinado de precisão com carretel interno em liga micro-polida e bobina eletromagnética blindada
• Filtro: Micro-tela metálica integrada contra micro-impurezas do óleo do motor
• Dimensoes Aprox Cm: 12 x 5 x 4
• Peso Gramas: 210
• Padrao Fabricacao: Padrão de Precisão Hidráulica OEM Hyundai/Kia Motors
• Condição: Produto 100% novo, lacrado na embalagem original


📦 CONTEÚDO & GARANTIA
• 01 Valvula Solenoide VVT de Comando Variavel Hyundai HB20 Creta Kia Cerato Soul 1.0 1.6 16V Authomix AVL01006 (Authomix AVL01006)
• Acompanha Nota Fiscal Eletrônica (PF e PJ)
• Garantia de 6 meses contra defeitos de fabricação


❓ DÚVIDAS FREQUENTES
• Pronta Entrega: Sim, todos os produtos anunciados estão em estoque físico para envio imediato.
• Frete e Prazo: Calculados automaticamente pelo Mercado Envios digitando seu CEP no anúncio.
• Instalação: Recomendamos que a montagem seja feita por profissional especializado.


🛡️ BUSK Peças — Qualidade, Agilidade & Confiança"
SKU-015-BOS-0221504045;Bobina Ignicao Fiat Toro Argo Renegade 1.8 0221504045;289.9;1;Novo;Bosch;0221504045;55273432;12 meses;Garantia do vendedor;"🚗 APLICAÇÃO VEICULAR
Confira os modelos e anos compatíveis:

• Fiat Argo (Precision / HGT / Trekking) — Motor 1.8 16V E.torQ EVO Flex Flex (2017 a 2021)
• Fiat Cronos (Precision / HGT) — Motor 1.8 16V E.torQ EVO Flex Flex (2018 a 2021)
• Fiat Toro (Freedom / Opening Edition / Endurance) — Motor 1.8 16V E.torQ EVO Flex Flex (2016 a 2022)
• Jeep Renegade (Sport / Longitude / Limited / Night Eagle) — Motor 1.8 16V E.torQ EVO Flex Flex (2015 a 2021)


⚠️ ALERTAS DE COMPATIBILIDADE
• Não compatível com motores 1.0 e 1.3 Firefly.
• Não compatível com motores 1.6 e 1.8 E.torQ de 1ª geração (2010 a 2015 que utilizam bobina única de 4 saídas com cabos de vela).
• Recomendamos comparar o código gravado na sua peça com os códigos informados abaixo.
• Em caso de dúvidas sobre ano/versão, pergunte no campo abaixo antes de comprar!


⚙️ ESPECIFICAÇÕES TÉCNICAS
• Fabricante: Bosch
• Código da Peça: 0221504045
• Código Original (OEM): 55273432, 55246721, 68334460AA
• Códigos Similares: Bosch 0 221 504 045, Mopar 55273432, Magneti Marelli BI0080MM, Delphi GN10451, NGK U5045
• Voltagem: 12V
• Tensao Secundario Kv: 35 kV (Alta energia de centelha)
• Tipo Bobina: Individual tipo caneta / lápis (Coil-on-Plug - 1 bobina por cilindro)
• Conector: 3 Pinos (Alimentação, Pulso do Módulo e Terra)
• Material: Corpo moldado em resina epóxi de alta rigidez dielétrica e cachimbo em silicone isolante térmico
• Dimensoes Aprox Cm: 18 x 7 x 4
• Peso Gramas: 240
• Padrao Fabricacao: Padrão Genuíno Bosch / Stellantis
• Condição: Produto 100% novo, lacrado na embalagem original


📦 CONTEÚDO & GARANTIA
• 01 Bobina de Ignicao Bosch Fiat Toro Argo Cronos Jeep Renegade 1.8 16V E.torQ 0221504045 (Bosch 0221504045)
• Acompanha Nota Fiscal Eletrônica (PF e PJ)
• Garantia de 12 meses contra defeitos de fabricação


❓ DÚVIDAS FREQUENTES
• Pronta Entrega: Sim, todos os produtos anunciados estão em estoque físico para envio imediato.
• Frete e Prazo: Calculados automaticamente pelo Mercado Envios digitando seu CEP no anúncio.
• Instalação: Recomendamos que a montagem seja feita por profissional especializado.


🛡️ BUSK Peças — Qualidade, Agilidade & Confiança"
SKU-016-KOS-1272020;Chave Limpador Fox Gol G5 c/ Desembacador Kostal 1272020;245.9;1;Novo;Kostal;1272020;5Z0953503B;6 meses;Garantia do vendedor;"🚗 APLICAÇÃO VEICULAR
Confira os modelos e anos compatíveis:

• Volkswagen Fox / CrossFox / SpaceFox / SpaceCross (City / Plus / Route / Prime / Highline) — Motor 1.0 8V / 1.6 8V Flex Gasolina / Flex (2003 a 2014)
• Volkswagen Gol (Trend / Power / Rallye (G5 e G6)) — Motor 1.0 8V / 1.6 8V Flex (2009 a 2016)


⚠️ ALERTAS DE COMPATIBILIDADE
• Não serve em modelos sem limpador traseiro.
• Não serve em Fox / Gol equipados com computador de bordo I-System na ponta da alavanca (Trip).
• Recomendamos comparar o código gravado na sua peça com os códigos informados abaixo.
• Em caso de dúvidas sobre ano/versão, pergunte no campo abaixo antes de comprar!


⚙️ ESPECIFICAÇÕES TÉCNICAS
• Fabricante: Kostal
• Código da Peça: 1272020
• Código Original (OEM): 5Z0953503B, 5Z0953503, 5Z0953503A
• Códigos Similares: Marília IM12720, Diretec DTC1272, Ospina 042272
• Voltagem: 12V
• Conector: Conector original VW de encaixe na carcaça da chave de coluna
• Funcoes Integradas: Limpador dianteiro com 2 velocidades e temporizador ajustável, Lavador do para-brisa dianteiro (esguicho), Limpador do vidro traseiro, Lavador do vidro traseiro, Interruptor do desembaçador do vidro traseiro
• Material: Termoplástico de alta resistência e contatos em liga de prata
• Dimensoes Aprox Cm: 20 x 8 x 6
• Peso Gramas: 210
• Padrao Fabricacao: Padrão Original Kostal / Linha de Montagem VW
• Condição: Produto 100% novo, lacrado na embalagem original


📦 CONTEÚDO & GARANTIA
• 01 Chave do Limpador de Parabrisa Traseiro e Dianteiro com Desembacador Kostal VW Fox CrossFox SpaceFox Gol G5 G6 1272020 (Kostal 1272020)
• Acompanha Nota Fiscal Eletrônica (PF e PJ)
• Garantia de 6 meses contra defeitos de fabricação


❓ DÚVIDAS FREQUENTES
• Pronta Entrega: Sim, todos os produtos anunciados estão em estoque físico para envio imediato.
• Frete e Prazo: Calculados automaticamente pelo Mercado Envios digitando seu CEP no anúncio.
• Instalação: Recomendamos que a montagem seja feita por profissional especializado.


🛡️ BUSK Peças — Qualidade, Agilidade & Confiança"
SKU-017-KOS-1819452;Chave Seta VW Gol Parati Voyage Quadrado Kostal 1819452;189.9;1;Novo;Kostal;1819452;32195351305;6 meses;Garantia do vendedor;"🚗 APLICAÇÃO VEICULAR
Confira os modelos e anos compatíveis:

• Volkswagen Gol (Quadrado) (CL / GL / GTS / GTI / Star / Copa / 1000) — Motor 1.0 / 1.6 / 1.8 / 2.0 AP e CHT Gasolina / Álcool (1988 a 1996)
• Volkswagen Parati (Quadrada) (CL / GL / GLS / Surf / Club) — Motor 1.6 / 1.8 AP Gasolina / Álcool (1988 a 1996)
• Volkswagen Santana / Quantum (CS / CD / CG / GLS / GL) — Motor 1.8 / 2.0 AP Gasolina / Álcool (1984 a 1992)
• Volkswagen Saveiro (Quadrada) (CL / GL / Sunset / Summer) — Motor 1.6 / 1.8 AP Gasolina / Álcool (1988 a 1997)
• Volkswagen Voyage (Quadrado) (CL / GL / GLS / Sport) — Motor 1.6 / 1.8 AP Gasolina / Álcool (1988 a 1995)


⚠️ ALERTAS DE COMPATIBILIDADE
• Não serve em Fusca, Brasília e Variant (utilizam chave com carcaça redonda de ferro).
• Recomendamos comparar o código gravado na sua peça com os códigos informados abaixo.
• Em caso de dúvidas sobre ano/versão, pergunte no campo abaixo antes de comprar!


⚙️ ESPECIFICAÇÕES TÉCNICAS
• Fabricante: Kostal
• Código da Peça: 1819452
• Código Original (OEM): 32195351305, 321953513B, ZBA953513
• Códigos Similares: Marília IM12080, Diretec DTC1080, Ospina 042080
• Voltagem: 12V
• Funcoes Integradas: Comando de seta direita e esquerda, Retorno automático do pisca ao desesterçar o volante, Comutação de farol alto e farol baixo, Lampejador de farol (relâmpago)
• Conector: Terminais espada padrão chicote original VW clássico
• Dimensoes Aprox Cm: 19 x 7 x 6
• Peso Gramas: 190
• Padrao Fabricacao: Padrão Original Kostal Linha Clássicos VW
• Condição: Produto 100% novo, lacrado na embalagem original


📦 CONTEÚDO & GARANTIA
• 01 Chave de Seta VW Gol Parati Voyage Saveiro Quadrado Santana Quantum Kostal 1819452 (Kostal 1819452)
• Acompanha Nota Fiscal Eletrônica (PF e PJ)
• Garantia de 6 meses contra defeitos de fabricação


❓ DÚVIDAS FREQUENTES
• Pronta Entrega: Sim, todos os produtos anunciados estão em estoque físico para envio imediato.
• Frete e Prazo: Calculados automaticamente pelo Mercado Envios digitando seu CEP no anúncio.
• Instalação: Recomendamos que a montagem seja feita por profissional especializado.


🛡️ BUSK Peças — Qualidade, Agilidade & Confiança"
SKU-018-KOS-1473615;Chave Seta Palio Siena Strada c/ Trip Kostal 1473615;579.9;1;Novo;Kostal;1473615;100185357;6 meses;Garantia do vendedor;"🚗 APLICAÇÃO VEICULAR
Confira os modelos e anos compatíveis:

• Fiat Palio (ELX / Attractive / Essence / Sporting (G3 e G4)) — Motor 1.0 / 1.4 / 1.8 8V Flex Flex (2008 a 2012)
• Fiat Palio Weekend (ELX / Trekking / Adventure Locker) — Motor 1.4 / 1.8 8V Flex / 1.6 16V E.torQ Flex (2009 a 2012)
• Fiat Siena (EL / ELX / HLX / Tetrafuel) — Motor 1.0 / 1.4 / 1.8 Flex / GNV (2008 a 2012)
• Fiat Strada (Trekking / Adventure Locker / Working) — Motor 1.4 / 1.8 8V Flex Flex (2009 a 2013)


⚠️ ALERTAS DE COMPATIBILIDADE
• Não serve em veículos com bolsa de airbag integrada no corpo da chave sem o devido transplante da cinta.
• Recomendamos comparar o código gravado na sua peça com os códigos informados abaixo.
• Em caso de dúvidas sobre ano/versão, pergunte no campo abaixo antes de comprar!


⚙️ ESPECIFICAÇÕES TÉCNICAS
• Fabricante: Kostal
• Código da Peça: 1473615
• Código Original (OEM): 100185357, 100190819, 100171245
• Códigos Similares: Marília IM12615, Diretec DTC1215, Ospina 042615
• Voltagem: 12V
• Funcoes Integradas: Comando de seta e farol alto/baixo com Follow Me Home, Limpador dianteiro com temporizador, Limpador e lavador do vidro traseiro, Interruptor do desembaçador térmico do vidro traseiro, Botão de comando do computador de bordo TRIP na ponta da alavanca, Interruptor de emergência (pisca-alerta integrado)
• Material: Carcaça em poliamida 6.6 com reforço de fibra e contatos em prata nobre
• Dimensoes Aprox Cm: 26 x 15 x 10
• Peso Gramas: 440
• Padrao Fabricacao: Original Kostal Linha Fiat
• Condição: Produto 100% novo, lacrado na embalagem original


📦 CONTEÚDO & GARANTIA
• 01 Chave de Seta Fiat Palio Siena Strada Weekend com Trip e Desembacador Kostal 1473615 (Kostal 1473615)
• Acompanha Nota Fiscal Eletrônica (PF e PJ)
• Garantia de 6 meses contra defeitos de fabricação


❓ DÚVIDAS FREQUENTES
• Pronta Entrega: Sim, todos os produtos anunciados estão em estoque físico para envio imediato.
• Frete e Prazo: Calculados automaticamente pelo Mercado Envios digitando seu CEP no anúncio.
• Instalação: Recomendamos que a montagem seja feita por profissional especializado.


🛡️ BUSK Peças — Qualidade, Agilidade & Confiança"
SKU-019-KOS-1405200;Chave Seta Fiat Uno Mille Elba c/ Traseiro Kostal 1405200;389.9;1;Novo;Kostal;1405200;182547180;6 meses;Garantia do vendedor;"🚗 APLICAÇÃO VEICULAR
Confira os modelos e anos compatíveis:

• Fiat Elba (CS / CSL / Top / Innocenti) — Motor 1.5 / 1.6 Gasolina / Álcool (1991 a 1996)
• Fiat Uno / Uno Mille (S / CS / SX / ELX / EP / EX / Smart / Eletronic) — Motor 1.0 / 1.3 / 1.5 / 1.6 Fiasa e Sevel Gasolina / Álcool (1991 a 2001)


⚠️ ALERTAS DE COMPATIBILIDADE
• Não serve em Uno sem limpador traseiro (utilizar Kostal 1405100 ou 1450065).
• Não serve em Novo Uno (Vivace / Way 2010 em diante).
• Recomendamos comparar o código gravado na sua peça com os códigos informados abaixo.
• Em caso de dúvidas sobre ano/versão, pergunte no campo abaixo antes de comprar!


⚙️ ESPECIFICAÇÕES TÉCNICAS
• Fabricante: Kostal
• Código da Peça: 1405200
• Código Original (OEM): 182547180, 7521876, 7521877
• Códigos Similares: Marília IM12090, Diretec DTC1090, Ospina 042090
• Voltagem: 12V
• Funcoes Integradas: Comando de seta com retorno automático, Comutador de farol alto, baixo e lampejador, Limpador do para-brisa dianteiro com 2 velocidades e temporizador, Limpador e lavador do vidro traseiro, Interruptor de emergência (pisca-alerta na coluna)
• Material: Polímero de engenharia com terminais em latão estanhado
• Dimensoes Aprox Cm: 24 x 14 x 9
• Peso Gramas: 360
• Padrao Fabricacao: Original Kostal Linha Fiat Clássica
• Condição: Produto 100% novo, lacrado na embalagem original


📦 CONTEÚDO & GARANTIA
• 01 Chave de Seta Fiat Uno Mille Elba com Limpador Traseiro Kostal 1405200 (Kostal 1405200)
• Acompanha Nota Fiscal Eletrônica (PF e PJ)
• Garantia de 6 meses contra defeitos de fabricação


❓ DÚVIDAS FREQUENTES
• Pronta Entrega: Sim, todos os produtos anunciados estão em estoque físico para envio imediato.
• Frete e Prazo: Calculados automaticamente pelo Mercado Envios digitando seu CEP no anúncio.
• Instalação: Recomendamos que a montagem seja feita por profissional especializado.


🛡️ BUSK Peças — Qualidade, Agilidade & Confiança"
SKU-020-KOS-1450065;Chave Seta Fiat Uno Mille Fire Fiorino Kostal 1450065;389.9;1;Novo;Kostal;1450065;119142560;6 meses;Garantia do vendedor;"🚗 APLICAÇÃO VEICULAR
Confira os modelos e anos compatíveis:

• Fiat Fiorino (Furgão / Pick-up / Fire) — Motor 1.3 8V Fire / 1.5 Fiasa Gasolina / Flex (1996 a 2013)
• Fiat Uno / Uno Mille (Fire / Fire Flex / Economy / Way) — Motor 1.0 8V Fire Flex Gasolina / Flex (2002 a 2013)


⚠️ ALERTAS DE COMPATIBILIDADE
• Não serve em versões que possuem limpador e lavador no vidro traseiro.
• Recomendamos comparar o código gravado na sua peça com os códigos informados abaixo.
• Em caso de dúvidas sobre ano/versão, pergunte no campo abaixo antes de comprar!


⚙️ ESPECIFICAÇÕES TÉCNICAS
• Fabricante: Kostal
• Código da Peça: 1450065
• Código Original (OEM): 119142560, 7082898, 46535384
• Códigos Similares: Marília IM12095, Diretec DTC1095, Ospina 042095
• Voltagem: 12V
• Funcoes Integradas: Comando de seta com retorno automático, Farol alto, farol baixo e lampejador, Limpador de para-brisa dianteiro com temporizador, Botão de pisca-alerta (emergência) no topo da carcaça, SEM comando de limpador traseiro
• Material: Termoplástico de alta durabilidade com terminais reforçados
• Dimensoes Aprox Cm: 24 x 14 x 9
• Peso Gramas: 350
• Padrao Fabricacao: Original Kostal Linha Fiat Fire
• Condição: Produto 100% novo, lacrado na embalagem original


📦 CONTEÚDO & GARANTIA
• 01 Chave de Seta Fiat Uno Mille Fire Economy Fiorino sem Limpador Traseiro Kostal 1450065 (Kostal 1450065)
• Acompanha Nota Fiscal Eletrônica (PF e PJ)
• Garantia de 6 meses contra defeitos de fabricação


❓ DÚVIDAS FREQUENTES
• Pronta Entrega: Sim, todos os produtos anunciados estão em estoque físico para envio imediato.
• Frete e Prazo: Calculados automaticamente pelo Mercado Envios digitando seu CEP no anúncio.
• Instalação: Recomendamos que a montagem seja feita por profissional especializado.


🛡️ BUSK Peças — Qualidade, Agilidade & Confiança"
SKU-021-KOS-1450025;Chave Seta Palio Siena Strada s/ Traseiro Kostal 1450025;347.9;1;Novo;Kostal;1450025;182601780;6 meses;Garantia do vendedor;"🚗 APLICAÇÃO VEICULAR
Confira os modelos e anos compatíveis:

• Fiat Palio (Young / ED / EDX / EL / Fire (G1 e G2)) — Motor 1.0 / 1.3 / 1.5 / 1.6 8V e 16V Gasolina / Álcool / Flex (1996 a 2006)
• Fiat Siena (EL / HL / ELX / Fire (G1 e G2)) — Motor 1.0 / 1.3 / 1.5 / 1.6 Gasolina / Álcool / Flex (1997 a 2006)
• Fiat Strada (Working / Trekking / Fire) — Motor 1.3 / 1.5 / 1.6 / 1.8 Gasolina / Flex (1998 a 2006)


⚠️ ALERTAS DE COMPATIBILIDADE
• Não serve em modelos com limpador traseiro.
• Recomendamos comparar o código gravado na sua peça com os códigos informados abaixo.
• Em caso de dúvidas sobre ano/versão, pergunte no campo abaixo antes de comprar!


⚙️ ESPECIFICAÇÕES TÉCNICAS
• Fabricante: Kostal
• Código da Peça: 1450025
• Código Original (OEM): 182601780, 182743880, 735272635
• Códigos Similares: Marília IM12025, Diretec DTC1025, Ospina 042025
• Voltagem: 12V
• Funcoes Integradas: Comando de seta com retorno automático, Comutação farol alto/baixo e lampejo, Limpador de para-brisa dianteiro com temporizador, Pisca-alerta integrado, SEM limpador traseiro
• Dimensoes Aprox Cm: 25 x 14 x 9
• Peso Gramas: 370
• Padrao Fabricacao: Padrão Original Kostal Fiat
• Condição: Produto 100% novo, lacrado na embalagem original


📦 CONTEÚDO & GARANTIA
• 01 Chave de Seta Fiat Palio Siena Strada sem Limpador Traseiro Kostal 1450025 (Kostal 1450025)
• Acompanha Nota Fiscal Eletrônica (PF e PJ)
• Garantia de 6 meses contra defeitos de fabricação


❓ DÚVIDAS FREQUENTES
• Pronta Entrega: Sim, todos os produtos anunciados estão em estoque físico para envio imediato.
• Frete e Prazo: Calculados automaticamente pelo Mercado Envios digitando seu CEP no anúncio.
• Instalação: Recomendamos que a montagem seja feita por profissional especializado.


🛡️ BUSK Peças — Qualidade, Agilidade & Confiança"
SKU-022-KOS-1405100;Chave Seta Uno Premio Fiorino Fiasa Kostal 1405100;409.9;1;Novo;Kostal;1405100;182547080;6 meses;Garantia do vendedor;"🚗 APLICAÇÃO VEICULAR
Confira os modelos e anos compatíveis:

• Fiat Fiorino (Furgão / Pick-up / LX / Trekking) — Motor 1.5 / 1.6 Fiasa e Sevel Gasolina / Álcool (1994 a 2004)
• Fiat Prêmio (CS / CSL / S / SL) — Motor 1.3 / 1.5 / 1.6 Gasolina / Álcool (1994 a 1996)
• Fiat Uno / Uno Mille (S / CS / SX / Brio / Eletronic / ELX) — Motor 1.0 / 1.3 / 1.5 Fiasa Gasolina / Álcool (1994 a 2004)


⚠️ ALERTAS DE COMPATIBILIDADE
• Não serve em veículos com limpador traseiro.
• Recomendamos comparar o código gravado na sua peça com os códigos informados abaixo.
• Em caso de dúvidas sobre ano/versão, pergunte no campo abaixo antes de comprar!


⚙️ ESPECIFICAÇÕES TÉCNICAS
• Fabricante: Kostal
• Código da Peça: 1405100
• Código Original (OEM): 182547080, 7521875
• Códigos Similares: Marília IM12091, Diretec DTC1091, Ospina 042091
• Voltagem: 12V
• Funcoes Integradas: Comando de seta com retorno automático, Farol alto/baixo e lampejador, Limpador dianteiro com 2 velocidades e temporizador, Pisca-alerta na coluna, SEM limpador traseiro
• Dimensoes Aprox Cm: 24 x 14 x 9
• Peso Gramas: 345
• Padrao Fabricacao: Padrão Original Kostal Fiat
• Condição: Produto 100% novo, lacrado na embalagem original


📦 CONTEÚDO & GARANTIA
• 01 Chave de Seta Fiat Uno Elba Premio Fiorino sem Limpador Traseiro Kostal 1405100 (Kostal 1405100)
• Acompanha Nota Fiscal Eletrônica (PF e PJ)
• Garantia de 6 meses contra defeitos de fabricação


❓ DÚVIDAS FREQUENTES
• Pronta Entrega: Sim, todos os produtos anunciados estão em estoque físico para envio imediato.
• Frete e Prazo: Calculados automaticamente pelo Mercado Envios digitando seu CEP no anúncio.
• Instalação: Recomendamos que a montagem seja feita por profissional especializado.


🛡️ BUSK Peças — Qualidade, Agilidade & Confiança"
SKU-023-KOS-1473405;Chave Seta Doblo Idea Palio c/ Trip Kostal 1473405;699.9;1;Novo;Kostal;1473405;100164287;6 meses;Garantia do vendedor;"🚗 APLICAÇÃO VEICULAR
Confira os modelos e anos compatíveis:

• Fiat Doblò (EX / ELX / HLX / Adventure / Cargo) — Motor 1.3 16V / 1.4 8V Fire / 1.8 8V Powertrain / 1.8 16V E.torQ Gasolina / Flex (2002 a 2016)
• Fiat Idea (ELX / HLX / Adventure / Attractive / Essence) — Motor 1.4 8V / 1.8 8V / 1.6 16V / 1.8 16V Flex (2006 a 2016)
• Fiat Palio / Palio Weekend (HLX / ELX / Adventure (G3)) — Motor 1.4 8V / 1.8 8V Flex Flex (2004 a 2014)


⚠️ ALERTAS DE COMPATIBILIDADE
• Não serve em modelos sem limpador traseiro.
• Recomendamos comparar o código gravado na sua peça com os códigos informados abaixo.
• Em caso de dúvidas sobre ano/versão, pergunte no campo abaixo antes de comprar!


⚙️ ESPECIFICAÇÕES TÉCNICAS
• Fabricante: Kostal
• Código da Peça: 1473405
• Código Original (OEM): 100164287, 735365520, 735410425
• Códigos Similares: Marília IM12405, Diretec DTC1205, Ospina 042405
• Voltagem: 12V
• Funcoes Integradas: Comando de seta e faróis alto/baixo com Follow Me Home, Limpador dianteiro com temporizador, Limpador e lavador do vidro traseiro, Função de computador de bordo TRIP na alavanca, Pisca-alerta na carcaça
• Dimensoes Aprox Cm: 26 x 15 x 10
• Peso Gramas: 430
• Padrao Fabricacao: Padrão Original Kostal Linha Fiat
• Condição: Produto 100% novo, lacrado na embalagem original


📦 CONTEÚDO & GARANTIA
• 01 Chave de Seta Fiat Doblo Idea Palio Weekend com Trip e Limpador Traseiro Kostal 1473405 (Kostal 1473405)
• Acompanha Nota Fiscal Eletrônica (PF e PJ)
• Garantia de 6 meses contra defeitos de fabricação


❓ DÚVIDAS FREQUENTES
• Pronta Entrega: Sim, todos os produtos anunciados estão em estoque físico para envio imediato.
• Frete e Prazo: Calculados automaticamente pelo Mercado Envios digitando seu CEP no anúncio.
• Instalação: Recomendamos que a montagem seja feita por profissional especializado.


🛡️ BUSK Peças — Qualidade, Agilidade & Confiança"
SKU-024-KOS-1473500;Chave Seta Doblo Cargo Palio Strada Kostal 1473500;569.9;1;Novo;Kostal;1473500;100164286;6 meses;Garantia do vendedor;"🚗 APLICAÇÃO VEICULAR
Confira os modelos e anos compatíveis:

• Fiat Doblò (Cargo / EX) — Motor 1.3 / 1.4 / 1.8 Gasolina / Flex (2002 a 2016)
• Fiat Palio / Siena (Fire / ELX (G3)) — Motor 1.0 / 1.4 / 1.8 Flex (2004 a 2014)
• Fiat Strada (Working / Fire / Trekking (G3)) — Motor 1.4 / 1.8 Flex Flex (2004 a 2012)


⚠️ ALERTAS DE COMPATIBILIDADE
• Não serve em modelos que utilizam computador de bordo TRIP na alavanca.
• Recomendamos comparar o código gravado na sua peça com os códigos informados abaixo.
• Em caso de dúvidas sobre ano/versão, pergunte no campo abaixo antes de comprar!


⚙️ ESPECIFICAÇÕES TÉCNICAS
• Fabricante: Kostal
• Código da Peça: 1473500
• Código Original (OEM): 100164286, 735365519, 735410424
• Códigos Similares: Marília IM12500, Diretec DTC1200, Ospina 042500
• Voltagem: 12V
• Funcoes Integradas: Comando de seta com retorno automático, Farol alto/baixo e lampejo, Limpador de para-brisa dianteiro, Pisca-alerta integrado, SEM limpador traseiro e SEM função TRIP
• Dimensoes Aprox Cm: 25 x 14 x 9
• Peso Gramas: 380
• Padrao Fabricacao: Padrão Original Kostal Linha Fiat
• Condição: Produto 100% novo, lacrado na embalagem original


📦 CONTEÚDO & GARANTIA
• 01 Chave de Seta Fiat Doblo Palio Siena Strada sem Limpador Traseiro Kostal 1473500 (Kostal 1473500)
• Acompanha Nota Fiscal Eletrônica (PF e PJ)
• Garantia de 6 meses contra defeitos de fabricação


❓ DÚVIDAS FREQUENTES
• Pronta Entrega: Sim, todos os produtos anunciados estão em estoque físico para envio imediato.
• Frete e Prazo: Calculados automaticamente pelo Mercado Envios digitando seu CEP no anúncio.
• Instalação: Recomendamos que a montagem seja feita por profissional especializado.


🛡️ BUSK Peças — Qualidade, Agilidade & Confiança"
SKU-025-KOS-1510640;Chave Seta Ford Ka 1997 a 1999 c/ Traseiro Kostal 1510640;359.9;1;Novo;Kostal;1510640;97KB13335BA;6 meses;Garantia do vendedor;"🚗 APLICAÇÃO VEICULAR
Confira os modelos e anos compatíveis:

• Ford Ka (CLX / Street / Image / Techno) — Motor 1.0 Endura / 1.3 Endura / 1.0 Zetec Rocam Gasolina (1997 a 1999)


⚠️ ALERTAS DE COMPATIBILIDADE
• Não serve em Ford Ka ano 2000 em diante (utiliza conector e chicote da linha Kostal 1510520).
• Recomendamos comparar o código gravado na sua peça com os códigos informados abaixo.
• Em caso de dúvidas sobre ano/versão, pergunte no campo abaixo antes de comprar!


⚙️ ESPECIFICAÇÕES TÉCNICAS
• Fabricante: Kostal
• Código da Peça: 1510640
• Código Original (OEM): 97KB13335BA, 97KB-13335-BA, 1028389
• Códigos Similares: Marília IM12640, Diretec DTC1640, Ospina 042640
• Voltagem: 12V
• Funcoes Integradas: Comando de seta com retorno automático, Comutação de farol alto/baixo e lampejo, Limpador de para-brisa dianteiro com temporizador, Limpador e lavador do vidro traseiro, Buzina na alavanca e pisca-alerta integrado
• Dimensoes Aprox Cm: 25 x 14 x 9
• Peso Gramas: 380
• Padrao Fabricacao: Padrão Original Ford Kostal
• Condição: Produto 100% novo, lacrado na embalagem original


📦 CONTEÚDO & GARANTIA
• 01 Chave de Seta Ford Ka 1997 1998 1999 com Limpador Traseiro Kostal 1510640 (Kostal 1510640)
• Acompanha Nota Fiscal Eletrônica (PF e PJ)
• Garantia de 6 meses contra defeitos de fabricação


❓ DÚVIDAS FREQUENTES
• Pronta Entrega: Sim, todos os produtos anunciados estão em estoque físico para envio imediato.
• Frete e Prazo: Calculados automaticamente pelo Mercado Envios digitando seu CEP no anúncio.
• Instalação: Recomendamos que a montagem seja feita por profissional especializado.


🛡️ BUSK Peças — Qualidade, Agilidade & Confiança"
SKU-026-KOS-1510641;Chave Seta Ford Ka 1997 a 1999 s/ Traseiro Kostal 1510641;339.9;1;Novo;Kostal;1510641;97KB13335AA;6 meses;Garantia do vendedor;"🚗 APLICAÇÃO VEICULAR
Confira os modelos e anos compatíveis:

• Ford Ka (Standard / Básico) — Motor 1.0 Endura / 1.3 Endura Gasolina (1997 a 1999)


⚠️ ALERTAS DE COMPATIBILIDADE
• Não serve em modelos com limpador traseiro.
• Recomendamos comparar o código gravado na sua peça com os códigos informados abaixo.
• Em caso de dúvidas sobre ano/versão, pergunte no campo abaixo antes de comprar!


⚙️ ESPECIFICAÇÕES TÉCNICAS
• Fabricante: Kostal
• Código da Peça: 1510641
• Código Original (OEM): 97KB13335AA, 97KB-13335-AA, 1028388
• Códigos Similares: Marília IM12641, Diretec DTC1641, Ospina 042641
• Voltagem: 12V
• Funcoes Integradas: Comando de seta com retorno automático, Farol alto/baixo e lampejo, Limpador dianteiro com temporizador, Buzina na alavanca e pisca-alerta, SEM limpador traseiro
• Dimensoes Aprox Cm: 25 x 14 x 9
• Peso Gramas: 365
• Padrao Fabricacao: Padrão Original Ford Kostal
• Condição: Produto 100% novo, lacrado na embalagem original


📦 CONTEÚDO & GARANTIA
• 01 Chave de Seta Ford Ka 1997 1998 1999 sem Limpador Traseiro Kostal 1510641 (Kostal 1510641)
• Acompanha Nota Fiscal Eletrônica (PF e PJ)
• Garantia de 6 meses contra defeitos de fabricação


❓ DÚVIDAS FREQUENTES
• Pronta Entrega: Sim, todos os produtos anunciados estão em estoque físico para envio imediato.
• Frete e Prazo: Calculados automaticamente pelo Mercado Envios digitando seu CEP no anúncio.
• Instalação: Recomendamos que a montagem seja feita por profissional especializado.


🛡️ BUSK Peças — Qualidade, Agilidade & Confiança"
SKU-027-KOS-1510521;Chave Seta Fiesta Sedan Courier Ka Kostal 1510521;369.9;1;Novo;Kostal;1510521;96FB13335AB;6 meses;Garantia do vendedor;"🚗 APLICAÇÃO VEICULAR
Confira os modelos e anos compatíveis:

• Ford Courier (Standard / XL / Si / L / Van) — Motor 1.3 Endura / 1.4 16V Zetec / 1.6 8V Zetec Rocam Gasolina / Flex (1997 a 2013)
• Ford Fiesta Sedan / Fiesta Street (Street / Class / GL / Personnalité) — Motor 1.0 / 1.6 Zetec Rocam / 1.0 Endura Gasolina / Flex (1996 a 2006)
• Ford Ka (GL / Image / Action / MP3 / Tecno) — Motor 1.0 / 1.6 Zetec Rocam Gasolina / Flex (2000 a 2014)


⚠️ ALERTAS DE COMPATIBILIDADE
• Não serve em Fiesta com limpador traseiro (utilizar Kostal 1510520).
• Recomendamos comparar o código gravado na sua peça com os códigos informados abaixo.
• Em caso de dúvidas sobre ano/versão, pergunte no campo abaixo antes de comprar!


⚙️ ESPECIFICAÇÕES TÉCNICAS
• Fabricante: Kostal
• Código da Peça: 1510521
• Código Original (OEM): 96FB13335AB, 96FB-13335-AB, XS6113335AA
• Códigos Similares: Marília IM12521, Diretec DTC1521, Ospina 042521
• Voltagem: 12V
• Funcoes Integradas: Comando de seta com retorno automático, Comutador de farol alto/baixo e lampejo, Limpador de para-brisa dianteiro com temporizador, Buzina na ponta da alavanca esquerda, Interruptor de emergência (pisca-alerta na carcaça), SEM limpador traseiro
• Dimensoes Aprox Cm: 25 x 14 x 9
• Peso Gramas: 375
• Padrao Fabricacao: Padrão Original Ford Kostal
• Condição: Produto 100% novo, lacrado na embalagem original


📦 CONTEÚDO & GARANTIA
• 01 Chave de Seta Ford Fiesta Sedan Street Courier Ka sem Limpador Traseiro Kostal 1510521 (Kostal 1510521)
• Acompanha Nota Fiscal Eletrônica (PF e PJ)
• Garantia de 6 meses contra defeitos de fabricação


❓ DÚVIDAS FREQUENTES
• Pronta Entrega: Sim, todos os produtos anunciados estão em estoque físico para envio imediato.
• Frete e Prazo: Calculados automaticamente pelo Mercado Envios digitando seu CEP no anúncio.
• Instalação: Recomendamos que a montagem seja feita por profissional especializado.


🛡️ BUSK Peças — Qualidade, Agilidade & Confiança"
SKU-028-KOS-1510520;Chave Seta Fiesta Street Ka c/ Buzina Kostal 1510520;385.9;1;Novo;Kostal;1510520;96FB13335BB;6 meses;Garantia do vendedor;"🚗 APLICAÇÃO VEICULAR
Confira os modelos e anos compatíveis:

• Ford Fiesta Hatch / Fiesta Street (CLX / GL / Class / Sport / Street) — Motor 1.0 Endura / 1.3 Endura / 1.0 e 1.6 Zetec Rocam Gasolina / Flex (1996 a 2007)
• Ford Ka (GL / Image / Action / XR 1.6 / Black / MP3 / Tecno) — Motor 1.0 / 1.6 Zetec Rocam Gasolina / Flex (2000 a 2014)


⚠️ ALERTAS DE COMPATIBILIDADE
• Não serve no New Fiesta mexicano/nacional (2011 em diante).
• Recomendamos comparar o código gravado na sua peça com os códigos informados abaixo.
• Em caso de dúvidas sobre ano/versão, pergunte no campo abaixo antes de comprar!


⚙️ ESPECIFICAÇÕES TÉCNICAS
• Fabricante: Kostal
• Código da Peça: 1510520
• Código Original (OEM): 96FB13335BB, 96FB-13335-BB, XS6113335BA
• Códigos Similares: Marília IM12520, Diretec DTC1520, Ospina 042520
• Voltagem: 12V
• Funcoes Integradas: Comando de seta com retorno automático, Farol alto/baixo e lampejo, Limpador de para-brisa dianteiro com temporizador, Limpador e lavador do vidro traseiro, Buzina na ponta da alavanca esquerda, Interruptor de emergência (pisca-alerta na carcaça)
• Dimensoes Aprox Cm: 25 x 14 x 9
• Peso Gramas: 385
• Padrao Fabricacao: Padrão Original Ford Kostal
• Condição: Produto 100% novo, lacrado na embalagem original


📦 CONTEÚDO & GARANTIA
• 01 Chave de Seta Ford Fiesta Hatch Street Ka com Limpador Traseiro e Buzina Kostal 1510520 (Kostal 1510520)
• Acompanha Nota Fiscal Eletrônica (PF e PJ)
• Garantia de 6 meses contra defeitos de fabricação


❓ DÚVIDAS FREQUENTES
• Pronta Entrega: Sim, todos os produtos anunciados estão em estoque físico para envio imediato.
• Frete e Prazo: Calculados automaticamente pelo Mercado Envios digitando seu CEP no anúncio.
• Instalação: Recomendamos que a montagem seja feita por profissional especializado.


🛡️ BUSK Peças — Qualidade, Agilidade & Confiança"
SKU-029-KOS-1510530;Chave Seta Fiesta Ecosport Novo Ka Kostal 1510530;379.9;1;Novo;Kostal;1510530;2S6513335BA;6 meses;Garantia do vendedor;"🚗 APLICAÇÃO VEICULAR
Confira os modelos e anos compatíveis:

• Ford Ecosport (XL / XLS / XLT / Freestyle / 4WD) — Motor 1.6 8V Zetec Rocam / 2.0 16V Duratec Gasolina / Flex (2003 a 2012)
• Ford Fiesta Hatch (New Fiesta Amazon) (First / Trend / Class / Trail) — Motor 1.0 / 1.6 8V Zetec Rocam Gasolina / Flex (2002 a 2014)
• Ford Ka (Fly / Pulse / Action / Sport) — Motor 1.0 / 1.6 8V Zetec Rocam Flex (2008 a 2013)


⚠️ ALERTAS DE COMPATIBILIDADE
• Não serve em Fiesta Sedan (sedan não possui limpador traseiro - usa Kostal 1510520 ou 1510521).
• Não possui acionamento de farol de neblina/milha na alavanca (veículos com milha usam Kostal 1510640 ou 1510641).
• Não serve em EcoSport G2 (2013 em diante) nem New Fiesta Mexicano/Nacional (plataforma global).
• Recomendamos comparar o código gravado na sua peça com os códigos informados abaixo.
• Em caso de dúvidas sobre ano/versão, pergunte no campo abaixo antes de comprar!


⚙️ ESPECIFICAÇÕES TÉCNICAS
• Fabricante: Kostal
• Código da Peça: 1510530
• Código Original (OEM): 2S6513335BA, 2S65-13335-BA, 1S6513335BA, 1S6513335BB, 5S6513335BA
• Códigos Similares: Marília IM12530, Diretec DTC1530, Ospina 042530
• Voltagem: 12V
• Funcoes Integradas: Comando de seta com retorno automático, Farol alto/baixo e lampejo, Limpador de para-brisa dianteiro com temporizador, Limpador e lavador do vidro traseiro, Pisca-alerta integrado na carcaça superior
• Dimensoes Aprox Cm: 25 x 14 x 9
• Peso Gramas: 380
• Padrao Fabricacao: Padrão Original Ford Kostal Linha Amazon
• Condição: Produto 100% novo, lacrado na embalagem original


📦 CONTEÚDO & GARANTIA
• 01 Chave de Seta Ford Fiesta Hatch Ecosport Ka com Limpador Traseiro Kostal 1510530 (Kostal 1510530)
• Acompanha Nota Fiscal Eletrônica (PF e PJ)
• Garantia de 6 meses contra defeitos de fabricação


❓ DÚVIDAS FREQUENTES
• Pronta Entrega: Sim, todos os produtos anunciados estão em estoque físico para envio imediato.
• Frete e Prazo: Calculados automaticamente pelo Mercado Envios digitando seu CEP no anúncio.
• Instalação: Recomendamos que a montagem seja feita por profissional especializado.


🛡️ BUSK Peças — Qualidade, Agilidade & Confiança"
SKU-030-KOS-10003264;Chave Seta Celta 2000 a 2006 c/ Traseiro Kostal 10003264;299.9;1;Novo;Kostal;10003264;93378441;6 meses;Garantia do vendedor;"🚗 APLICAÇÃO VEICULAR
Confira os modelos e anos compatíveis:

• Chevrolet Celta (Life / Spirit / Super / Energy) — Motor 1.0 8V / 1.4 8V VHC Gasolina e Flexpower Gasolina / Flex (2000 a 2006)


⚠️ ALERTAS DE COMPATIBILIDADE
• Exclusivo para Celta 2000 a 2006 (G1 - frente antiga) COM limpador traseiro.
• Não serve em modelos sem limpador traseiro (usam Kostal 10003263).
• Não serve em Celta 2007 em diante (painel novo com buzina no volante - usam Kostal 10147724 ou 10013879).
• Não serve em Prisma (Prisma só foi lançado a partir de 2007 com painel moderno).
• Recomendamos comparar o código gravado na sua peça com os códigos informados abaixo.
• Em caso de dúvidas sobre ano/versão, pergunte no campo abaixo antes de comprar!


⚙️ ESPECIFICAÇÕES TÉCNICAS
• Fabricante: Kostal
• Código da Peça: 10003264
• Código Original (OEM): 93378441, 93356885, 93383040
• Códigos Similares: Marília IM12264, Diretec DTC1264, Ospina 042264
• Voltagem: 12V
• Funcoes Integradas: Comando de seta com retorno automático, Comutação farol alto/baixo e lampejo, Limpador dianteiro com temporizador, Limpador e lavador traseiro, Pisca-alerta na carcaça superior
• Dimensoes Aprox Cm: 24 x 14 x 9
• Peso Gramas: 360
• Padrao Fabricacao: Padrão Original Kostal GM
• Condição: Produto 100% novo, lacrado na embalagem original


📦 CONTEÚDO & GARANTIA
• 01 Chave de Seta Chevrolet Celta 2000 a 2006 com Limpador Dianteiro e Traseiro Kostal 10003264 (Kostal 10003264)
• Acompanha Nota Fiscal Eletrônica (PF e PJ)
• Garantia de 6 meses contra defeitos de fabricação


❓ DÚVIDAS FREQUENTES
• Pronta Entrega: Sim, todos os produtos anunciados estão em estoque físico para envio imediato.
• Frete e Prazo: Calculados automaticamente pelo Mercado Envios digitando seu CEP no anúncio.
• Instalação: Recomendamos que a montagem seja feita por profissional especializado.


🛡️ BUSK Peças — Qualidade, Agilidade & Confiança"
SKU-031-KOS-10147724;Chave Seta Celta Prisma 2007 a 2010 Kostal 10147724;339.9;1;Novo;Kostal;10147724;93383038;6 meses;Garantia do vendedor;"🚗 APLICAÇÃO VEICULAR
Confira os modelos e anos compatíveis:

• Chevrolet Celta (Life / Spirit / Super) — Motor 1.0 8V VHC / VHCE Flexpower Flex (2007 a 2010)
• Chevrolet Prisma (Joy / Maxx) — Motor 1.4 8V Econoflex / 1.0 Flex Flex (2007 a 2010)


⚠️ ALERTAS DE COMPATIBILIDADE
• Não serve em modelos com limpador traseiro (Celta com limpador traseiro usa Kostal 10013879).
• Não serve em Celta 2000 a 2006 (painel antigo com buzina na alavanca).
• Não serve em Corsa Classic / Corsa Wind.
• Recomendamos comparar o código gravado na sua peça com os códigos informados abaixo.
• Em caso de dúvidas sobre ano/versão, pergunte no campo abaixo antes de comprar!


⚙️ ESPECIFICAÇÕES TÉCNICAS
• Fabricante: Kostal
• Código da Peça: 10147724
• Código Original (OEM): 93383038, 94701444, 93384388, 93382268
• Códigos Similares: Marília IM12724, Diretec DTC1724, Ospina 042724
• Voltagem: 12V
• Funcoes Integradas: Comando de seta com retorno automático, Farol alto/baixo e lampejador, Limpador de para-brisa dianteiro com temporizador, Pisca-alerta integrado, SEM limpador traseiro e SEM buzina na alavanca
• Dimensoes Aprox Cm: 24 x 14 x 9
• Peso Gramas: 365
• Padrao Fabricacao: Padrão Original Kostal GM
• Condição: Produto 100% novo, lacrado na embalagem original


📦 CONTEÚDO & GARANTIA
• 01 Chave de Seta Chevrolet Celta Prisma 2007 a 2010 sem Limpador Traseiro Kostal 10147724 (Kostal 10147724)
• Acompanha Nota Fiscal Eletrônica (PF e PJ)
• Garantia de 6 meses contra defeitos de fabricação


❓ DÚVIDAS FREQUENTES
• Pronta Entrega: Sim, todos os produtos anunciados estão em estoque físico para envio imediato.
• Frete e Prazo: Calculados automaticamente pelo Mercado Envios digitando seu CEP no anúncio.
• Instalação: Recomendamos que a montagem seja feita por profissional especializado.


🛡️ BUSK Peças — Qualidade, Agilidade & Confiança"
SKU-032-KOS-10002290;Chave Seta Palio Weekend Farol Duplo Trip Kostal 10002290;549.9;1;Novo;Kostal;10002290;100185358;6 meses;Garantia do vendedor;"🚗 APLICAÇÃO VEICULAR
Confira os modelos e anos compatíveis:

• Fiat Palio (Essence / Sporting / Attractive / 1.8R (G4)) — Motor 1.4 / 1.6 16V / 1.8 8V Flex Flex (2008 a 2014)
• Fiat Palio Weekend (Trekking / Adventure Locker (G4)) — Motor 1.4 / 1.8 / 1.6 16V / 1.8 16V Flex (2008 a 2014)


⚠️ ALERTAS DE COMPATIBILIDADE
• Não compatível com modelos de farol mono-parábola simples (lâmpada H4).
• Não serve em Fiat Siena nem Fiat Strada de fábrica por conter acionamento de limpador traseiro integrado (Siena e Strada utilizam Kostal 10019263 ou 10015563).
• Não serve em modelos sem computador de bordo TRIP (usam Kostal 10015566).
• Não serve em modelos com cinta de airbag embutida.
• Recomendamos comparar o código gravado na sua peça com os códigos informados abaixo.
• Em caso de dúvidas sobre ano/versão, pergunte no campo abaixo antes de comprar!


⚙️ ESPECIFICAÇÕES TÉCNICAS
• Fabricante: Kostal
• Código da Peça: 10002290
• Código Original (OEM): 100185358, 100190820, 100190824
• Códigos Similares: Marília IM12290, Diretec DTC1290, Ospina 042290
• Voltagem: 12V
• Funcoes Integradas: Comutação para Farol com Duplo Refletor (Bi-Parábola), Comando de seta com retorno automático, Follow Me Home, Limpador dianteiro e limpador traseiro, Função de computador de bordo TRIP na alavanca, Interruptor do desembaçador traseiro e pisca-alerta
• Dimensoes Aprox Cm: 26 x 15 x 10
• Peso Gramas: 450
• Padrao Fabricacao: Padrão Original Kostal Fiat
• Condição: Produto 100% novo, lacrado na embalagem original


📦 CONTEÚDO & GARANTIA
• 01 Chave de Seta Fiat Palio e Palio Weekend Farol Bi-Parabola com Trip Desembacador e Limpador Traseiro Kostal 10002290 (Kostal 10002290)
• Acompanha Nota Fiscal Eletrônica (PF e PJ)
• Garantia de 6 meses contra defeitos de fabricação


❓ DÚVIDAS FREQUENTES
• Pronta Entrega: Sim, todos os produtos anunciados estão em estoque físico para envio imediato.
• Frete e Prazo: Calculados automaticamente pelo Mercado Envios digitando seu CEP no anúncio.
• Instalação: Recomendamos que a montagem seja feita por profissional especializado.


🛡️ BUSK Peças — Qualidade, Agilidade & Confiança"
SKU-033-KOS-10003263;Chave Seta Celta 2000 a 2006 c/ Buzina Kostal 10003263;329.9;1;Novo;Kostal;10003263;93378440;6 meses;Garantia do vendedor;"🚗 APLICAÇÃO VEICULAR
Confira os modelos e anos compatíveis:

• Chevrolet Celta (Life / Spirit / Super) — Motor 1.0 8V / 1.4 8V VHC Gasolina e Flex Gasolina / Flex (2000 a 2006)


⚠️ ALERTAS DE COMPATIBILIDADE
• Não serve em modelos com limpador traseiro (usam Kostal 10003264).
• Não serve em Celta 2007 em diante (painel novo - usam 10147724 / 10015530).
• Não serve em Prisma nem Corsa.
• Recomendamos comparar o código gravado na sua peça com os códigos informados abaixo.
• Em caso de dúvidas sobre ano/versão, pergunte no campo abaixo antes de comprar!


⚙️ ESPECIFICAÇÕES TÉCNICAS
• Fabricante: Kostal
• Código da Peça: 10003263
• Código Original (OEM): 93378440, 93356884, 93383039
• Códigos Similares: Marília IM12263, Diretec DTC1263, Ospina 042263
• Voltagem: 12V
• Funcoes Integradas: Comando de seta com retorno automático, Farol alto/baixo e lampejo, Limpador de para-brisa dianteiro com temporizador, Buzina na ponta da alavanca esquerda, Pisca-alerta na carcaça, SEM limpador traseiro
• Dimensoes Aprox Cm: 24 x 14 x 9
• Peso Gramas: 355
• Padrao Fabricacao: Padrão Original Kostal GM
• Condição: Produto 100% novo, lacrado na embalagem original


📦 CONTEÚDO & GARANTIA
• 01 Chave de Seta Chevrolet Celta 2000 a 2006 sem Limpador Traseiro com Buzina Kostal 10003263 (Kostal 10003263)
• Acompanha Nota Fiscal Eletrônica (PF e PJ)
• Garantia de 6 meses contra defeitos de fabricação


❓ DÚVIDAS FREQUENTES
• Pronta Entrega: Sim, todos os produtos anunciados estão em estoque físico para envio imediato.
• Frete e Prazo: Calculados automaticamente pelo Mercado Envios digitando seu CEP no anúncio.
• Instalação: Recomendamos que a montagem seja feita por profissional especializado.


🛡️ BUSK Peças — Qualidade, Agilidade & Confiança"
SKU-034-KOS-10015530;Chave Seta Celta Prisma 2010 a 2015 Kostal 10015530;329.9;1;Novo;Kostal;10015530;94749141;6 meses;Garantia do vendedor;"🚗 APLICAÇÃO VEICULAR
Confira os modelos e anos compatíveis:

• Chevrolet Celta (Life / LS / LT / Advantage) — Motor 1.0 8V VHCE Flexpower Flex (2010 a 2015)
• Chevrolet Prisma (Joy / Maxx / LT) — Motor 1.0 / 1.4 8V Econoflex Flex (2010 a 2012)


⚠️ ALERTAS DE COMPATIBILIDADE
• Modelo SEM TEMPORIZADOR no limpador dianteiro (veículos com temporizador utilizam Kostal 10015096).
• Não serve em modelos com limpador traseiro.
• Não serve em Celta 2000 a 2006 (G1 painel antigo).
• Recomendamos comparar o código gravado na sua peça com os códigos informados abaixo.
• Em caso de dúvidas sobre ano/versão, pergunte no campo abaixo antes de comprar!


⚙️ ESPECIFICAÇÕES TÉCNICAS
• Fabricante: Kostal
• Código da Peça: 10015530
• Código Original (OEM): 94749141
• Códigos Similares: Marília IM12530GM, Diretec DTC1531, Ospina 042531
• Voltagem: 12V
• Funcoes Integradas: Comando de seta com retorno automático, Farol alto/baixo e lampejador, Limpador de para-brisa dianteiro SEM TEMPORIZADOR (velocidades contínuas I e II), Chicote/conector traseiro de 22 pinos, SEM limpador traseiro, SEM temporizador e SEM buzina na alavanca
• Dimensoes Aprox Cm: 24 x 14 x 9
• Peso Gramas: 360
• Padrao Fabricacao: Padrão Original Kostal GM
• Condição: Produto 100% novo, lacrado na embalagem original


📦 CONTEÚDO & GARANTIA
• 01 Chave de Seta Chevrolet Celta Prisma 2010 a 2015 sem Limpador Traseiro Kostal 10015530 (Kostal 10015530)
• Acompanha Nota Fiscal Eletrônica (PF e PJ)
• Garantia de 6 meses contra defeitos de fabricação


❓ DÚVIDAS FREQUENTES
• Pronta Entrega: Sim, todos os produtos anunciados estão em estoque físico para envio imediato.
• Frete e Prazo: Calculados automaticamente pelo Mercado Envios digitando seu CEP no anúncio.
• Instalação: Recomendamos que a montagem seja feita por profissional especializado.


🛡️ BUSK Peças — Qualidade, Agilidade & Confiança"
SKU-035-KOS-10015096;Chave Seta Celta Prisma c/ Temporizador Kostal 10015096;379.9;1;Novo;Kostal;10015096;94749143;6 meses;Garantia do vendedor;"🚗 APLICAÇÃO VEICULAR
Confira os modelos e anos compatíveis:

• Chevrolet Celta (Life / LS / LT) — Motor 1.0 8V VHCE Flex Flex (2010 a 2015)
• Chevrolet Prisma (Joy / Maxx / LT) — Motor 1.0 / 1.4 8V Econoflex Flex (2010 a 2012)


⚠️ ALERTAS DE COMPATIBILIDADE
• Modelo COM TEMPORIZADOR integrado (veículos sem temporizador utilizam Kostal 10015530).
• Não serve em modelos com limpador traseiro.
• Não serve em Celta 2000 a 2006 (painel antigo).
• Recomendamos comparar o código gravado na sua peça com os códigos informados abaixo.
• Em caso de dúvidas sobre ano/versão, pergunte no campo abaixo antes de comprar!


⚙️ ESPECIFICAÇÕES TÉCNICAS
• Fabricante: Kostal
• Código da Peça: 10015096
• Código Original (OEM): 94749143
• Códigos Similares: Marília IM12096, Diretec DTC1096, Ospina 042096
• Voltagem: 12V
• Funcoes Integradas: Comando de seta com retorno automático, Farol alto/baixo e lampejo, Limpador de para-brisa dianteiro COM TEMPORIZADOR INTEGRADO, Chicote/conector traseiro de 22 pinos, SEM limpador traseiro e SEM buzina na alavanca
• Dimensoes Aprox Cm: 24 x 14 x 9
• Peso Gramas: 365
• Padrao Fabricacao: Padrão Original Kostal GM
• Condição: Produto 100% novo, lacrado na embalagem original


📦 CONTEÚDO & GARANTIA
• 01 Chave de Seta Chevrolet Celta Prisma com Temporizador Kostal 10015096 (Kostal 10015096)
• Acompanha Nota Fiscal Eletrônica (PF e PJ)
• Garantia de 6 meses contra defeitos de fabricação


❓ DÚVIDAS FREQUENTES
• Pronta Entrega: Sim, todos os produtos anunciados estão em estoque físico para envio imediato.
• Frete e Prazo: Calculados automaticamente pelo Mercado Envios digitando seu CEP no anúncio.
• Instalação: Recomendamos que a montagem seja feita por profissional especializado.


🛡️ BUSK Peças — Qualidade, Agilidade & Confiança"
SKU-036-KOS-10015563;Chave Seta Palio Fire Farol Biparabola Kostal 10015563;419.9;1;Novo;Kostal;10015563;100190918;6 meses;Garantia do vendedor;"🚗 APLICAÇÃO VEICULAR
Confira os modelos e anos compatíveis:

• Fiat Palio Fire (Fire / Economy) — Motor 1.0 8V Fire Flex Flex (2009 a 2014)
• Fiat Siena Fire (Fire / EL) — Motor 1.0 8V / 1.4 8V Fire Flex (2009 a 2012)
• Fiat Strada Fire (Fire / Working) — Motor 1.4 8V Fire Flex Flex (2009 a 2012)


⚠️ ALERTAS DE COMPATIBILIDADE
• Específica para veículos com farol duplo (bi-parábola). Não serve em farol monoparábola H4 (Uno Mille usa 10015565).
• Não serve em veículos com limpador traseiro (Palio com limpador traseiro usa Kostal 10015566).
• Não serve em veículos com airbag ou função TRIP.
• Recomendamos comparar o código gravado na sua peça com os códigos informados abaixo.
• Em caso de dúvidas sobre ano/versão, pergunte no campo abaixo antes de comprar!


⚙️ ESPECIFICAÇÕES TÉCNICAS
• Fabricante: Kostal
• Código da Peça: 10015563
• Código Original (OEM): 100190918, 100185555, 100181997
• Códigos Similares: Marília IM12563, Diretec DTC1563, Ospina 042563
• Voltagem: 12V
• Funcoes Integradas: Comutação para Farol Duplo (Bi-Parábola), Comando de seta com retorno automático, Limpador de para-brisa dianteiro, Pisca-alerta integrado, SEM limpador traseiro, SEM trip e SEM airbag
• Dimensoes Aprox Cm: 25 x 14 x 9
• Peso Gramas: 390
• Padrao Fabricacao: Padrão Original Kostal Fiat
• Condição: Produto 100% novo, lacrado na embalagem original


📦 CONTEÚDO & GARANTIA
• 01 Chave de Seta Fiat Palio Siena Strada Fire Farol Bi-Parabola Kostal 10015563 (Kostal 10015563)
• Acompanha Nota Fiscal Eletrônica (PF e PJ)
• Garantia de 6 meses contra defeitos de fabricação


❓ DÚVIDAS FREQUENTES
• Pronta Entrega: Sim, todos os produtos anunciados estão em estoque físico para envio imediato.
• Frete e Prazo: Calculados automaticamente pelo Mercado Envios digitando seu CEP no anúncio.
• Instalação: Recomendamos que a montagem seja feita por profissional especializado.


🛡️ BUSK Peças — Qualidade, Agilidade & Confiança"
SKU-037-KOS-10015565;Chave Seta Uno Mille Fiorino 2009-2013 Kostal 10015565;409.9;1;Novo;Kostal;10015565;100185373;6 meses;Garantia do vendedor;"🚗 APLICAÇÃO VEICULAR
Confira os modelos e anos compatíveis:

• Fiat Fiorino (Furgão Fire) — Motor 1.3 8V Fire Flex Flex (2009 a 2013)
• Fiat Uno Mille (Fire / Economy / Way) — Motor 1.0 8V Fire Flex Flex (2009 a 2013)


⚠️ ALERTAS DE COMPATIBILIDADE
• Exclusivo para Uno Mille clássico (quadrado 2009-2013) e Fiorino Furgão (2009-2013) com farol simples monoparábola (H4).
• NÃO SERVE EM NOVO UNO (Vivace/Way/Attractive 2010 em diante - usa Kostal 10022069).
• Não serve em Uno antigo (1984 a 2003 painel satélite).
• Não serve em veículos com farol bi-parábola duplo nem com limpador traseiro.
• Recomendamos comparar o código gravado na sua peça com os códigos informados abaixo.
• Em caso de dúvidas sobre ano/versão, pergunte no campo abaixo antes de comprar!


⚙️ ESPECIFICAÇÕES TÉCNICAS
• Fabricante: Kostal
• Código da Peça: 10015565
• Código Original (OEM): 100185373, 100190783
• Códigos Similares: Marília IM12565, Diretec DTC1565, Ospina 042565
• Voltagem: 12V
• Funcoes Integradas: Comando de seta com retorno automático, Farol alto/baixo e lampejador, Limpador de para-brisa dianteiro com temporizador, Botão de pisca-alerta na carcaça, SEM limpador traseiro e SEM airbag
• Dimensoes Aprox Cm: 24 x 14 x 9
• Peso Gramas: 355
• Padrao Fabricacao: Padrão Original Kostal Fiat
• Condição: Produto 100% novo, lacrado na embalagem original


📦 CONTEÚDO & GARANTIA
• 01 Chave de Seta Fiat Uno Mille Fiorino 2009 a 2013 Kostal 10015565 (Kostal 10015565)
• Acompanha Nota Fiscal Eletrônica (PF e PJ)
• Garantia de 6 meses contra defeitos de fabricação


❓ DÚVIDAS FREQUENTES
• Pronta Entrega: Sim, todos os produtos anunciados estão em estoque físico para envio imediato.
• Frete e Prazo: Calculados automaticamente pelo Mercado Envios digitando seu CEP no anúncio.
• Instalação: Recomendamos que a montagem seja feita por profissional especializado.


🛡️ BUSK Peças — Qualidade, Agilidade & Confiança"
SKU-038-KOS-10015566;Chave Seta Palio Economy Farol Duplo Kostal 10015566;419.9;1;Novo;Kostal;10015566;100190919;6 meses;Garantia do vendedor;"🚗 APLICAÇÃO VEICULAR
Confira os modelos e anos compatíveis:

• Fiat Palio (Attractive / Economy / Fire (G4)) — Motor 1.0 8V / 1.4 8V Fire Flex Flex (2009 a 2014)
• Fiat Palio Weekend (Trekking / Attractive (G4)) — Motor 1.4 8V Fire Flex Flex (2009 a 2014)


⚠️ ALERTAS DE COMPATIBILIDADE
• Específica para Palio Hatch e Palio Weekend com farol bi-parábola e limpador traseiro.
• NÃO SERVE EM SIENA NEM STRADA (sedan e picape não possuem limpador traseiro).
• Não serve em modelos com computador de bordo TRIP (usam Kostal 10002290).
• Não serve em modelos com farol simples H4 nem modelos com airbag.
• Recomendamos comparar o código gravado na sua peça com os códigos informados abaixo.
• Em caso de dúvidas sobre ano/versão, pergunte no campo abaixo antes de comprar!


⚙️ ESPECIFICAÇÕES TÉCNICAS
• Fabricante: Kostal
• Código da Peça: 10015566
• Código Original (OEM): 100190919, 100185556
• Códigos Similares: Marília IM12566, Diretec DTC1566, Ospina 042566
• Voltagem: 12V
• Funcoes Integradas: Comutação para Farol Duplo (Bi-Parábola), Comando de seta com retorno automático, Limpador dianteiro e limpador/lavador traseiro, Pisca-alerta integrado, SEM trip e SEM airbag
• Dimensoes Aprox Cm: 25 x 14 x 9
• Peso Gramas: 395
• Padrao Fabricacao: Padrão Original Kostal Fiat
• Condição: Produto 100% novo, lacrado na embalagem original


📦 CONTEÚDO & GARANTIA
• 01 Chave de Seta Fiat Palio Farol Bi-Parabola com Limpador Traseiro Kostal 10015566 (Kostal 10015566)
• Acompanha Nota Fiscal Eletrônica (PF e PJ)
• Garantia de 6 meses contra defeitos de fabricação


❓ DÚVIDAS FREQUENTES
• Pronta Entrega: Sim, todos os produtos anunciados estão em estoque físico para envio imediato.
• Frete e Prazo: Calculados automaticamente pelo Mercado Envios digitando seu CEP no anúncio.
• Instalação: Recomendamos que a montagem seja feita por profissional especializado.


🛡️ BUSK Peças — Qualidade, Agilidade & Confiança"
SKU-039-KOS-10019263;Chave Seta Palio Siena Strada c/ Trip Kostal 10019263;529.9;1;Novo;Kostal;10019263;100190917;6 meses;Garantia do vendedor;"🚗 APLICAÇÃO VEICULAR
Confira os modelos e anos compatíveis:

• Fiat Palio (ELX / Attractive / Essence (G4)) — Motor 1.0 / 1.4 / 1.8 Flex (2008 a 2016)
• Fiat Siena (ELX / HLX / Essence / Tetrafuel (G4)) — Motor 1.0 / 1.4 / 1.6 / 1.8 Flex / GNV (2008 a 2016)
• Fiat Strada (Trekking / Adventure / Working (G4)) — Motor 1.4 / 1.8 Flex Flex (2008 a 2016)


⚠️ ALERTAS DE COMPATIBILIDADE
• Específica para modelos com função TRIP (computador de bordo) SEM limpador traseiro.
• Não serve em Palio Hatch / Weekend com limpador traseiro (usam Kostal 10002290).
• Não serve em modelos sem função TRIP (usam Kostal 10015563).
• Recomendamos comparar o código gravado na sua peça com os códigos informados abaixo.
• Em caso de dúvidas sobre ano/versão, pergunte no campo abaixo antes de comprar!


⚙️ ESPECIFICAÇÕES TÉCNICAS
• Fabricante: Kostal
• Código da Peça: 10019263
• Código Original (OEM): 100190917, 100185356
• Códigos Similares: Marília IM12263FI, Diretec DTC1263FI, Ospina 042263FI
• Voltagem: 12V
• Funcoes Integradas: Comando de seta com retorno automático, Farol alto/baixo e Follow Me Home, Limpador de para-brisa dianteiro, Função de computador de bordo TRIP na alavanca, Pisca-alerta integrado, SEM limpador traseiro e SEM airbag
• Dimensoes Aprox Cm: 25 x 14 x 9
• Peso Gramas: 385
• Padrao Fabricacao: Padrão Original Kostal Fiat
• Condição: Produto 100% novo, lacrado na embalagem original


📦 CONTEÚDO & GARANTIA
• 01 Chave de Seta Fiat Palio Siena Strada com Trip sem Limpador Traseiro Kostal 10019263 (Kostal 10019263)
• Acompanha Nota Fiscal Eletrônica (PF e PJ)
• Garantia de 6 meses contra defeitos de fabricação


❓ DÚVIDAS FREQUENTES
• Pronta Entrega: Sim, todos os produtos anunciados estão em estoque físico para envio imediato.
• Frete e Prazo: Calculados automaticamente pelo Mercado Envios digitando seu CEP no anúncio.
• Instalação: Recomendamos que a montagem seja feita por profissional especializado.


🛡️ BUSK Peças — Qualidade, Agilidade & Confiança"
SKU-040-KOS-10022069;Chave Seta Novo Uno Vivace Fiorino Kostal 10022069;429.9;1;Novo;Kostal;10022069;100190779;6 meses;Garantia do vendedor;"🚗 APLICAÇÃO VEICULAR
Confira os modelos e anos compatíveis:

• Fiat Nova Fiorino (Furgão / Hard Working) — Motor 1.4 8V Fire EVO Flex (2013 a 2021)
• Fiat Novo Uno (Vivace / Way / Attractive / Sporting) — Motor 1.0 8V / 1.4 8V Fire EVO Flex (2010 a 2016)


⚠️ ALERTAS DE COMPATIBILIDADE
• Exclusivo para Novo Uno G2 (2010 a 2016) e Nova Fiorino (2013 a 2021) SEM airbag e SEM limpador traseiro.
• NÃO SERVE EM UNO MILLE ANTIGO / CLÁSSICO (quadrado) - encaixe, fiação e carcaça totalmente incompatíveis.
• Não serve em veículos equipados com bolsa de airbag duplo frontal de fábrica.
• Recomendamos comparar o código gravado na sua peça com os códigos informados abaixo.
• Em caso de dúvidas sobre ano/versão, pergunte no campo abaixo antes de comprar!


⚙️ ESPECIFICAÇÕES TÉCNICAS
• Fabricante: Kostal
• Código da Peça: 10022069
• Código Original (OEM): 100190779, 100198642, 100190822, 100204778
• Códigos Similares: Marília IM12069, Diretec DTC1069, Ospina 042069
• Voltagem: 12V
• Funcoes Integradas: Comando de seta com retorno automático, Farol alto/baixo e lampejo, Limpador de para-brisa dianteiro com temporizador, Botão de pisca-alerta na carcaça, SEM limpador traseiro, SEM trip e SEM airbag
• Dimensoes Aprox Cm: 25 x 14 x 9
• Peso Gramas: 370
• Padrao Fabricacao: Padrão Original Kostal Novo Uno
• Condição: Produto 100% novo, lacrado na embalagem original


📦 CONTEÚDO & GARANTIA
• 01 Chave de Seta Fiat Novo Uno Vivace Way Nova Fiorino Kostal 10022069 (Kostal 10022069)
• Acompanha Nota Fiscal Eletrônica (PF e PJ)
• Garantia de 6 meses contra defeitos de fabricação


❓ DÚVIDAS FREQUENTES
• Pronta Entrega: Sim, todos os produtos anunciados estão em estoque físico para envio imediato.
• Frete e Prazo: Calculados automaticamente pelo Mercado Envios digitando seu CEP no anúncio.
• Instalação: Recomendamos que a montagem seja feita por profissional especializado.


🛡️ BUSK Peças — Qualidade, Agilidade & Confiança"
SKU-041-KOS-10094493;Chave Seta Siena EL Strada c/ Trip Kostal 10094493;449.9;1;Novo;Kostal;10094493;1002040070;6 meses;Garantia do vendedor;"🚗 APLICAÇÃO VEICULAR
Confira os modelos e anos compatíveis:

• Fiat Palio (Attractive / Essence (G4 continuado)) — Motor 1.0 / 1.4 / 1.6 Flex Flex (2012 a 2016)
• Fiat Siena EL (EL (G4 Restilizado)) — Motor 1.0 8V / 1.4 8V Fire Flex Flex (2013 a 2016)
• Fiat Strada (Working / Hard Working / Trekking (G4)) — Motor 1.4 8V Fire / 1.6 16V E.torQ Flex (2014 a 2020)


⚠️ ALERTAS DE COMPATIBILIDADE
• Específica para linha Fiat com função TRIP e SEM cinta de airbag integrada.
• NÃO SERVE EM GRAND SIENA NEM NOVO PALIO G5 (plataforma 326/327 - utilizam comutadores de coluna diferentes).
• Não serve em modelos com cinta de airbag integrada (usam Kostal 10102849).
• Não serve em modelos com limpador traseiro.
• Recomendamos comparar o código gravado na sua peça com os códigos informados abaixo.
• Em caso de dúvidas sobre ano/versão, pergunte no campo abaixo antes de comprar!


⚙️ ESPECIFICAÇÕES TÉCNICAS
• Fabricante: Kostal
• Código da Peça: 10094493
• Código Original (OEM): 1002040070, 100204780, 100216542
• Códigos Similares: Marília IM12493, Diretec DTC1493, Ospina 042493
• Voltagem: 12V
• Funcoes Integradas: Comando de seta e farol alto/baixo com Follow Me Home, Limpador de para-brisa dianteiro com temporizador, Comando do computador de bordo TRIP na alavanca, Pisca-alerta integrado, SEM limpador traseiro e SEM airbag
• Dimensoes Aprox Cm: 26 x 15 x 10
• Peso Gramas: 400
• Padrao Fabricacao: Padrão Original Kostal Fiat
• Condição: Produto 100% novo, lacrado na embalagem original


📦 CONTEÚDO & GARANTIA
• 01 Chave de Seta Fiat Siena EL Strada Palio com Trip sem Limpador Traseiro Kostal 10094493 (Kostal 10094493)
• Acompanha Nota Fiscal Eletrônica (PF e PJ)
• Garantia de 6 meses contra defeitos de fabricação


❓ DÚVIDAS FREQUENTES
• Pronta Entrega: Sim, todos os produtos anunciados estão em estoque físico para envio imediato.
• Frete e Prazo: Calculados automaticamente pelo Mercado Envios digitando seu CEP no anúncio.
• Instalação: Recomendamos que a montagem seja feita por profissional especializado.


🛡️ BUSK Peças — Qualidade, Agilidade & Confiança"
SKU-042-KOS-10102849;Chave Seta c/ Airbag Palio Fire Way Kostal 10102849;659.9;1;Novo;Kostal;10102849;100214467;6 meses;Garantia do vendedor;"🚗 APLICAÇÃO VEICULAR
Confira os modelos e anos compatíveis:

• Fiat Fiorino (Hard Working / Endurance) — Motor 1.4 8V Fire EVO Flex (2014 a 2021)
• Fiat Palio Fire / Palio Way (Fire / Way) — Motor 1.0 8V Fire Flex Flex (2014 a 2017)
• Fiat Siena EL (EL (G4)) — Motor 1.0 / 1.4 Fire Flex Flex (2014 a 2016)
• Fiat Strada (Working / Hard Working (G4)) — Motor 1.4 8V Fire Flex Flex (2014 a 2020)


⚠️ ALERTAS DE COMPATIBILIDADE
• Acompanha CINTA DE AIRBAG (Clock Spring) integrada de fábrica. Manusear com a trava central travada até o volante ser instalado.
• SEM limpador traseiro (Palio Fire com limpador traseiro e airbag usa Kostal 10102852).
• SEM função TRIP no painel.
• NÃO SERVE EM GRAND SIENA (plataforma 326).
• Recomendamos comparar o código gravado na sua peça com os códigos informados abaixo.
• Em caso de dúvidas sobre ano/versão, pergunte no campo abaixo antes de comprar!


⚙️ ESPECIFICAÇÕES TÉCNICAS
• Fabricante: Kostal
• Código da Peça: 10102849
• Código Original (OEM): 100214467, 100216543, 100234551
• Códigos Similares: Marília IM12849, Diretec DTC1849, Ospina 042849
• Voltagem: 12V
• Funcoes Integradas: CINTA DE AIRBAG (Clock Spring / Hardwire) Integrada de fábrica, Acionamento de buzina no volante e bolsa de airbag do motorista, Comando de seta com retorno automático e faróis alto/baixo, Limpador de para-brisa dianteiro com temporizador, Pisca-alerta na carcaça, SEM limpador traseiro
• Dimensoes Aprox Cm: 26 x 16 x 11
• Peso Gramas: 490
• Padrao Fabricacao: Padrão Original Kostal com Segurança Ativa Airbag
• Condição: Produto 100% novo, lacrado na embalagem original


📦 CONTEÚDO & GARANTIA
• 01 Chave de Seta com Cinta de Airbag Fiat Palio Fire Way Fiorino Siena EL Strada Kostal 10102849 (Kostal 10102849)
• Acompanha Nota Fiscal Eletrônica (PF e PJ)
• Garantia de 6 meses contra defeitos de fabricação


❓ DÚVIDAS FREQUENTES
• Pronta Entrega: Sim, todos os produtos anunciados estão em estoque físico para envio imediato.
• Frete e Prazo: Calculados automaticamente pelo Mercado Envios digitando seu CEP no anúncio.
• Instalação: Recomendamos que a montagem seja feita por profissional especializado.


🛡️ BUSK Peças — Qualidade, Agilidade & Confiança"
SKU-043-KOS-10102852;Chave Seta c/ Airbag e Traseiro Palio Fire Kostal 10102852;779.9;1;Novo;Kostal;10102852;100216544;6 meses;Garantia do vendedor;"🚗 APLICAÇÃO VEICULAR
Confira os modelos e anos compatíveis:

• Fiat Palio Fire / Way (Fire / Way) — Motor 1.0 8V Fire Flex Flex (2014 a 2017)


⚠️ ALERTAS DE COMPATIBILIDADE
• Não compatível com modelos sem airbag de fábrica.
• Recomendamos comparar o código gravado na sua peça com os códigos informados abaixo.
• Em caso de dúvidas sobre ano/versão, pergunte no campo abaixo antes de comprar!


⚙️ ESPECIFICAÇÕES TÉCNICAS
• Fabricante: Kostal
• Código da Peça: 10102852
• Código Original (OEM): 100216544, 100234552
• Códigos Similares: Marília IM12852, Diretec DTC1852, Ospina 042852
• Voltagem: 12V
• Funcoes Integradas: CINTA DE AIRBAG (Clock Spring) Integrada para bolsa do motorista e buzina, Limpador de para-brisa dianteiro e traseiro, Interruptor de desembaçador traseiro, Comando de seta e faróis alto/baixo, Pisca-alerta integrado na carcaça
• Dimensoes Aprox Cm: 26 x 16 x 11
• Peso Gramas: 510
• Padrao Fabricacao: Padrão Original Kostal com Segurança Ativa Airbag
• Condição: Produto 100% novo, lacrado na embalagem original


📦 CONTEÚDO & GARANTIA
• 01 Chave de Seta com Cinta de Airbag e Limpador Traseiro Fiat Palio Fire Kostal 10102852 (Kostal 10102852)
• Acompanha Nota Fiscal Eletrônica (PF e PJ)
• Garantia de 6 meses contra defeitos de fabricação


❓ DÚVIDAS FREQUENTES
• Pronta Entrega: Sim, todos os produtos anunciados estão em estoque físico para envio imediato.
• Frete e Prazo: Calculados automaticamente pelo Mercado Envios digitando seu CEP no anúncio.
• Instalação: Recomendamos que a montagem seja feita por profissional especializado.


🛡️ BUSK Peças — Qualidade, Agilidade & Confiança"
SKU-044-DIR-DTC1027;Chave Seta Kombi c/ Temporizador Diretec DTC1027;209.9;1;Novo;Diretec;DTC1027;2379535051;6 meses;Garantia do vendedor;"🚗 APLICAÇÃO VEICULAR
Confira os modelos e anos compatíveis:

• Volkswagen Kombi (Clipper / Carat / Standard / Furgão / Pick-up / Escolar / Last Edition) — Motor 1.6 Boxer a Ar (Injeção Eletrônica) / 1.4 Total Flex (EA111) Gasolina / Álcool / Flex (1995 a 2014)


⚠️ ALERTAS DE COMPATIBILIDADE
• Não serve em Kombi antiga (1976 a 1989 com esguicho pneumático no pé ou botão simples).
• Recomendamos comparar o código gravado na sua peça com os códigos informados abaixo.
• Em caso de dúvidas sobre ano/versão, pergunte no campo abaixo antes de comprar!


⚙️ ESPECIFICAÇÕES TÉCNICAS
• Fabricante: Diretec
• Código da Peça: DTC1027
• Código Original (OEM): 2379535051, 237.953.505.1
• Códigos Similares: Marília IM12085, Kostal 10003027, Ospina 042085
• Voltagem: 12V
• Funcoes Integradas: Comando de seta com retorno automático, Comutação de farol alto/baixo e lampejo, Limpador de para-brisa com temporizador e lavador (esguicho elétrico), Alavanca dupla integrada na carcaça de fixação da coluna
• Dimensoes Aprox Cm: 24 x 13 x 9
• Peso Gramas: 380
• Padrao Fabricacao: Padrão Original VW Kombi
• Condição: Produto 100% novo, lacrado na embalagem original


📦 CONTEÚDO & GARANTIA
• 01 Chave de Seta com Temporizador VW Kombi Clipper Carat Standard Flex Diretec DTC1027 (Diretec DTC1027)
• Acompanha Nota Fiscal Eletrônica (PF e PJ)
• Garantia de 6 meses contra defeitos de fabricação


❓ DÚVIDAS FREQUENTES
• Pronta Entrega: Sim, todos os produtos anunciados estão em estoque físico para envio imediato.
• Frete e Prazo: Calculados automaticamente pelo Mercado Envios digitando seu CEP no anúncio.
• Instalação: Recomendamos que a montagem seja feita por profissional especializado.


🛡️ BUSK Peças — Qualidade, Agilidade & Confiança"
SKU-045-GM-20941129;Chave Seta c/ Computador Bordo GM Cruze 20941129;184.9;1;Novo;GM Chevrolet;20941129;20941129;12 meses;Garantia do vendedor;"🚗 APLICAÇÃO VEICULAR
Confira os modelos e anos compatíveis:

• Chevrolet Cruze (LT / LTZ / Sport6 (Hatch e Sedan)) — Motor 1.8 16V Ecotec Flex Flex (2011 a 2016)


⚠️ ALERTAS DE COMPATIBILIDADE
• Não compatível com Cruze Turbo 1.4 (Geração 2 a partir de 2017).
• Recomendamos comparar o código gravado na sua peça com os códigos informados abaixo.
• Em caso de dúvidas sobre ano/versão, pergunte no campo abaixo antes de comprar!


⚙️ ESPECIFICAÇÕES TÉCNICAS
• Fabricante: GM Chevrolet
• Código da Peça: 20941129
• Código Original (OEM): 20941129, 13303882, 13303883
• Códigos Similares: Kostal GM20941129, Delphi GM20941
• Voltagem: 12V (Rede CAN Multiplexada)
• Funcoes Integradas: Comando de seta com função One-Touch (3 piscadas para ultrapassagem), Controle do Computador de Bordo (Menu, Rolagem e Botão Set/Clr), Farol alto, farol baixo e lampejador, Acionamento de farol de neblina dianteiro e lanterna de neblina traseira
• Dimensoes Aprox Cm: 21 x 7 x 5
• Peso Gramas: 180
• Padrao Fabricacao: Original Genuíno General Motors
• Condição: Produto 100% novo, lacrado na embalagem original


📦 CONTEÚDO & GARANTIA
• 01 Chave de Seta com Computador de Bordo Original GM Chevrolet Cruze LT LTZ 20941129 (GM Chevrolet 20941129)
• Acompanha Nota Fiscal Eletrônica (PF e PJ)
• Garantia de 12 meses contra defeitos de fabricação


❓ DÚVIDAS FREQUENTES
• Pronta Entrega: Sim, todos os produtos anunciados estão em estoque físico para envio imediato.
• Frete e Prazo: Calculados automaticamente pelo Mercado Envios digitando seu CEP no anúncio.
• Instalação: Recomendamos que a montagem seja feita por profissional especializado.


🛡️ BUSK Peças — Qualidade, Agilidade & Confiança"
SKU-046-VW-6Q095350DK;Chave Seta Limpador VW Polo Fox I-System 6Q0953503DK;229.9;1;Novo;Volkswagen;6Q0953503DK;6Q0953503DK;12 meses;Garantia do vendedor;"🚗 APLICAÇÃO VEICULAR
Confira os modelos e anos compatíveis:

• Volkswagen Fox / SpaceFox / CrossFox (Prime / Highline / Extreme) — Motor 1.6 8V EA111 Flex (2008 a 2014)
• Volkswagen Polo (Comfortline / Sportline / GT / Bluemotion (Hatch e Sedan)) — Motor 1.6 8V / 2.0 8V EA111 Gasolina / Flex (2007 a 2015)


⚠️ ALERTAS DE COMPATIBILIDADE
• Não serve em Polo sem computador de bordo.
• Recomendamos comparar o código gravado na sua peça com os códigos informados abaixo.
• Em caso de dúvidas sobre ano/versão, pergunte no campo abaixo antes de comprar!


⚙️ ESPECIFICAÇÕES TÉCNICAS
• Fabricante: Volkswagen
• Código da Peça: 6Q0953503DK
• Código Original (OEM): 6Q0953503DK, 6Q0953503DK9B9, 6Q095350DK
• Códigos Similares: Kostal 10006250, Marília IM12350, Diretec DTC1350
• Voltagem: 12V
• Funcoes Integradas: Comando de seta e faróis alto/baixo, Limpador de para-brisa dianteiro e traseiro com esguicho, Controle do Computador de Bordo I-System (Teclas Up/Down/Reset na alavanca), Botão de pisca-alerta integrado no topo da carcaça
• Dimensoes Aprox Cm: 26 x 15 x 10
• Peso Gramas: 460
• Padrao Fabricacao: Original Genuíno Volkswagen
• Condição: Produto 100% novo, lacrado na embalagem original


📦 CONTEÚDO & GARANTIA
• 01 Chave de Seta e Limpador com Trip Original VW Polo Fox SpaceFox 6Q0953503DK (Volkswagen 6Q0953503DK)
• Acompanha Nota Fiscal Eletrônica (PF e PJ)
• Garantia de 12 meses contra defeitos de fabricação


❓ DÚVIDAS FREQUENTES
• Pronta Entrega: Sim, todos os produtos anunciados estão em estoque físico para envio imediato.
• Frete e Prazo: Calculados automaticamente pelo Mercado Envios digitando seu CEP no anúncio.
• Instalação: Recomendamos que a montagem seja feita por profissional especializado.


🛡️ BUSK Peças — Qualidade, Agilidade & Confiança"
SKU-047-MAR-IM12300;Chave Seta Farol Milha Sandero Duster Marilia IM12300;409.9;1;Novo;Marília;IM12300;255405056R;6 meses;Garantia do vendedor;"🚗 APLICAÇÃO VEICULAR
Confira os modelos e anos compatíveis:

• Renault Duster / Duster Oroch (Expression / Dynamique / Dakar / Outsider) — Motor 1.6 16V / 2.0 16V Flex (2015 a 2021)
• Renault Logan II (Expression / Dynamique / Iconic) — Motor 1.0 / 1.6 Flex Flex (2014 a 2020)
• Renault Sandero II / Stepway (Authentique / Expression / Dynamique / Stepway / RS 2.0 / GT Line) — Motor 1.0 16V D4D / 1.0 12V 3cc SCe / 1.6 8V Hi-Flex / 1.6 16V SCe / 2.0 F4R Flex (2014 a 2020)


⚠️ ALERTAS DE COMPATIBILIDADE
• Não compatível com Sandero e Logan de 1ª geração (2007 a 2013 que usam modelo com carcaça arredondada).
• Recomendamos comparar o código gravado na sua peça com os códigos informados abaixo.
• Em caso de dúvidas sobre ano/versão, pergunte no campo abaixo antes de comprar!


⚙️ ESPECIFICAÇÕES TÉCNICAS
• Fabricante: Marília
• Código da Peça: IM12300
• Código Original (OEM): 255405056R, 255400337R, 8201167988
• Códigos Similares: Diretec DTC1300, Kostec KT12300, Valeo 251682
• Voltagem: 12V
• Funcoes Integradas: Comando de seta com retorno automático, Comutação de farol alto/baixo e lanterna, Acionamento de Farol de Neblina / Milha dianteiro e traseiro, Buzina na ponta da alavanca (padrão francês Renault)
• Dimensoes Aprox Cm: 22 x 7 x 5
• Peso Gramas: 195
• Padrao Fabricacao: Padrão Original Renault Linha Marília
• Condição: Produto 100% novo, lacrado na embalagem original


📦 CONTEÚDO & GARANTIA
• 01 Chave de Seta com Farol de Milha e Buzina Renault Sandero Logan Duster Oroch Marilia IM12300 (Marília IM12300)
• Acompanha Nota Fiscal Eletrônica (PF e PJ)
• Garantia de 6 meses contra defeitos de fabricação


❓ DÚVIDAS FREQUENTES
• Pronta Entrega: Sim, todos os produtos anunciados estão em estoque físico para envio imediato.
• Frete e Prazo: Calculados automaticamente pelo Mercado Envios digitando seu CEP no anúncio.
• Instalação: Recomendamos que a montagem seja feita por profissional especializado.


🛡️ BUSK Peças — Qualidade, Agilidade & Confiança"
SKU-048-MAR-IM12088;Chave Seta Uno 1984 a 1989 Painel Satelite Marilia IM12088;199.9;1;Novo;Marília;IM12088;7506691;6 meses;Garantia do vendedor;"🚗 APLICAÇÃO VEICULAR
Confira os modelos e anos compatíveis:

• Fiat Elba (S / CS / CSL) — Motor 1.3 / 1.5 Gasolina / Álcool (1985 a 1989)
• Fiat Fiorino (Furgão / Pick-up / City) — Motor 1.3 / 1.5 Gasolina / Álcool (1985 a 1989)
• Fiat Prêmio (S / CS / CSL) — Motor 1.3 / 1.5 Gasolina / Álcool (1985 a 1989)
• Fiat Uno (S / CS / SX / 1.5R / Top) — Motor 1.050 / 1.3 / 1.5 Fiasa e Sevel Gasolina / Álcool (1984 a 1989)


⚠️ ALERTAS DE COMPATIBILIDADE
• Não serve em Uno de 1991 em diante com painel moderno.
• Recomendamos comparar o código gravado na sua peça com os códigos informados abaixo.
• Em caso de dúvidas sobre ano/versão, pergunte no campo abaixo antes de comprar!


⚙️ ESPECIFICAÇÕES TÉCNICAS
• Fabricante: Marília
• Código da Peça: IM12088
• Código Original (OEM): 7506691, 5991823, 7507963
• Códigos Similares: Diretec DTC1088, Ospina 042088, Kostal 1405088
• Voltagem: 12V
• Funcoes Integradas: Comando de seta com retorno mecânico, Farol alto/baixo e lampejo, Limpador de para-brisa dianteiro de 2 velocidades, Buzina na ponta da alavanca esquerda, Fixação por abraçadeira na coluna de direção clássica
• Dimensoes Aprox Cm: 23 x 13 x 8
• Peso Gramas: 330
• Padrao Fabricacao: Padrão Original Fiat Clássico Linha Marília
• Condição: Produto 100% novo, lacrado na embalagem original


📦 CONTEÚDO & GARANTIA
• 01 Chave de Seta com Buzina Fiat Uno Premio Elba Fiorino 1984 a 1989 Marilia IM12088 (Marília IM12088)
• Acompanha Nota Fiscal Eletrônica (PF e PJ)
• Garantia de 6 meses contra defeitos de fabricação


❓ DÚVIDAS FREQUENTES
• Pronta Entrega: Sim, todos os produtos anunciados estão em estoque físico para envio imediato.
• Frete e Prazo: Calculados automaticamente pelo Mercado Envios digitando seu CEP no anúncio.
• Instalação: Recomendamos que a montagem seja feita por profissional especializado.


🛡️ BUSK Peças — Qualidade, Agilidade & Confiança"
SKU-049-OSP-042083;Chave Seta Kombi Clipper 1990 a 1994 Ospina 042083;249.9;1;Novo;Ospina;042083;2319535054;6 meses;Garantia do vendedor;"🚗 APLICAÇÃO VEICULAR
Confira os modelos e anos compatíveis:

• Volkswagen Kombi (Clipper / Luxo / Furgão / Pick-up / Standard) — Motor 1.6 Boxer Refrigerado a Ar (Carburador Simples e Duplo) Gasolina / Álcool (1990 a 1994)


⚠️ ALERTAS DE COMPATIBILIDADE
• Não serve em Kombi 1995 em diante com chave modelo moderno (DTC1027).
• Recomendamos comparar o código gravado na sua peça com os códigos informados abaixo.
• Em caso de dúvidas sobre ano/versão, pergunte no campo abaixo antes de comprar!


⚙️ ESPECIFICAÇÕES TÉCNICAS
• Fabricante: Ospina
• Código da Peça: 042083
• Código Original (OEM): 2319535054, 231.953.505.4
• Códigos Similares: Marília IM12084, Diretec DTC1083, Kostal 10003083
• Voltagem: 12V
• Funcoes Integradas: Comando de seta com retorno mecânico automático, Comutador de farol alto/baixo e lampejador, Comando do limpador de para-brisa dianteiro e acionamento do lavador elétrico
• Dimensoes Aprox Cm: 24 x 13 x 9
• Peso Gramas: 370
• Padrao Fabricacao: Padrão Original VW Kombi Clipper
• Condição: Produto 100% novo, lacrado na embalagem original


📦 CONTEÚDO & GARANTIA
• 01 Chave de Seta com Limpador e Lampejo VW Kombi 1990 a 1994 Ospina 042083 (Ospina 042083)
• Acompanha Nota Fiscal Eletrônica (PF e PJ)
• Garantia de 6 meses contra defeitos de fabricação


❓ DÚVIDAS FREQUENTES
• Pronta Entrega: Sim, todos os produtos anunciados estão em estoque físico para envio imediato.
• Frete e Prazo: Calculados automaticamente pelo Mercado Envios digitando seu CEP no anúncio.
• Instalação: Recomendamos que a montagem seja feita por profissional especializado.


🛡️ BUSK Peças — Qualidade, Agilidade & Confiança"
SKU-050-TSA-010107;Sensor Boia Nivel Palio Weekend TSA T-010107;279.9;1;Novo;TSA;T-010107;7082736;6 meses;Garantia do vendedor;"🚗 APLICAÇÃO VEICULAR
Confira os modelos e anos compatíveis:

• Fiat Palio Weekend (ELX / EX / Stile / Adventure) — Motor 1.0 16V / 1.3 16V Fire / 1.5 8V / 1.6 16V Torque Gasolina / Álcool (2001 a 2004)


⚠️ ALERTAS DE COMPATIBILIDADE
• Compatível apenas com conjunto de bomba de combustível da marca Marwal (não serve no conjunto Bosch).
• Recomendamos comparar o código gravado na sua peça com os códigos informados abaixo.
• Em caso de dúvidas sobre ano/versão, pergunte no campo abaixo antes de comprar!


⚙️ ESPECIFICAÇÕES TÉCNICAS
• Fabricante: TSA
• Código da Peça: T-010107
• Código Original (OEM): 7082736, 46523406
• Códigos Similares: DS 2307, VP 8836, Indiel 010107, Short Code 010107
• Valor Ohmico Cheio: 60 a 66 Ohms
• Valor Ohmico Meio: 162 a 172 Ohms
• Valor Ohmico Vazio: 355 a 371 Ohms
• Sistema Bomba: Compatível exclusivamente com conjunto de bomba Marwal
• Material: Placa cerâmica com filme espesso de prata/paládio e haste em aço inoxidável
• Dimensoes Aprox Cm: 20 x 8 x 6
• Peso Gramas: 140
• Padrao Fabricacao: Padrão Original TSA do Brasil / ISO 9001
• Condição: Produto 100% novo, lacrado na embalagem original


📦 CONTEÚDO & GARANTIA
• 01 Sensor Boia de Nivel de Combustivel Fiat Palio Weekend 2001 a 2004 TSA T-010107 (TSA T-010107)
• Acompanha Nota Fiscal Eletrônica (PF e PJ)
• Garantia de 6 meses contra defeitos de fabricação


❓ DÚVIDAS FREQUENTES
• Pronta Entrega: Sim, todos os produtos anunciados estão em estoque físico para envio imediato.
• Frete e Prazo: Calculados automaticamente pelo Mercado Envios digitando seu CEP no anúncio.
• Instalação: Recomendamos que a montagem seja feita por profissional especializado.


🛡️ BUSK Peças — Qualidade, Agilidade & Confiança"
SKU-051-DNI-DNI0342;Rele Ar Condicionado Gol Santana Fox DNI DNI0342;299.9;1;Novo;DNI;DNI0342;377959143;6 meses;Garantia do vendedor;"🚗 APLICAÇÃO VEICULAR
Confira os modelos e anos compatíveis:

• Ford Escort / Verona (GL / GLX / Ghia / XR3) — Motor 1.6 / 1.8 / 2.0 AP Gasolina / Álcool (1993 a 1996)
• Ford Versailles / Royale (GL / Ghia) — Motor 1.8 / 2.0 AP Gasolina / Álcool (1995 a 1996)
• Volkswagen Fox / Polo / Golf (Plus / Route / Sportline / G4) — Motor 1.0 / 1.6 / 2.0 Gasolina / Flex (1999 a 2012)
• Volkswagen Gol / Parati / Saveiro (CL / GL / GLi / GLS / GTI / TSi / Atlanta / Rolling Stones (G2 Bolinha, G3, G4)) — Motor 1.0 / 1.6 / 1.8 / 2.0 AP e MI Gasolina / Álcool / Flex (1995 a 2008)
• Volkswagen Santana / Quantum (GLi / GLS / Exclusiv / Evidence) — Motor 1.8 / 2.0 AP Mi Gasolina / Álcool (1996 a 2006)


⚠️ ALERTAS DE COMPATIBILIDADE
• Verifique a pinagem na caixa de fusíveis: modelo de 8 terminais tipo espada.
• Recomendamos comparar o código gravado na sua peça com os códigos informados abaixo.
• Em caso de dúvidas sobre ano/versão, pergunte no campo abaixo antes de comprar!


⚙️ ESPECIFICAÇÕES TÉCNICAS
• Fabricante: DNI
• Código da Peça: DNI0342
• Código Original (OEM): 377959143, 377.959.143, 547959143, 191959143
• Códigos Similares: DNI 0342, Marília IM13342, Siemens V23134, Carto 0342
• Voltagem: 12V
• Corrente Amperes: 25A
• Terminais: 8 Terminais (Pinos chatos tipo espada numerados 1 a 8)
• Funcao: Módulo eletrônico temporizador e acoplador do compressor e ventilador do ar-condicionado
• Material: Carcaça em polímero antichamas e bobina em cobre nobre
• Dimensoes Aprox Cm: 5 x 4 x 3
• Peso Gramas: 65
• Padrao Fabricacao: Padrão Original DNI Brasil / ISO 9001
• Condição: Produto 100% novo, lacrado na embalagem original


📦 CONTEÚDO & GARANTIA
• 01 Rele de Comando do Ar Condicionado 12V 25A 8 Terminais VW Gol Santana Fox Polo Ford Versailles DNI DNI0342 (DNI DNI0342)
• Acompanha Nota Fiscal Eletrônica (PF e PJ)
• Garantia de 6 meses contra defeitos de fabricação


❓ DÚVIDAS FREQUENTES
• Pronta Entrega: Sim, todos os produtos anunciados estão em estoque físico para envio imediato.
• Frete e Prazo: Calculados automaticamente pelo Mercado Envios digitando seu CEP no anúncio.
• Instalação: Recomendamos que a montagem seja feita por profissional especializado.


🛡️ BUSK Peças — Qualidade, Agilidade & Confiança"
SKU-052-ART-160818;Farol Astra 2003 a 2012 Foco Duplo LD Cromado Arteb 160818;680.0;1;Novo;Arteb;160818;93356076;6 meses;Garantia do vendedor;"🚗 APLICAÇÃO VEICULAR
Confira os modelos e anos compatíveis:

• Chevrolet Astra Hatch (Advantage / Elegance / Elite / SS) — Motor 2.0 8V / 2.0 16V Flexpower Flex (2003 a 2012)
• Chevrolet Astra Sedan (Comfort / Elegance / Elite / Advantage) — Motor 1.8 8V / 2.0 8V Flexpower Flex (2003 a 2011)


⚠️ ALERTAS DE COMPATIBILIDADE
• Exclusivo para o Lado Direito (Passageiro).
• Não serve no Astra modelo antigo (1998 a 2002).
• Lâmpadas não inclusas.
• Recomendamos comparar o código gravado na sua peça com os códigos informados abaixo.
• Em caso de dúvidas sobre ano/versão, pergunte no campo abaixo antes de comprar!


⚙️ ESPECIFICAÇÕES TÉCNICAS
• Fabricante: Arteb
• Código da Peça: 160818
• Código Original (OEM): 93356076, 93356078
• Códigos Similares: Orgus FA-181D, Depo 215-1178R, TYC 20-6539-05-2
• Tipo Foco: Foco Duplo (H7 Baixo / H1 Alto)
• Cor Mascara: Cromada Clássica
• Material Lente: Policarbonato com proteção UV anti-amarelamento
• Material Carcaca: Polipropileno reforçado de alta resistência
• Regulagem: Manual com suporte para regulagem elétrica
• Encaixe Lampadas: H7 (Baixo) / H1 (Alto) / W5W (Meia Luz) / PY21W (Pisca)
• Condição: Produto 100% novo, lacrado na embalagem original


📦 CONTEÚDO & GARANTIA
• 01 Farol Chevrolet Astra Máscara Cromada Foco Duplo Lado Direito Arteb 160818 (Arteb 160818)
• Acompanha Nota Fiscal Eletrônica (PF e PJ)
• Garantia de 6 meses contra defeitos de fabricação


❓ DÚVIDAS FREQUENTES
• Pronta Entrega: Sim, todos os produtos anunciados estão em estoque físico para envio imediato.
• Frete e Prazo: Calculados automaticamente pelo Mercado Envios digitando seu CEP no anúncio.
• Instalação: Recomendamos que a montagem seja feita por profissional especializado.


🛡️ BUSK Peças — Qualidade, Agilidade & Confiança"
SKU-053-FOR-FORT266SL;Farol Milha Gol Parati Saveiro G3 Vidro LD Fortluz FORT266SL;100.0;1;Novo;Fortluz;FORT266SL;5X0941699;3 meses;Garantia do vendedor;"🚗 APLICAÇÃO VEICULAR
Confira os modelos e anos compatíveis:

• Volkswagen Gol G3 (Todas as versões c/ para-choque esportivo) — Motor 1.0 / 1.6 / 1.8 / 2.0 8V/16V Gasolina / Flex (2000 a 2005)
• Volkswagen Parati G3 (Touring / Crossover / Track&Field) — Motor 1.6 / 1.8 / 2.0 Gasolina / Flex (2000 a 2005)
• Volkswagen Saveiro G3 (SuperSurf / Fun / Crossover) — Motor 1.6 / 1.8 / 2.0 Gasolina / Flex (2000 a 2005)


⚠️ ALERTAS DE COMPATIBILIDADE
• Lente em vidro resistente a pedriscos.
• Lado Direito (Passageiro).
• Apenas para para-choques com moldura redonda de milha Gol G3.
• Recomendamos comparar o código gravado na sua peça com os códigos informados abaixo.
• Em caso de dúvidas sobre ano/versão, pergunte no campo abaixo antes de comprar!


⚙️ ESPECIFICAÇÕES TÉCNICAS
• Fabricante: Fortluz
• Código da Peça: FORT266SL
• Código Original (OEM): 5X0941699, 377941700
• Códigos Similares: Orgus FG-266D, Arteb 160266, RCD 266SL
• Tipo Foco: Foco Simples Lente Lisa
• Material Lente: Vidro temperado de alta transparência
• Material Carcaca: Plástico injetado termorresistente
• Encaixe Lampada: H3 12V 55W
• Condição: Produto 100% novo, lacrado na embalagem original


📦 CONTEÚDO & GARANTIA
• 01 Farol de Milha Auxiliar Gol G3 Parati Saveiro Lado Direito Fortluz FORT266SL (Fortluz FORT266SL)
• Acompanha Nota Fiscal Eletrônica (PF e PJ)
• Garantia de 3 meses contra defeitos de fabricação


❓ DÚVIDAS FREQUENTES
• Pronta Entrega: Sim, todos os produtos anunciados estão em estoque físico para envio imediato.
• Frete e Prazo: Calculados automaticamente pelo Mercado Envios digitando seu CEP no anúncio.
• Instalação: Recomendamos que a montagem seja feita por profissional especializado.


🛡️ BUSK Peças — Qualidade, Agilidade & Confiança"
SKU-054-FOR-FL267E;Farol Milha Gol Parati Saveiro G3 Vidro LE Fortluz FL267E;100.0;1;Novo;Fortluz;FL267E;5X0941700;3 meses;Garantia do vendedor;"🚗 APLICAÇÃO VEICULAR
Confira os modelos e anos compatíveis:

• Volkswagen Gol G3 (GTI / Sport / Power / Plus) — Motor 1.0 / 1.6 / 1.8 / 2.0 Gasolina / Flex (2000 a 2005)
• Volkswagen Parati G3 (Todas as versões) — Motor 1.6 / 1.8 / 2.0 Gasolina / Flex (2000 a 2005)
• Volkswagen Saveiro G3 (Todas as versões) — Motor 1.6 / 1.8 / 2.0 Gasolina / Flex (2000 a 2005)


⚠️ ALERTAS DE COMPATIBILIDADE
• Exclusivo para o Lado Esquerdo (Motorista).
• Lente em vidro autêntico.
• Recomendamos comparar o código gravado na sua peça com os códigos informados abaixo.
• Em caso de dúvidas sobre ano/versão, pergunte no campo abaixo antes de comprar!


⚙️ ESPECIFICAÇÕES TÉCNICAS
• Fabricante: Fortluz
• Código da Peça: FL267E
• Código Original (OEM): 5X0941700, 377941699
• Códigos Similares: Orgus FG-267E, Arteb 160267, Microluz MSL260202L
• Tipo Foco: Foco Simples Lente Lisa
• Material Lente: Vidro temperado reforçado
• Material Carcaca: Plástico injetado termorresistente
• Encaixe Lampada: H3 12V 55W
• Condição: Produto 100% novo, lacrado na embalagem original


📦 CONTEÚDO & GARANTIA
• 01 Farol de Milha Auxiliar Volkswagen Gol Parati Saveiro G3 Lado Esquerdo Fortluz FL267E (Fortluz FL267E)
• Acompanha Nota Fiscal Eletrônica (PF e PJ)
• Garantia de 3 meses contra defeitos de fabricação


❓ DÚVIDAS FREQUENTES
• Pronta Entrega: Sim, todos os produtos anunciados estão em estoque físico para envio imediato.
• Frete e Prazo: Calculados automaticamente pelo Mercado Envios digitando seu CEP no anúncio.
• Instalação: Recomendamos que a montagem seja feita por profissional especializado.


🛡️ BUSK Peças — Qualidade, Agilidade & Confiança"
SKU-055-MIC-MSL260202L;Farol Milha Gol Saveiro G3 Vidro LE Microluz MSL260202L;120.0;1;Novo;Microluz;MSL260202L;5X0941700A;3 meses;Garantia do vendedor;"🚗 APLICAÇÃO VEICULAR
Confira os modelos e anos compatíveis:

• Volkswagen Gol G3 (Todas) — Motor 1.0 a 2.0 Flex/Gasolina (2000 a 2005)
• Volkswagen Parati G3 (Touring / Crossover / Track&Field) — Motor 1.6 / 1.8 / 2.0 Gasolina / Flex (2000 a 2005)
• Volkswagen Saveiro G3 (SuperSurf / Fun / Crossover) — Motor 1.6 / 1.8 / 2.0 Gasolina / Flex (2000 a 2005)


⚠️ ALERTAS DE COMPATIBILIDADE
• Lado Esquerdo (Motorista).
• Lente de Vidro.
• Recomendamos comparar o código gravado na sua peça com os códigos informados abaixo.
• Em caso de dúvidas sobre ano/versão, pergunte no campo abaixo antes de comprar!


⚙️ ESPECIFICAÇÕES TÉCNICAS
• Fabricante: Microluz
• Código da Peça: MSL260202L
• Código Original (OEM): 5X0941700A, 377941699B
• Códigos Similares: Fortluz FL267E, Orgus FG-267, Arteb 160267
• Material Lente: Vidro temperado
• Encaixe Lampada: H3
• Voltagem: 12V
• Condição: Produto 100% novo, lacrado na embalagem original


📦 CONTEÚDO & GARANTIA
• 01 Farol de Milha VW Gol Parati Saveiro G3 Lado Esquerdo Microluz MSL260202L (Microluz MSL260202L)
• Acompanha Nota Fiscal Eletrônica (PF e PJ)
• Garantia de 3 meses contra defeitos de fabricação


❓ DÚVIDAS FREQUENTES
• Pronta Entrega: Sim, todos os produtos anunciados estão em estoque físico para envio imediato.
• Frete e Prazo: Calculados automaticamente pelo Mercado Envios digitando seu CEP no anúncio.
• Instalação: Recomendamos que a montagem seja feita por profissional especializado.


🛡️ BUSK Peças — Qualidade, Agilidade & Confiança"
