SKU;Título;Preço;Quantidade;Condição;Marca;Modelo;Código universal de produto;Garantia;Tipo de garantia;Descrição
SKU-056-ORG-MG30095R;Farol Celta Prisma 2006 a 2015 Masc Negra LD Orgus MG30095R;180.0;1;Novo;Orgus / Megavox;MG30095R;93356880;3 meses;Garantia do vendedor;"🚗 APLICAÇÃO VEICULAR
Confira os modelos e anos compatíveis:

• Chevrolet Celta (Life / Spirit / Super / Energy) — Motor 1.0 / 1.4 8V Gasolina / Flex (2006 a 2015)
• Chevrolet Prisma (Joy / Maxx) — Motor 1.0 / 1.4 8V Flex (2006 a 2012)


⚠️ ALERTAS DE COMPATIBILIDADE
• Máscara Negra esportiva.
• Lado Direito (Passageiro).
• Recomendamos comparar o código gravado na sua peça com os códigos informados abaixo.
• Em caso de dúvidas sobre ano/versão, pergunte no campo abaixo antes de comprar!


⚙️ ESPECIFICAÇÕES TÉCNICAS
• Fabricante: Orgus / Megavox
• Código da Peça: MG30095R
• Código Original (OEM): 93356880, 94749138
• Códigos Similares: Arteb 160662, Depo 215-1194R-ND-B, Fitam 21092D
• Tipo Foco: Foco Simples com Máscara Negra Esportiva
• Material Lente: Acrílico / Policarbonato
• Encaixe Lampada: H4
• Condição: Produto 100% novo, lacrado na embalagem original


📦 CONTEÚDO & GARANTIA
• 01 Farol Chevrolet Celta Máscara Negra Foco Simples Lado Direito Orgus MG30095R (Orgus / Megavox MG30095R)
• Acompanha Nota Fiscal Eletrônica (PF e PJ)
• Garantia de 3 meses contra defeitos de fabricação


❓ DÚVIDAS FREQUENTES
• Pronta Entrega: Sim, todos os produtos anunciados estão em estoque físico para envio imediato.
• Frete e Prazo: Calculados automaticamente pelo Mercado Envios digitando seu CEP no anúncio.
• Instalação: Recomendamos que a montagem seja feita por profissional especializado.


🛡️ BUSK Peças — Qualidade, Agilidade & Confiança"
SKU-057-ART-160392;Farol Celta 2000 a 2006 Mascara Cromada LD Arteb 160392;250.0;1;Novo;Arteb;160392;93356878;6 meses;Garantia do vendedor;"🚗 APLICAÇÃO VEICULAR
Confira os modelos e anos compatíveis:

• Chevrolet Celta (Life / Spirit / Super) — Motor 1.0 8V / 1.4 8V VHC Gasolina / Flex (2000 a 2006)


⚠️ ALERTAS DE COMPATIBILIDADE
• LADO DIREITO (PASSAGEIRO): Farol dianteiro exclusivo do lado direito.
• EXCLUSIVO CELTA G1 (2000 A 2006): NÃO serve no Celta G2 Frente Nova (2007 a 2015).
• NÃO SERVE NO PRISMA: O Chevrolet Prisma utiliza o farol do Celta G2 (2007 a 2012), incompatível com este modelo.
• LÂMPADAS: Utiliza lâmpada H4 no farol principal (lâmpadas não inclusas).
• Recomendamos comparar o código gravado na sua peça com os códigos informados abaixo.
• Em caso de dúvidas sobre ano/versão, pergunte no campo abaixo antes de comprar!


⚙️ ESPECIFICAÇÕES TÉCNICAS
• Fabricante: Arteb
• Código da Peça: 160392
• Código Original (OEM): 93356878, 93282246
• Códigos Similares: Orgus FA-135D, Fitam 21080D, Depo 215-1175R
• Configuração De Foco: Foco Simples Parabólico (Lâmpada H4 Farol Baixo e Alto)
• Acabamento Da Máscara: Máscara Cromada de Alta Refletividade
• Material Da Lente: Policarbonato Óptico com Tratamento Anti-UV
• Material Da Carcaça: Polipropileno Reforçado Termorresistente
• Sistema De Regulagem: Manual
• Encaixe De Lâmpadas: H4 (Farol Principal) / W5W (Lanterna/Pingo) / PY21W (Pisca)
• Padrão De Fabricação: Padrão Original Arteb (Fornecedor Homologado Linha de Montagem GM)
• Condição: Produto 100% novo, lacrado na embalagem original


📦 CONTEÚDO & GARANTIA
• 01 Farol Chevrolet Celta Máscara Cromada Lado Direito Arteb 160392 (Arteb 160392)
• Acompanha Nota Fiscal Eletrônica (PF e PJ)
• Garantia de 6 meses contra defeitos de fabricação


❓ DÚVIDAS FREQUENTES
• Pronta Entrega: Sim, todos os produtos anunciados estão em estoque físico para envio imediato.
• Frete e Prazo: Calculados automaticamente pelo Mercado Envios digitando seu CEP no anúncio.
• Instalação: Recomendamos que a montagem seja feita por profissional especializado.


🛡️ BUSK Peças — Qualidade, Agilidade & Confiança"
SKU-058-ART-160662;Farol Celta 2007 a 2015 Prisma Masc Negra LD Arteb 160662;380.0;1;Novo;Arteb;160662;94749138;6 meses;Garantia do vendedor;"🚗 APLICAÇÃO VEICULAR
Confira os modelos e anos compatíveis:

• Chevrolet Celta (Life / Spirit / Super / LT / Advantage) — Motor 1.0 8V / 1.4 8V VHCE Flex (2007 a 2015)
• Chevrolet Prisma (Joy / Maxx / LT) — Motor 1.0 8V / 1.4 8V Econoflex Flex (2007 a 2012)


⚠️ ALERTAS DE COMPATIBILIDADE
• LADO DIREITO (PASSAGEIRO): Farol dianteiro exclusivo do lado direito.
• EXCLUSIVO CELTA G2 E PRISMA G1 (2007 A 2015): Aplica-se ao Celta G2 (2007 a 2015) e Prisma G1 (2007 a 2012).
• NÃO SERVE NO CELTA G1 (2000 A 2006): Carcaça e encaixes ópticos totalmente diferentes do modelo antigo.
• NÃO SERVE NO PRISMA G2 (ONIX): Não serve no Prisma geração 2 derivado do Onix (2013 em diante).
• Recomendamos comparar o código gravado na sua peça com os códigos informados abaixo.
• Em caso de dúvidas sobre ano/versão, pergunte no campo abaixo antes de comprar!


⚙️ ESPECIFICAÇÕES TÉCNICAS
• Fabricante: Arteb
• Código da Peça: 160662
• Código Original (OEM): 94749138, 93356880
• Códigos Similares: Orgus FA-146D, Fitam 21090D, Depo 215-1191R
• Configuração De Foco: Foco Simples Parabólico (Lâmpada H4 Farol Baixo e Alto)
• Acabamento Da Máscara: Máscara Negra Esportiva Original (Dark / Black)
• Material Da Lente: Policarbonato Óptico com Tratamento Anti-UV
• Material Da Carcaça: Polipropileno Reforçado Termorresistente
• Sistema De Regulagem: Manual
• Encaixe De Lâmpadas: H4 (Farol Principal) / W5W (Lanterna) / PY21W (Pisca)
• Padrão De Fabricação: Padrão Original Arteb (Fornecedor Homologado GM)
• Condição: Produto 100% novo, lacrado na embalagem original


📦 CONTEÚDO & GARANTIA
• 01 Farol Chevrolet Celta e Prisma Máscara Negra Lado Direito Arteb 160662 (Arteb 160662)
• Acompanha Nota Fiscal Eletrônica (PF e PJ)
• Garantia de 6 meses contra defeitos de fabricação


❓ DÚVIDAS FREQUENTES
• Pronta Entrega: Sim, todos os produtos anunciados estão em estoque físico para envio imediato.
• Frete e Prazo: Calculados automaticamente pelo Mercado Envios digitando seu CEP no anúncio.
• Instalação: Recomendamos que a montagem seja feita por profissional especializado.


🛡️ BUSK Peças — Qualidade, Agilidade & Confiança"
SKU-059-ART-160391;Farol Celta 2000 a 2006 Mascara Cromada LE Arteb 160391;250.0;1;Novo;Arteb;160391;93356877;6 meses;Garantia do vendedor;"🚗 APLICAÇÃO VEICULAR
Confira os modelos e anos compatíveis:

• Chevrolet Celta (Life / Spirit / Super) — Motor 1.0 8V / 1.4 8V VHC Gasolina / Flex (2000 a 2006)


⚠️ ALERTAS DE COMPATIBILIDADE
• LADO ESQUERDO (MOTORISTA): Farol dianteiro exclusivo do lado esquerdo.
• EXCLUSIVO CELTA G1 (2000 A 2006): NÃO serve no Celta G2 Frente Nova (2007 a 2015).
• NÃO SERVE NO PRISMA: O Prisma utiliza o farol do Celta G2, incompatível com este modelo.
• LÂMPADAS: Utiliza lâmpada H4 no farol principal (lâmpadas não inclusas).
• Recomendamos comparar o código gravado na sua peça com os códigos informados abaixo.
• Em caso de dúvidas sobre ano/versão, pergunte no campo abaixo antes de comprar!


⚙️ ESPECIFICAÇÕES TÉCNICAS
• Fabricante: Arteb
• Código da Peça: 160391
• Código Original (OEM): 93356877, 93282245
• Códigos Similares: Orgus FA-135E, Fitam 21080E, Depo 215-1175L
• Configuração De Foco: Foco Simples Parabólico (Lâmpada H4 Farol Baixo e Alto)
• Acabamento Da Máscara: Máscara Cromada Tradicional
• Material Da Lente: Policarbonato Óptico com Tratamento Anti-UV
• Material Da Carcaça: Polipropileno Reforçado Termorresistente
• Sistema De Regulagem: Manual
• Encaixe De Lâmpadas: H4 (Farol Principal) / W5W (Lanterna) / PY21W (Pisca)
• Padrão De Fabricação: Padrão Original Arteb (Fornecedor Homologado Linha de Montagem GM)
• Condição: Produto 100% novo, lacrado na embalagem original


📦 CONTEÚDO & GARANTIA
• 01 Farol Chevrolet Celta Máscara Cromada Lado Esquerdo Arteb 160391 (Arteb 160391)
• Acompanha Nota Fiscal Eletrônica (PF e PJ)
• Garantia de 6 meses contra defeitos de fabricação


❓ DÚVIDAS FREQUENTES
• Pronta Entrega: Sim, todos os produtos anunciados estão em estoque físico para envio imediato.
• Frete e Prazo: Calculados automaticamente pelo Mercado Envios digitando seu CEP no anúncio.
• Instalação: Recomendamos que a montagem seja feita por profissional especializado.


🛡️ BUSK Peças — Qualidade, Agilidade & Confiança"
SKU-060-ART-160756;Farol Classic 2010 a 2016 Mascara Cromada LD Arteb 160756;350.0;1;Novo;Arteb;160756;94705574;6 meses;Garantia do vendedor;"🚗 APLICAÇÃO VEICULAR
Confira os modelos e anos compatíveis:

• Chevrolet Classic (LS / Life / Spirit / Advantage) — Motor 1.0 8V VHCE Flexpower Flex (2010 a 2016)


⚠️ ALERTAS DE COMPATIBILIDADE
• LADO DIREITO (PASSAGEIRO): Farol dianteiro exclusivo do lado direito.
• EXCLUSIVO CLASSIC FRENTE NOVA (2010 A 2016): Aplica-se apenas ao Classic reestilizado (grade e para-choque novos).
• NÃO SERVE NO CORSA / CLASSIC ANTIGO (1994 A 2009): O modelo antigo usa farol com lente de vidro e formato trapezoidal diferente.
• CÚPULA DEFLETORA INTERNA: Possui cúpula defletora metálica antiofuscamento original de fábrica.
• Recomendamos comparar o código gravado na sua peça com os códigos informados abaixo.
• Em caso de dúvidas sobre ano/versão, pergunte no campo abaixo antes de comprar!


⚙️ ESPECIFICAÇÕES TÉCNICAS
• Fabricante: Arteb
• Código da Peça: 160756
• Código Original (OEM): 94705574, 93382104
• Códigos Similares: Orgus FA-178D, Fitam 21096D, Depo 215-11A8R
• Configuração De Foco: Foco Simples Parabólico com Cúpula Defletora Antiofuscamento
• Acabamento Da Máscara: Máscara Cromada com Cúpula Interna Metálica
• Material Da Lente: Policarbonato Óptico Liso com Tratamento Anti-UV
• Material Da Carcaça: Polipropileno Reforçado Termorresistente
• Sistema De Regulagem: Manual
• Encaixe De Lâmpadas: H4 (Farol Baixo/Alto) / W5W (Lanterna) / PY21W (Pisca)
• Padrão De Fabricação: Padrão Original Arteb (Fornecedor Homologado Montadora GM)
• Condição: Produto 100% novo, lacrado na embalagem original


📦 CONTEÚDO & GARANTIA
• 01 Farol Chevrolet Classic Máscara Cromada com Cúpula Lado Direito Arteb 160756 (Arteb 160756)
• Acompanha Nota Fiscal Eletrônica (PF e PJ)
• Garantia de 6 meses contra defeitos de fabricação


❓ DÚVIDAS FREQUENTES
• Pronta Entrega: Sim, todos os produtos anunciados estão em estoque físico para envio imediato.
• Frete e Prazo: Calculados automaticamente pelo Mercado Envios digitando seu CEP no anúncio.
• Instalação: Recomendamos que a montagem seja feita por profissional especializado.


🛡️ BUSK Peças — Qualidade, Agilidade & Confiança"
SKU-061-ART-160755;Farol Classic 2010 a 2016 Mascara Cromada LE Arteb 160755;350.0;1;Novo;Arteb;160755;94705573;6 meses;Garantia do vendedor;"🚗 APLICAÇÃO VEICULAR
Confira os modelos e anos compatíveis:

• Chevrolet Classic (LS / Life / Spirit / Advantage) — Motor 1.0 8V VHCE Flexpower Flex (2010 a 2016)


⚠️ ALERTAS DE COMPATIBILIDADE
• LADO ESQUERDO (MOTORISTA): Farol dianteiro exclusivo do lado esquerdo.
• EXCLUSIVO CLASSIC FRENTE NOVA (2010 A 2016): Aplica-se apenas ao Classic reestilizado.
• NÃO SERVE NO CORSA / CLASSIC ANTIGO (1994 A 2009): Lente e carcaça incompatíveis com a frente antiga.
• CÚPULA DEFLETORA INTERNA: Possui cúpula defletora metálica antiofuscamento original de fábrica.
• Recomendamos comparar o código gravado na sua peça com os códigos informados abaixo.
• Em caso de dúvidas sobre ano/versão, pergunte no campo abaixo antes de comprar!


⚙️ ESPECIFICAÇÕES TÉCNICAS
• Fabricante: Arteb
• Código da Peça: 160755
• Código Original (OEM): 94705573, 93382103
• Códigos Similares: Orgus FA-178E, Fitam 21096E, Depo 215-11A8L
• Configuração De Foco: Foco Simples Parabólico com Cúpula Defletora Antiofuscamento
• Acabamento Da Máscara: Máscara Cromada com Cúpula Interna Metálica
• Material Da Lente: Policarbonato Óptico Liso com Tratamento Anti-UV
• Material Da Carcaça: Polipropileno Reforçado Termorresistente
• Sistema De Regulagem: Manual
• Encaixe De Lâmpadas: H4 (Farol Baixo/Alto) / W5W (Lanterna) / PY21W (Pisca)
• Padrão De Fabricação: Padrão Original Arteb (Fornecedor Homologado Montadora GM)
• Condição: Produto 100% novo, lacrado na embalagem original


📦 CONTEÚDO & GARANTIA
• 01 Farol Chevrolet Classic Máscara Cromada com Cúpula Lado Esquerdo Arteb 160755 (Arteb 160755)
• Acompanha Nota Fiscal Eletrônica (PF e PJ)
• Garantia de 6 meses contra defeitos de fabricação


❓ DÚVIDAS FREQUENTES
• Pronta Entrega: Sim, todos os produtos anunciados estão em estoque físico para envio imediato.
• Frete e Prazo: Calculados automaticamente pelo Mercado Envios digitando seu CEP no anúncio.
• Instalação: Recomendamos que a montagem seja feita por profissional especializado.


🛡️ BUSK Peças — Qualidade, Agilidade & Confiança"
SKU-062-ART-160180;Farol Corsa 94 a 02 Classic 03 a 09 Vidro LD Arteb 160180;230.0;1;Novo;Arteb;160180;93244840;6 meses;Garantia do vendedor;"🚗 APLICAÇÃO VEICULAR
Confira os modelos e anos compatíveis:

• Chevrolet Classic (Life / Spirit / Super) — Motor 1.0 / 1.6 8V VHC / Flexpower Gasolina / Flex (2003 a 2009)
• Chevrolet Corsa (Hatch / Sedan / Wagon / Pick-up) (Wind / GL / GLS / Super / Champ) — Motor 1.0 / 1.4 / 1.6 8V e 16V Gasolina (1994 a 2002)


⚠️ ALERTAS DE COMPATIBILIDADE
• LADO DIREITO (PASSAGEIRO): Farol dianteiro exclusivo do lado direito.
• LENTE DE VIDRO CRISTAL LEGÍTIMO: Lente em vidro estriado clássico resistente a riscos e pedriscos.
• APLICAÇÃO: Corsa Hatch/Sedan/Wagon/Pick-up (1994 a 2002) e Classic Frente Antiga (2003 a 2009).
• NÃO SERVE NO CLASSIC FRENTE NOVA (2010 A 2016): O Classic reestilizado usa farol de lente plástica.
• NÃO SERVE NO NOVO CORSA / CORSA C (2002 A 2012): Incompatível com o modelo de frente tipo Montana.
• Recomendamos comparar o código gravado na sua peça com os códigos informados abaixo.
• Em caso de dúvidas sobre ano/versão, pergunte no campo abaixo antes de comprar!


⚙️ ESPECIFICAÇÕES TÉCNICAS
• Fabricante: Arteb
• Código da Peça: 160180
• Código Original (OEM): 93244840, 93220456
• Códigos Similares: Orgus FA-130D, Fitam 21060D, Cibié 042840
• Configuração De Foco: Foco Simples Parabólico com Estrias Prismáticas na Lente
• Acabamento Da Máscara: Refletor Metalizado / Cromado de Alta Refletância
• Material Da Lente: Vidro Cristal Estriado de Alta Resistência a Riscos e Abrasão
• Material Da Carcaça: Termoplástico Injetado Reforçado
• Sistema De Regulagem: Manual
• Encaixe De Lâmpadas: H4 (Farol Baixo/Alto) / W5W (Lanterna)
• Padrão De Fabricação: Padrão Original Arteb de Montadora GM
• Condição: Produto 100% novo, lacrado na embalagem original


📦 CONTEÚDO & GARANTIA
• 01 Farol Chevrolet Corsa e Classic Lente de Vidro Lado Direito Arteb 160180 (Arteb 160180)
• Acompanha Nota Fiscal Eletrônica (PF e PJ)
• Garantia de 6 meses contra defeitos de fabricação


❓ DÚVIDAS FREQUENTES
• Pronta Entrega: Sim, todos os produtos anunciados estão em estoque físico para envio imediato.
• Frete e Prazo: Calculados automaticamente pelo Mercado Envios digitando seu CEP no anúncio.
• Instalação: Recomendamos que a montagem seja feita por profissional especializado.


🛡️ BUSK Peças — Qualidade, Agilidade & Confiança"
SKU-063-ART-160179;Farol Corsa 94 a 02 Classic 03 a 09 Vidro LE Arteb 160179;230.0;1;Novo;Arteb;160179;93244839;6 meses;Garantia do vendedor;"🚗 APLICAÇÃO VEICULAR
Confira os modelos e anos compatíveis:

• Chevrolet Classic (Life / Spirit / Super) — Motor 1.0 / 1.6 8V VHC / Flexpower Gasolina / Flex (2003 a 2009)
• Chevrolet Corsa (Hatch / Sedan / Wagon / Pick-up) (Wind / GL / GLS / Super / Champ) — Motor 1.0 / 1.4 / 1.6 8V e 16V Gasolina (1994 a 2002)


⚠️ ALERTAS DE COMPATIBILIDADE
• LADO ESQUERDO (MOTORISTA): Farol dianteiro exclusivo do lado esquerdo.
• LENTE DE VIDRO CRISTAL LEGÍTIMO: Lente em vidro estriado clássico que não amarela.
• APLICAÇÃO: Corsa Hatch/Sedan/Wagon/Pick-up (1994 a 2002) e Classic Frente Antiga (2003 a 2009).
• NÃO SERVE NO CLASSIC FRENTE NOVA (2010 A 2016): Incompatível com o modelo de farol plástico reestilizado.
• NÃO SERVE NO NOVO CORSA / CORSA C (2002 A 2012): Incompatível com a frente tipo Montana.
• Recomendamos comparar o código gravado na sua peça com os códigos informados abaixo.
• Em caso de dúvidas sobre ano/versão, pergunte no campo abaixo antes de comprar!


⚙️ ESPECIFICAÇÕES TÉCNICAS
• Fabricante: Arteb
• Código da Peça: 160179
• Código Original (OEM): 93244839, 93220455
• Códigos Similares: Orgus FA-130E, Fitam 21060E, Cibié 042839
• Configuração De Foco: Foco Simples Parabólico com Estrias Prismáticas na Lente
• Acabamento Da Máscara: Refletor Metalizado / Cromado de Alta Refletância
• Material Da Lente: Vidro Cristal Estriado de Alta Resistência a Riscos e Abrasão
• Material Da Carcaça: Termoplástico Injetado Reforçado
• Sistema De Regulagem: Manual
• Encaixe De Lâmpadas: H4 (Farol Baixo/Alto) / W5W (Lanterna)
• Padrão De Fabricação: Padrão Original Arteb de Montadora GM
• Condição: Produto 100% novo, lacrado na embalagem original


📦 CONTEÚDO & GARANTIA
• 01 Farol Chevrolet Corsa e Classic Lente de Vidro Lado Esquerdo Arteb 160179 (Arteb 160179)
• Acompanha Nota Fiscal Eletrônica (PF e PJ)
• Garantia de 6 meses contra defeitos de fabricação


❓ DÚVIDAS FREQUENTES
• Pronta Entrega: Sim, todos os produtos anunciados estão em estoque físico para envio imediato.
• Frete e Prazo: Calculados automaticamente pelo Mercado Envios digitando seu CEP no anúncio.
• Instalação: Recomendamos que a montagem seja feita por profissional especializado.


🛡️ BUSK Peças — Qualidade, Agilidade & Confiança"
SKU-064-ART-160711;Farol Gol G5 Voyage Saveiro Mascara Negra LE Arteb 160711;480.0;2;Novo;Arteb;160711;5U1941007B;6 meses;Garantia do vendedor;"🚗 APLICAÇÃO VEICULAR
Confira os modelos e anos compatíveis:

• Volkswagen Gol G5 (Power / Rallye / Trend / Seleção / City) — Motor 1.0 8V / 1.6 8V EA111 Total Flex (2008 a 2012)
• Volkswagen Saveiro G5 (Cross / Trooper / Trend / CE / CD) — Motor 1.6 8V EA111 Total Flex (2009 a 2013)
• Volkswagen Voyage G5 (Comfortline / Trend / Highline) — Motor 1.0 8V / 1.6 8V EA111 Total Flex (2008 a 2012)


⚠️ ALERTAS DE COMPATIBILIDADE
• LADO ESQUERDO (MOTORISTA): Farol dianteiro exclusivo do lado esquerdo.
• FOCO DUPLO (H7 + H1): Utiliza lâmpada H7 no baixo e H1 no alto. Não serve em versões com foco simples (H4) sem adaptação no chicote.
• EXCLUSIVO GERAÇÃO 5 (2008 A 2013): Aplica-se ao Gol G5 (2008 a 2012), Voyage G5 (2008 a 2012) e Saveiro G5 (2009 a 2013).
• NÃO SERVE EM GOL G4 NEM EM GOL G6/G7: Incompatível com o Gol G4 (2006 a 2014) e com o Gol G6 (2013 a 2016).
• Recomendamos comparar o código gravado na sua peça com os códigos informados abaixo.
• Em caso de dúvidas sobre ano/versão, pergunte no campo abaixo antes de comprar!


⚙️ ESPECIFICAÇÕES TÉCNICAS
• Fabricante: Arteb
• Código da Peça: 160711
• Código Original (OEM): 5U1941007B, 5U1941043C
• Códigos Similares: Orgus FA-167E, Depo 441-1186L-ND-B, Fitam 21105E
• Configuração De Foco: Foco Duplo Parabólico Independente (H7 Farol Baixo / H1 Farol Alto)
• Acabamento Da Máscara: Máscara Negra Esportiva (Black Edition Original)
• Material Da Lente: Policarbonato Óptico com Verniz Protetor Anti-UV
• Material Da Carcaça: Polipropileno Injetado de Alta Densidade
• Sistema De Regulagem: Manual com suporte para motor elétrico de regulagem
• Encaixe De Lâmpadas: H7 (Farol Baixo) / H1 (Farol Alto) / W5W (Lanterna) / PY21W (Pisca)
• Padrão De Fabricação: Padrão Original Arteb (Fornecedor Linha de Montagem Volkswagen)
• Condição: Produto 100% novo, lacrado na embalagem original


📦 CONTEÚDO & GARANTIA
• 01 Farol Volkswagen Gol, Voyage e Saveiro G5 Máscara Negra Foco Duplo Lado Esquerdo Arteb 160711 (Arteb 160711)
• Acompanha Nota Fiscal Eletrônica (PF e PJ)
• Garantia de 6 meses contra defeitos de fabricação


❓ DÚVIDAS FREQUENTES
• Pronta Entrega: Sim, todos os produtos anunciados estão em estoque físico para envio imediato.
• Frete e Prazo: Calculados automaticamente pelo Mercado Envios digitando seu CEP no anúncio.
• Instalação: Recomendamos que a montagem seja feita por profissional especializado.


🛡️ BUSK Peças — Qualidade, Agilidade & Confiança"
SKU-065-ART-160820;Farol Gol G6 Voyage Saveiro Mascara Negra LD Arteb 160820;600.0;1;Novo;Arteb;160820;5U1941008H;6 meses;Garantia do vendedor;"🚗 APLICAÇÃO VEICULAR
Confira os modelos e anos compatíveis:

• Volkswagen Gol G6 (Highline / Rallye / Comfortline / Trendline / Seleção) — Motor 1.0 8V / 1.6 8V EA111 Total Flex (2013 a 2016)
• Volkswagen Saveiro G6 (Cross / Trooper / Trendline / Startline) — Motor 1.6 8V EA111 / 1.6 16V MSI Total Flex (2013 a 2016)
• Volkswagen Voyage G6 (Highline / Comfortline / Evidence / Trendline) — Motor 1.0 8V / 1.6 8V EA111 Total Flex (2013 a 2016)


⚠️ ALERTAS DE COMPATIBILIDADE
• LADO DIREITO (PASSAGEIRO): Farol dianteiro exclusivo do lado direito.
• EXCLUSIVO GERAÇÃO 6 (2013 A 2016): Aplica-se ao Gol G6, Voyage G6 e Saveiro G6 de 2013 a 2016.
• NÃO SERVE EM GOL G5 (2008 A 2012): Grade, para-choque e formato do farol são diferentes.
• NÃO SERVE EM GOL G7 / G8 (2016 EM DIANTE): Grade e encaixes reestilizados na geração 7.
• FOCO DUPLO: Utiliza lâmpadas H7 (baixo) e H1 (alto).
• Recomendamos comparar o código gravado na sua peça com os códigos informados abaixo.
• Em caso de dúvidas sobre ano/versão, pergunte no campo abaixo antes de comprar!


⚙️ ESPECIFICAÇÕES TÉCNICAS
• Fabricante: Arteb
• Código da Peça: 160820
• Código Original (OEM): 5U1941008H, 5U1941044H
• Códigos Similares: Orgus FA-183D, Fitam 21110D, Depo 441-11A2R
• Configuração De Foco: Foco Duplo Parabólico Independente (H7 Farol Baixo / H1 Farol Alto)
• Acabamento Da Máscara: Máscara Negra Esportiva Original (Black)
• Material Da Lente: Policarbonato Óptico com Tratamento Anti-UV
• Material Da Carcaça: Polipropileno Reforçado de Alta Densidade
• Sistema De Regulagem: Manual com suporte para atuador elétrico
• Encaixe De Lâmpadas: H7 (Baixo) / H1 (Alto) / W5W (Lanterna) / PY21W (Pisca)
• Padrão De Fabricação: Padrão Original Arteb (Fornecedor Homologado Montadora Volkswagen)
• Condição: Produto 100% novo, lacrado na embalagem original


📦 CONTEÚDO & GARANTIA
• 01 Farol Volkswagen Gol, Voyage e Saveiro G6 Máscara Negra Foco Duplo Lado Direito Arteb 160820 (Arteb 160820)
• Acompanha Nota Fiscal Eletrônica (PF e PJ)
• Garantia de 6 meses contra defeitos de fabricação


❓ DÚVIDAS FREQUENTES
• Pronta Entrega: Sim, todos os produtos anunciados estão em estoque físico para envio imediato.
• Frete e Prazo: Calculados automaticamente pelo Mercado Envios digitando seu CEP no anúncio.
• Instalação: Recomendamos que a montagem seja feita por profissional especializado.


🛡️ BUSK Peças — Qualidade, Agilidade & Confiança"
SKU-066-ART-160819;Farol Gol G6 Voyage Saveiro Mascara Negra LE Arteb 160819;600.0;1;Novo;Arteb;160819;5U1941007H;6 meses;Garantia do vendedor;"🚗 APLICAÇÃO VEICULAR
Confira os modelos e anos compatíveis:

• Volkswagen Gol G6 (Highline / Rallye / Comfortline / Trendline / Seleção) — Motor 1.0 8V / 1.6 8V EA111 Total Flex (2013 a 2016)
• Volkswagen Saveiro G6 (Cross / Trooper / Trendline / Startline) — Motor 1.6 8V EA111 / 1.6 16V MSI Total Flex (2013 a 2016)
• Volkswagen Voyage G6 (Highline / Comfortline / Evidence / Trendline) — Motor 1.0 8V / 1.6 8V EA111 Total Flex (2013 a 2016)


⚠️ ALERTAS DE COMPATIBILIDADE
• LADO ESQUERDO (MOTORISTA): Farol dianteiro exclusivo do lado esquerdo.
• EXCLUSIVO GERAÇÃO 6 (2013 A 2016): Aplica-se ao Gol G6, Voyage G6 e Saveiro G6 de 2013 a 2016.
• NÃO SERVE EM GOL G5 (2008 A 2012): Grade, para-choque e desenho do farol incompatíveis.
• NÃO SERVE EM GOL G7 / G8 (2016 EM DIANTE): Incompatível com o modelo reestilizado G7.
• FOCO DUPLO: Utiliza lâmpadas H7 (baixo) e H1 (alto).
• Recomendamos comparar o código gravado na sua peça com os códigos informados abaixo.
• Em caso de dúvidas sobre ano/versão, pergunte no campo abaixo antes de comprar!


⚙️ ESPECIFICAÇÕES TÉCNICAS
• Fabricante: Arteb
• Código da Peça: 160819
• Código Original (OEM): 5U1941007H, 5U1941043H
• Códigos Similares: Orgus FA-183E, Fitam 21110E, Depo 441-11A2L
• Configuração De Foco: Foco Duplo Parabólico Independente (H7 Farol Baixo / H1 Farol Alto)
• Acabamento Da Máscara: Máscara Negra Esportiva Original (Black)
• Material Da Lente: Policarbonato Óptico com Tratamento Anti-UV
• Material Da Carcaça: Polipropileno Reforçado de Alta Densidade
• Sistema De Regulagem: Manual com suporte para atuador elétrico
• Encaixe De Lâmpadas: H7 (Baixo) / H1 (Alto) / W5W (Lanterna) / PY21W (Pisca)
• Padrão De Fabricação: Padrão Original Arteb (Fornecedor Homologado Montadora Volkswagen)
• Condição: Produto 100% novo, lacrado na embalagem original


📦 CONTEÚDO & GARANTIA
• 01 Farol Volkswagen Gol, Voyage e Saveiro G6 Máscara Negra Foco Duplo Lado Esquerdo Arteb 160819 (Arteb 160819)
• Acompanha Nota Fiscal Eletrônica (PF e PJ)
• Garantia de 6 meses contra defeitos de fabricação


❓ DÚVIDAS FREQUENTES
• Pronta Entrega: Sim, todos os produtos anunciados estão em estoque físico para envio imediato.
• Frete e Prazo: Calculados automaticamente pelo Mercado Envios digitando seu CEP no anúncio.
• Instalação: Recomendamos que a montagem seja feita por profissional especializado.


🛡️ BUSK Peças — Qualidade, Agilidade & Confiança"
SKU-067-FIT-FW64LEA;Farol Gol G2 Bola Parati Saveiro 95 a 99 LE Fitam FW64LEA;190.0;1;Novo;Fitam;FW64LEA;377941017;3 meses;Garantia do vendedor;"🚗 APLICAÇÃO VEICULAR
Confira os modelos e anos compatíveis:

• Volkswagen Gol G2 (Bola) (CL / GL / GLS / Plus / Star / Atlanta / Special) — Motor 1.0 CHT/AT / 1.6 / 1.8 / 2.0 AP Gasolina / Álcool (1995 a 1999)
• Volkswagen Parati G2 (CL / GL / GLS / Club) — Motor 1.6 / 1.8 / 2.0 AP Gasolina / Álcool (1996 a 1999)
• Volkswagen Saveiro G2 (CL / GL / Summer) — Motor 1.6 / 1.8 / 2.0 AP Gasolina / Álcool (1997 a 2000)


⚠️ ALERTAS DE COMPATIBILIDADE
• LADO ESQUERDO (MOTORISTA): Farol dianteiro exclusivo do lado esquerdo.
• APLICAÇÃO GOL G2 BOLA (1995 A 1999 / SPECIAL ATÉ 2005): Aplica-se ao Gol G2, Parati G2 (1996 a 1999) e Saveiro G2 (1997 a 2000).
• FOCO SIMPLES (H4): Modelo de foco simples com lâmpada H4.
• NÃO SERVE NO GOL G2 GTI 16V / TSI: Os modelos esportivos GTI/TSI utilizam farol de foco duplo com cúpula redonda.
• NÃO SERVE EM GOL G3 (1999 A 2005) NEM GOL G1 QUADRADO (1980 A 1994).
• Recomendamos comparar o código gravado na sua peça com os códigos informados abaixo.
• Em caso de dúvidas sobre ano/versão, pergunte no campo abaixo antes de comprar!


⚙️ ESPECIFICAÇÕES TÉCNICAS
• Fabricante: Fitam
• Código da Peça: FW64LEA
• Código Original (OEM): 377941017, 377941015, 377941005
• Códigos Similares: Orgus FA-150E, Arteb 160151, Cibié 042851
• Configuração De Foco: Foco Simples Parabólico (Lâmpada H4 Farol Baixo e Alto)
• Acabamento Da Máscara: Refletor Cromado Metalizado Clássico
• Material Da Lente: Vidro Cristal / Policarbonato Estriado de Alta Resistência
• Material Da Carcaça: Termoplástico Injetado de Alta Rigidez
• Sistema De Regulagem: Manual
• Encaixe De Lâmpadas: H4 (Farol Baixo/Alto) / W5W (Lanterna)
• Padrão De Fabricação: Padrão de Reposição Premium Fitam
• Condição: Produto 100% novo, lacrado na embalagem original


📦 CONTEÚDO & GARANTIA
• 01 Farol Volkswagen Gol, Parati e Saveiro G2 Bola Foco Simples Lado Esquerdo Fitam FW64LEA (Fitam FW64LEA)
• Acompanha Nota Fiscal Eletrônica (PF e PJ)
• Garantia de 3 meses contra defeitos de fabricação


❓ DÚVIDAS FREQUENTES
• Pronta Entrega: Sim, todos os produtos anunciados estão em estoque físico para envio imediato.
• Frete e Prazo: Calculados automaticamente pelo Mercado Envios digitando seu CEP no anúncio.
• Instalação: Recomendamos que a montagem seja feita por profissional especializado.


🛡️ BUSK Peças — Qualidade, Agilidade & Confiança"
SKU-068-FIT-FW64LDA;Farol Gol G2 Bola Parati Saveiro 95 a 99 LD Fitam FW64LDA;270.0;1;Novo;Fitam;FW64LDA;377941018;3 meses;Garantia do vendedor;"🚗 APLICAÇÃO VEICULAR
Confira os modelos e anos compatíveis:

• Volkswagen Gol G2 (Bola) (CL / GL / GLS / Plus / Star / Atlanta / Special) — Motor 1.0 CHT/AT / 1.6 / 1.8 / 2.0 AP Gasolina / Álcool (1995 a 1999)
• Volkswagen Parati G2 (CL / GL / GLS / Club) — Motor 1.6 / 1.8 / 2.0 AP Gasolina / Álcool (1996 a 1999)
• Volkswagen Saveiro G2 (CL / GL / Summer) — Motor 1.6 / 1.8 / 2.0 AP Gasolina / Álcool (1997 a 2000)


⚠️ ALERTAS DE COMPATIBILIDADE
• LADO DIREITO (PASSAGEIRO): Farol dianteiro exclusivo do lado direito.
• APLICAÇÃO GOL G2 BOLA (1995 A 1999 / SPECIAL ATÉ 2005): Aplica-se ao Gol G2, Parati G2 (1996 a 1999) e Saveiro G2 (1997 a 2000).
• FOCO SIMPLES (H4): Modelo de foco simples com lâmpada H4.
• NÃO SERVE NO GOL G2 GTI 16V / TSI: Não serve nos modelos GTI/TSI com farol duplo.
• NÃO SERVE EM GOL G3 (1999 A 2005) NEM GOL G1 QUADRADO (1980 A 1994).
• Recomendamos comparar o código gravado na sua peça com os códigos informados abaixo.
• Em caso de dúvidas sobre ano/versão, pergunte no campo abaixo antes de comprar!


⚙️ ESPECIFICAÇÕES TÉCNICAS
• Fabricante: Fitam
• Código da Peça: FW64LDA
• Código Original (OEM): 377941018, 377941016, 377941006
• Códigos Similares: Orgus FA-150D, Arteb 160152, Cibié 042852
• Configuração De Foco: Foco Simples Parabólico (Lâmpada H4 Farol Baixo e Alto)
• Acabamento Da Máscara: Refletor Cromado Metalizado Clássico
• Material Da Lente: Vidro Cristal / Policarbonato Estriado de Alta Resistência
• Material Da Carcaça: Termoplástico Injetado de Alta Rigidez
• Sistema De Regulagem: Manual
• Encaixe De Lâmpadas: H4 (Farol Baixo/Alto) / W5W (Lanterna)
• Padrão De Fabricação: Padrão de Reposição Premium Fitam
• Condição: Produto 100% novo, lacrado na embalagem original


📦 CONTEÚDO & GARANTIA
• 01 Farol Volkswagen Gol, Parati e Saveiro G2 Bola Foco Simples Lado Direito Fitam FW64LDA (Fitam FW64LDA)
• Acompanha Nota Fiscal Eletrônica (PF e PJ)
• Garantia de 3 meses contra defeitos de fabricação


❓ DÚVIDAS FREQUENTES
• Pronta Entrega: Sim, todos os produtos anunciados estão em estoque físico para envio imediato.
• Frete e Prazo: Calculados automaticamente pelo Mercado Envios digitando seu CEP no anúncio.
• Instalação: Recomendamos que a montagem seja feita por profissional especializado.


🛡️ BUSK Peças — Qualidade, Agilidade & Confiança"
SKU-069-ART-160654;Farol Gol G4 Parati Saveiro Mascara Cromada LD Arteb 160654;330.0;1;Novo;Arteb;160654;5X0941008;6 meses;Garantia do vendedor;"🚗 APLICAÇÃO VEICULAR
Confira os modelos e anos compatíveis:

• Volkswagen Gol G4 (City / Plus / Power / Trend / Copa / Titan) — Motor 1.0 8V / 1.6 8V / 1.8 8V Total Flex Flex (2006 a 2014)
• Volkswagen Parati G4 (City / Plus / Track & Field / Surf) — Motor 1.6 / 1.8 Total Flex Flex (2006 a 2012)
• Volkswagen Saveiro G4 (City / Plus / Super Surf / Surf / Crossover) — Motor 1.6 / 1.8 Total Flex Flex (2006 a 2010)


⚠️ ALERTAS DE COMPATIBILIDADE
• LADO DIREITO (PASSAGEIRO): Farol dianteiro exclusivo do lado direito.
• EXCLUSIVO GERAÇÃO 4 (2006 A 2014): Aplica-se ao Gol G4 (2006 a 2014), Parati G4 (2006 a 2012) e Saveiro G4 (2006 a 2010).
• NÃO SERVE NO GOL G3 (1999 A 2005): O Gol G3 possui formato óptico e fixações diferentes.
• NÃO SERVE NO GOL G5 (2008 A 2012): A geração 5 utiliza carroceria e faróis de plataforma NF.
• FOCO SIMPLES H4: Utiliza lâmpada H4 no farol principal.
• Recomendamos comparar o código gravado na sua peça com os códigos informados abaixo.
• Em caso de dúvidas sobre ano/versão, pergunte no campo abaixo antes de comprar!


⚙️ ESPECIFICAÇÕES TÉCNICAS
• Fabricante: Arteb
• Código da Peça: 160654
• Código Original (OEM): 5X0941008, 5X0941016
• Códigos Similares: Orgus FA-160D, Fitam 21100D, Depo 441-1172R
• Configuração De Foco: Foco Simples Parabólico (Lâmpada H4 Farol Baixo e Alto)
• Acabamento Da Máscara: Máscara Cromada de Alto Brilho
• Material Da Lente: Policarbonato Óptico Liso com Tratamento Anti-UV
• Material Da Carcaça: Polipropileno Reforçado Termorresistente
• Sistema De Regulagem: Manual
• Encaixe De Lâmpadas: H4 (Farol Baixo/Alto) / W5W (Lanterna) / PY21W (Pisca)
• Padrão De Fabricação: Padrão Original Arteb (Fornecedor Homologado Montadora Volkswagen)
• Condição: Produto 100% novo, lacrado na embalagem original


📦 CONTEÚDO & GARANTIA
• 01 Farol Volkswagen Gol, Parati e Saveiro G4 Máscara Cromada Lado Direito Arteb 160654 (Arteb 160654)
• Acompanha Nota Fiscal Eletrônica (PF e PJ)
• Garantia de 6 meses contra defeitos de fabricação


❓ DÚVIDAS FREQUENTES
• Pronta Entrega: Sim, todos os produtos anunciados estão em estoque físico para envio imediato.
• Frete e Prazo: Calculados automaticamente pelo Mercado Envios digitando seu CEP no anúncio.
• Instalação: Recomendamos que a montagem seja feita por profissional especializado.


🛡️ BUSK Peças — Qualidade, Agilidade & Confiança"
SKU-070-ART-160653;Farol Gol G4 Parati Saveiro Mascara Cromada LE Arteb 160653;330.0;1;Novo;Arteb;160653;5X0941007;6 meses;Garantia do vendedor;"🚗 APLICAÇÃO VEICULAR
Confira os modelos e anos compatíveis:

• Volkswagen Gol G4 (City / Plus / Power / Trend / Copa / Titan) — Motor 1.0 8V / 1.6 8V / 1.8 8V Total Flex Flex (2006 a 2014)
• Volkswagen Parati G4 (City / Plus / Track & Field / Surf) — Motor 1.6 / 1.8 Total Flex Flex (2006 a 2012)
• Volkswagen Saveiro G4 (City / Plus / Super Surf / Surf / Crossover) — Motor 1.6 / 1.8 Total Flex Flex (2006 a 2010)


⚠️ ALERTAS DE COMPATIBILIDADE
• LADO ESQUERDO (MOTORISTA): Farol dianteiro exclusivo do lado esquerdo.
• EXCLUSIVO GERAÇÃO 4 (2006 A 2014): Aplica-se ao Gol G4 (2006 a 2014), Parati G4 (2006 a 2012) e Saveiro G4 (2006 a 2010).
• NÃO SERVE NO GOL G3 (1999 A 2005): Encaixes e moldura frontal incompatíveis com a geração 3.
• NÃO SERVE NO GOL G5 (2008 A 2012): Incompatível com o Gol G5.
• FOCO SIMPLES H4: Utiliza lâmpada H4 no farol principal.
• Recomendamos comparar o código gravado na sua peça com os códigos informados abaixo.
• Em caso de dúvidas sobre ano/versão, pergunte no campo abaixo antes de comprar!


⚙️ ESPECIFICAÇÕES TÉCNICAS
• Fabricante: Arteb
• Código da Peça: 160653
• Código Original (OEM): 5X0941007, 5X0941015
• Códigos Similares: Orgus FA-160E, Fitam 21100E, Depo 441-1172L
• Configuração De Foco: Foco Simples Parabólico (Lâmpada H4 Farol Baixo e Alto)
• Acabamento Da Máscara: Máscara Cromada de Alto Brilho
• Material Da Lente: Policarbonato Óptico Liso com Tratamento Anti-UV
• Material Da Carcaça: Polipropileno Reforçado Termorresistente
• Sistema De Regulagem: Manual
• Encaixe De Lâmpadas: H4 (Farol Baixo/Alto) / W5W (Lanterna) / PY21W (Pisca)
• Padrão De Fabricação: Padrão Original Arteb (Fornecedor Homologado Montadora Volkswagen)
• Condição: Produto 100% novo, lacrado na embalagem original


📦 CONTEÚDO & GARANTIA
• 01 Farol Volkswagen Gol, Parati e Saveiro G4 Máscara Cromada Lado Esquerdo Arteb 160653 (Arteb 160653)
• Acompanha Nota Fiscal Eletrônica (PF e PJ)
• Garantia de 6 meses contra defeitos de fabricação


❓ DÚVIDAS FREQUENTES
• Pronta Entrega: Sim, todos os produtos anunciados estão em estoque físico para envio imediato.
• Frete e Prazo: Calculados automaticamente pelo Mercado Envios digitando seu CEP no anúncio.
• Instalação: Recomendamos que a montagem seja feita por profissional especializado.


🛡️ BUSK Peças — Qualidade, Agilidade & Confiança"
SKU-071-ORG-5783500437;Farol Gol Parati Saveiro 91 A 96 Chinesinho Vidro LD Orgus;140.0;1;Novo;Orgus;5783500437;3059410182;3 meses;Garantia do vendedor;"🚗 APLICAÇÃO VEICULAR
Confira os modelos e anos compatíveis:

• Volkswagen Gol Quadrado (G1) (CL / GL / GTS / GTI / Star) — Motor 1.6 CHT / 1.6 1.8 2.0 AP Gasolina / Álcool (1991 a 1996)
• Volkswagen Parati Quadrada (G1) (CL / GL / GLS / Club / Plus) — Motor 1.6 / 1.8 / 2.0 AP Gasolina / Álcool (1991 a 1995)
• Volkswagen Saveiro Quadrada (G1) (CL / GL / Summer / Sunset) — Motor 1.6 / 1.8 / 2.0 AP Gasolina / Álcool (1991 a 1997)
• Volkswagen Voyage Quadrado (G1) (CL / GL / GLS / Special / Sport) — Motor 1.6 / 1.8 AP Gasolina / Álcool (1991 a 1995)


⚠️ ALERTAS DE COMPATIBILIDADE
• Exclusivo para Gol, Parati, Saveiro e Voyage Quadrados modelo 'Chinesinho' (1991 a 1996/1997 com farol pequeno).
• Lente de Vidro Autêntica de alta durabilidade.
• Lado Direito (Passageiro).
• NÃO serve no Gol Bola G2 (1995 em diante).
• NÃO serve na linha Gol Quadrado de 1980 a 1990 (Frente Alta / Farol Grande).
• Recomendamos comparar o código gravado na sua peça com os códigos informados abaixo.
• Em caso de dúvidas sobre ano/versão, pergunte no campo abaixo antes de comprar!


⚙️ ESPECIFICAÇÕES TÉCNICAS
• Fabricante: Orgus
• Código da Peça: 5783500437
• Código Original (OEM): 3059410182, 3059410161
• Códigos Similares: Arteb 160114, Cibié 042452, Fortluz 114D, Nino F-62D
• Tipo Foco: Foco Simples Quadrado
• Material Lente: Vidro Cristal Estriado Pesado
• Encaixe Lampada: H4
• Lado: Direito (Passageiro)
• Condição: Produto 100% novo, lacrado na embalagem original


📦 CONTEÚDO & GARANTIA
• 01 Farol Volkswagen Gol Parati Saveiro Voyage Quadrado Lente Vidro Lado Direito Orgus 5783500437 (Orgus 5783500437)
• Acompanha Nota Fiscal Eletrônica (PF e PJ)
• Garantia de 3 meses contra defeitos de fabricação


❓ DÚVIDAS FREQUENTES
• Pronta Entrega: Sim, todos os produtos anunciados estão em estoque físico para envio imediato.
• Frete e Prazo: Calculados automaticamente pelo Mercado Envios digitando seu CEP no anúncio.
• Instalação: Recomendamos que a montagem seja feita por profissional especializado.


🛡️ BUSK Peças — Qualidade, Agilidade & Confiança"
SKU-072-ART-0160712;Farol Gol Voyage Saveiro G5 Foco Duplo Masc Negra LD Arteb;400.0;1;Novo;Arteb;0160712;5U1941008B;6 meses;Garantia do vendedor;"🚗 APLICAÇÃO VEICULAR
Confira os modelos e anos compatíveis:

• Volkswagen Gol G5 (Power / Rallye / Trend / Seleção) — Motor 1.0 / 1.6 8V EA111 VHT Flex (2008 a 2012)
• Volkswagen Saveiro G5 (Cross / Trooper / Trend / CE / CD) — Motor 1.6 8V EA111 VHT Flex (2009 a 2013)
• Volkswagen Voyage G5 (Comfortline / Trend / Highline) — Motor 1.0 / 1.6 8V EA111 VHT Flex (2008 a 2012)


⚠️ ALERTAS DE COMPATIBILIDADE
• Exclusivo para Gol G5, Voyage G5 e Saveiro G5 (2008 a 2012/2013) com Foco Duplo Máscara Negra.
• Lado Direito (Passageiro).
• Lâmpadas H7 (Farol Baixo) e H1 (Farol Alto).
• NÃO serve no Gol/Saveiro/Voyage G4 (2006 a 2014).
• NÃO serve no Gol/Saveiro/Voyage G6 (2012 a 2016).
• Recomendamos comparar o código gravado na sua peça com os códigos informados abaixo.
• Em caso de dúvidas sobre ano/versão, pergunte no campo abaixo antes de comprar!


⚙️ ESPECIFICAÇÕES TÉCNICAS
• Fabricante: Arteb
• Código da Peça: 0160712
• Código Original (OEM): 5U1941008B, 5U1941044C
• Códigos Similares: Orgus FA-167D, Fitam 21105D, Depo 441-1186R, TYC 20-12003-05-2
• Tipo Foco: Foco Duplo Máscara Negra
• Material Lente: Policarbonato com Proteção Anti-UV
• Encaixe Lampada: H7 (Farol Baixo) / H1 (Farol Alto)
• Lado: Direito (Passageiro)
• Condição: Produto 100% novo, lacrado na embalagem original


📦 CONTEÚDO & GARANTIA
• 01 Farol Volkswagen Gol Voyage Saveiro G5 Foco Duplo Máscara Negra Lado Direito Arteb 0160712 (Arteb 0160712)
• Acompanha Nota Fiscal Eletrônica (PF e PJ)
• Garantia de 6 meses contra defeitos de fabricação


❓ DÚVIDAS FREQUENTES
• Pronta Entrega: Sim, todos os produtos anunciados estão em estoque físico para envio imediato.
• Frete e Prazo: Calculados automaticamente pelo Mercado Envios digitando seu CEP no anúncio.
• Instalação: Recomendamos que a montagem seja feita por profissional especializado.


🛡️ BUSK Peças — Qualidade, Agilidade & Confiança"
SKU-073-ART-0160817;Farol Astra 2003 a 2012 Foco Duplo LE Cromado Arteb 0160817;680.0;1;Novo;Arteb;0160817;93356075;6 meses;Garantia do vendedor;"🚗 APLICAÇÃO VEICULAR
Confira os modelos e anos compatíveis:

• Chevrolet Astra Hatch (Advantage / Elegance / Elite / SS / Comfort) — Motor 2.0 8V Flexpower / 2.0 16V Flex / Gasolina (2003 a 2012)
• Chevrolet Astra Sedan (Comfort / Elegance / Elite / Advantage) — Motor 1.8 / 2.0 8V Flexpower Flex / Gasolina (2003 a 2011)


⚠️ ALERTAS DE COMPATIBILIDADE
• Compatível com Chevrolet Astra Hatch e Sedan modelos 2003 a 2012 (Geração 2 / Locomotiva).
• Lado Esquerdo (Motorista).
• Lâmpadas H7 (Farol Baixo) e H1 (Farol Alto).
• NÃO serve no Astra G1 (1998 a 2002 - modelo Bélgica / frente antiga).
• Recomendamos comparar o código gravado na sua peça com os códigos informados abaixo.
• Em caso de dúvidas sobre ano/versão, pergunte no campo abaixo antes de comprar!


⚙️ ESPECIFICAÇÕES TÉCNICAS
• Fabricante: Arteb
• Código da Peça: 0160817
• Código Original (OEM): 93356075, 93356077
• Códigos Similares: Orgus FA-181E, Depo 215-1178L, TYC 20-6540-05-2, Fitam 21104E
• Tipo Foco: Foco Duplo Máscara Cromada
• Material Lente: Policarbonato UV Alta Resistência
• Encaixe Lampada: H7 (Farol Baixo) / H1 (Farol Alto)
• Lado: Esquerdo (Motorista)
• Condição: Produto 100% novo, lacrado na embalagem original


📦 CONTEÚDO & GARANTIA
• 01 Farol Chevrolet Astra Máscara Cromada Foco Duplo Lado Esquerdo Arteb 0160817 (Arteb 0160817)
• Acompanha Nota Fiscal Eletrônica (PF e PJ)
• Garantia de 6 meses contra defeitos de fabricação


❓ DÚVIDAS FREQUENTES
• Pronta Entrega: Sim, todos os produtos anunciados estão em estoque físico para envio imediato.
• Frete e Prazo: Calculados automaticamente pelo Mercado Envios digitando seu CEP no anúncio.
• Instalação: Recomendamos que a montagem seja feita por profissional especializado.


🛡️ BUSK Peças — Qualidade, Agilidade & Confiança"
SKU-074-AUT-AL696;Farol Barra LED Auxiliar Milha 12V 24V 27W Autopoli AL696;90.0;1;Novo;Autopoli;AL696;UNIVERSAL-LED-12V-24V;3 meses;Garantia do vendedor;"🚗 APLICAÇÃO VEICULAR
Confira os modelos e anos compatíveis:

• Universal Carros, Pick-ups, Caminhões, Barcos e Tratores (Todos os veículos 12V / 24V) — Motor Universal Todos (1980 a 2026)


⚠️ ALERTAS DE COMPATIBILIDADE
• Aplicação Universal em veículos 12V ou 24V (Carros, Pick-ups, Caminhões, Jeeps, Quadriciclos, Barcos e Tratores).
• Acompanha suporte metálico e parafusos de fixação em aço inox.
• Uso ideal como farol de milha auxiliar, trabalho, neblina ou expedição off-road.
• Recomendamos comparar o código gravado na sua peça com os códigos informados abaixo.
• Em caso de dúvidas sobre ano/versão, pergunte no campo abaixo antes de comprar!


⚙️ ESPECIFICAÇÕES TÉCNICAS
• Fabricante: Autopoli
• Código da Peça: AL696
• Código Original (OEM): UNIVERSAL-LED-12V-24V
• Códigos Similares: Tarponx T-LED27, DNI DNI4140, Tech One LED-27W, Shocklight SL-27W
• Potencia: 27W (9x LEDs de Alta Intensidade)
• Voltagem: 12V / 24V Bivolt Automático (9V a 32V DC)
• Temperatura Cor: 6000K Branco Frio
• Grau Protecao: IP67 À prova de poeira e água
• Material Carcaca: Alumínio Naval Fundido com Dissipador
• Material Lente: Policarbonato de Alto Impacto
• Condição: Produto 100% novo, lacrado na embalagem original


📦 CONTEÚDO & GARANTIA
• 01 Farol LED Auxiliar Milha Barra de Led Universal 12V/24V 9 LEDs Autopoli AL696 (Autopoli AL696)
• Acompanha Nota Fiscal Eletrônica (PF e PJ)
• Garantia de 3 meses contra defeitos de fabricação


❓ DÚVIDAS FREQUENTES
• Pronta Entrega: Sim, todos os produtos anunciados estão em estoque físico para envio imediato.
• Frete e Prazo: Calculados automaticamente pelo Mercado Envios digitando seu CEP no anúncio.
• Instalação: Recomendamos que a montagem seja feita por profissional especializado.


🛡️ BUSK Peças — Qualidade, Agilidade & Confiança"
SKU-075-VOL-1T0941700F;Farol Milha Polo Golf G4.5 Jetta Variant LD HB4 1T0941700F;140.0;1;Novo;Volkswagen / Magneti Marelli;1T0941700F;1T0941700F;6 meses;Garantia do vendedor;"🚗 APLICAÇÃO VEICULAR
Confira os modelos e anos compatíveis:

• Volkswagen Golf G4.5 (Sportline) (Sportline / Limited Edition / Black Edition / GT) — Motor 1.6 8V / 2.0 8V Total Flex / 1.8 Turbo Flex / Gasolina (2008 a 2014)
• Volkswagen Jetta Variant (2.5 20V 170cv) — Motor 2.5 5 Cilindros 20V Gasolina (2008 a 2010)
• Volkswagen Polo Hatch / Sedan (Comfortline / Sportline / GT / Bluemotion) — Motor 1.6 / 2.0 8V Total Flex Flex (2007 a 2014)
• Volkswagen Touran / Caddy (Trendline / Highline) — Motor 1.6 / 2.0 TDI / FSI Gasolina / Diesel (2006 a 2010)


⚠️ ALERTAS DE COMPATIBILIDADE
• Compatível com VW Polo Hatch/Sedan (2007 a 2014), Golf G4.5 Sportline/Black Edition (2008 a 2014) e Jetta Variant (2008 a 2010).
• Lado Direito (Passageiro).
• Utiliza lâmpada padrão HB4 (9006).
• NÃO serve no Golf G4 (1999 a 2007 - farol de milha embutido no farol principal).
• NÃO serve no Polo 2002 a 2006 (frente de 4 faróis redondos pequenos).
• Recomendamos comparar o código gravado na sua peça com os códigos informados abaixo.
• Em caso de dúvidas sobre ano/versão, pergunte no campo abaixo antes de comprar!


⚙️ ESPECIFICAÇÕES TÉCNICAS
• Fabricante: Volkswagen / Magneti Marelli
• Código da Peça: 1T0941700F
• Código Original (OEM): 1T0941700F, 1T0941700C, 1T0941700G, 1T0941700H
• Códigos Similares: Magneti Marelli LLD021, Depo 441-2027R, TYC 19-0639-01-2, Hella 1N0271022-021, Arteb 0160862
• Tipo Foco: Lente de Vidro Lisa com Refletor Parabólico
• Material Lente: Vidro Cristal Temperado
• Encaixe Lampada: HB4 (9006)
• Lado: Direito (Passageiro)
• Condição: Produto 100% novo, lacrado na embalagem original


📦 CONTEÚDO & GARANTIA
• 01 Farol de Milha Neblina Volkswagen Polo Golf Jetta Touran Lado Direito Original 1T0941700F (Volkswagen / Magneti Marelli 1T0941700F)
• Acompanha Nota Fiscal Eletrônica (PF e PJ)
• Garantia de 6 meses contra defeitos de fabricação


❓ DÚVIDAS FREQUENTES
• Pronta Entrega: Sim, todos os produtos anunciados estão em estoque físico para envio imediato.
• Frete e Prazo: Calculados automaticamente pelo Mercado Envios digitando seu CEP no anúncio.
• Instalação: Recomendamos que a montagem seja feita por profissional especializado.


🛡️ BUSK Peças — Qualidade, Agilidade & Confiança"
SKU-076-VOL-1T0941699F;Farol Milha Polo Golf G4.5 Jetta Variant LE HB4 1T0941699F;140.0;1;Novo;Volkswagen / Magneti Marelli;1T0941699F;1T0941699F;6 meses;Garantia do vendedor;"🚗 APLICAÇÃO VEICULAR
Confira os modelos e anos compatíveis:

• Volkswagen Golf G4.5 (Sportline) (Sportline / Limited Edition / Black Edition / GT) — Motor 1.6 8V / 2.0 8V Total Flex / 1.8 Turbo Flex / Gasolina (2008 a 2014)
• Volkswagen Jetta Variant (2.5 20V 170cv) — Motor 2.5 5 Cilindros 20V Gasolina (2008 a 2010)
• Volkswagen Polo Hatch / Sedan (Comfortline / Sportline / GT / Bluemotion) — Motor 1.6 / 2.0 8V Total Flex Flex (2007 a 2014)
• Volkswagen Touran / Caddy (Trendline / Highline) — Motor 1.6 / 2.0 TDI / FSI Gasolina / Diesel (2006 a 2010)


⚠️ ALERTAS DE COMPATIBILIDADE
• Compatível com VW Polo Hatch/Sedan (2007 a 2014), Golf G4.5 Sportline/Black Edition (2008 a 2014) e Jetta Variant (2008 a 2010).
• Lado Esquerdo (Motorista).
• Utiliza lâmpada padrão HB4 (9006).
• NÃO serve no Golf G4 (1999 a 2007 - farol de milha embutido no farol principal).
• NÃO serve no Polo 2002 a 2006 (frente de 4 faróis redondos pequenos).
• Recomendamos comparar o código gravado na sua peça com os códigos informados abaixo.
• Em caso de dúvidas sobre ano/versão, pergunte no campo abaixo antes de comprar!


⚙️ ESPECIFICAÇÕES TÉCNICAS
• Fabricante: Volkswagen / Magneti Marelli
• Código da Peça: 1T0941699F
• Código Original (OEM): 1T0941699F, 1T0941699C, 1T0941699G, 1T0941699H
• Códigos Similares: Magneti Marelli LLE021, Depo 441-2027L, TYC 19-0640-01-2, Hella 1N0271022-011, Arteb 0160861
• Tipo Foco: Lente de Vidro Lisa com Refletor Parabólico
• Material Lente: Vidro Cristal Temperado
• Encaixe Lampada: HB4 (9006)
• Lado: Esquerdo (Motorista)
• Condição: Produto 100% novo, lacrado na embalagem original


📦 CONTEÚDO & GARANTIA
• 01 Farol de Milha Neblina Volkswagen Polo Golf Jetta Touran Lado Esquerdo Original 1T0941699F (Volkswagen / Magneti Marelli 1T0941699F)
• Acompanha Nota Fiscal Eletrônica (PF e PJ)
• Garantia de 6 meses contra defeitos de fabricação


❓ DÚVIDAS FREQUENTES
• Pronta Entrega: Sim, todos os produtos anunciados estão em estoque físico para envio imediato.
• Frete e Prazo: Calculados automaticamente pelo Mercado Envios digitando seu CEP no anúncio.
• Instalação: Recomendamos que a montagem seja feita por profissional especializado.


🛡️ BUSK Peças — Qualidade, Agilidade & Confiança"
SKU-077-ART-160772;Farol Onix Prisma 2012 a 2019 Masc Negra LD Arteb 160772;700.0;1;Novo;Arteb;160772;94768390;6 meses;Garantia do vendedor;"🚗 APLICAÇÃO VEICULAR
Confira os modelos e anos compatíveis:

• Chevrolet Onix G1 (Joy / LT / LTZ / Effect / Activ) — Motor 1.0 / 1.4 8V SPE/4 Flex Flex (2012 a 2019)
• Chevrolet Prisma G2 (Joy / LT / LTZ / Advantage) — Motor 1.0 / 1.4 8V SPE/4 Flex Flex (2013 a 2019)


⚠️ ALERTAS DE COMPATIBILIDADE
• Compatível com Chevrolet Onix G1 (2012 a 2019) e Chevrolet Prisma G2 (2013 a 2019).
• Foco Simples Máscara Negra com detalhe Ice Blue original Arteb.
• Lado Direito (Passageiro).
• NÃO serve no Novo Onix Plus / Hatch G2 (2020 em diante).
• NÃO serve no Prisma G1 (Celta sedan de 2006 a 2012).
• Recomendamos comparar o código gravado na sua peça com os códigos informados abaixo.
• Em caso de dúvidas sobre ano/versão, pergunte no campo abaixo antes de comprar!


⚙️ ESPECIFICAÇÕES TÉCNICAS
• Fabricante: Arteb
• Código da Peça: 160772
• Código Original (OEM): 94768390, 52092576, 52136932
• Códigos Similares: Orgus FA-189D, Fitam 21115D, Depo 215-11F2R-ND, TYC 20-14275-05-2
• Tipo Foco: Foco Simples Máscara Negra com Detalhe Azul/Ice Blue
• Material Lente: Policarbonato UV
• Encaixe Lampada: H4
• Lado: Direito (Passageiro)
• Condição: Produto 100% novo, lacrado na embalagem original


📦 CONTEÚDO & GARANTIA
• 01 Farol Chevrolet Onix Prisma Máscara Negra Foco Simples Lado Direito Arteb 160772 (Arteb 160772)
• Acompanha Nota Fiscal Eletrônica (PF e PJ)
• Garantia de 6 meses contra defeitos de fabricação


❓ DÚVIDAS FREQUENTES
• Pronta Entrega: Sim, todos os produtos anunciados estão em estoque físico para envio imediato.
• Frete e Prazo: Calculados automaticamente pelo Mercado Envios digitando seu CEP no anúncio.
• Instalação: Recomendamos que a montagem seja feita por profissional especializado.


🛡️ BUSK Peças — Qualidade, Agilidade & Confiança"
SKU-078-ART-160771;Farol Onix Prisma 2012 a 2019 Masc Negra LE Arteb 160771;700.0;1;Novo;Arteb;160771;94768389;6 meses;Garantia do vendedor;"🚗 APLICAÇÃO VEICULAR
Confira os modelos e anos compatíveis:

• Chevrolet Onix G1 (Joy / LT / LTZ / Effect / Activ) — Motor 1.0 / 1.4 8V SPE/4 Flex Flex (2012 a 2019)
• Chevrolet Prisma G2 (Joy / LT / LTZ / Advantage) — Motor 1.0 / 1.4 8V SPE/4 Flex Flex (2013 a 2019)


⚠️ ALERTAS DE COMPATIBILIDADE
• Compatível com Chevrolet Onix G1 (2012 a 2019) e Chevrolet Prisma G2 (2013 a 2019).
• Foco Simples Máscara Negra com detalhe Ice Blue original Arteb.
• Lado Esquerdo (Motorista).
• NÃO serve no Novo Onix Plus / Hatch G2 (2020 em diante).
• NÃO serve no Prisma G1 (Celta sedan de 2006 a 2012).
• Recomendamos comparar o código gravado na sua peça com os códigos informados abaixo.
• Em caso de dúvidas sobre ano/versão, pergunte no campo abaixo antes de comprar!


⚙️ ESPECIFICAÇÕES TÉCNICAS
• Fabricante: Arteb
• Código da Peça: 160771
• Código Original (OEM): 94768389, 52092575, 52136931
• Códigos Similares: Orgus FA-189E, Fitam 21115E, Depo 215-11F2L-ND, TYC 20-14276-05-2
• Tipo Foco: Foco Simples Máscara Negra com Detalhe Azul/Ice Blue
• Material Lente: Policarbonato UV
• Encaixe Lampada: H4
• Lado: Esquerdo (Motorista)
• Condição: Produto 100% novo, lacrado na embalagem original


📦 CONTEÚDO & GARANTIA
• 01 Farol Chevrolet Onix Prisma Máscara Negra Foco Simples Lado Esquerdo Arteb 160771 (Arteb 160771)
• Acompanha Nota Fiscal Eletrônica (PF e PJ)
• Garantia de 6 meses contra defeitos de fabricação


❓ DÚVIDAS FREQUENTES
• Pronta Entrega: Sim, todos os produtos anunciados estão em estoque físico para envio imediato.
• Frete e Prazo: Calculados automaticamente pelo Mercado Envios digitando seu CEP no anúncio.
• Instalação: Recomendamos que a montagem seja feita por profissional especializado.


🛡️ BUSK Peças — Qualidade, Agilidade & Confiança"
SKU-079-ART-160764;Farol Palio Siena Strada G3 G4 Masc Negra LD Arteb 160764;550.0;2;Novo;Arteb;160764;51774390;6 meses;Garantia do vendedor;"🚗 APLICAÇÃO VEICULAR
Confira os modelos e anos compatíveis:

• Fiat Palio G3 / G4 (ELX / HLX / 1.8R / Attractive / Essence) — Motor 1.0 / 1.4 / 1.8 8V Fire / Flex / E.torQ Flex (2004 a 2016)
• Fiat Palio Weekend G3 / G4 (ELX / Trekking / Adventure / Adventure Locker) — Motor 1.4 / 1.8 8V Flex / 1.6 16V E.torQ Flex (2005 a 2020)
• Fiat Siena G3 / G4 (ELX / HLX / Tetrafuel / EL) — Motor 1.0 / 1.4 / 1.8 Fire / Flex / GNV Flex / GNV (2004 a 2016)
• Fiat Strada G3 / G4 (Working / Trekking / Adventure / Adventure Locker) — Motor 1.4 / 1.8 8V Flex / 1.6 16V E.torQ Flex (2005 a 2020)


⚠️ ALERTAS DE COMPATIBILIDADE
• Compatível com Palio G3/G4, Siena G3/G4, Strada G3/G4 e Palio Weekend G3/G4 com Foco Duplo Máscara Negra.
• Lado Direito (Passageiro).
• Lâmpadas H7 (Farol Baixo) e H1 (Farol Alto).
• NÃO serve no Palio Fire G2 (Foco simples 2001 a 2007).
• NÃO serve no Novo Palio G5 / Grand Siena.
• Recomendamos comparar o código gravado na sua peça com os códigos informados abaixo.
• Em caso de dúvidas sobre ano/versão, pergunte no campo abaixo antes de comprar!


⚙️ ESPECIFICAÇÕES TÉCNICAS
• Fabricante: Arteb
• Código da Peça: 160764
• Código Original (OEM): 51774390, 51774392, 51714461
• Códigos Similares: Orgus FA-178D, Fitam 21095D, Depo 440-1144R, TYC 20-11163-05-2
• Tipo Foco: Foco Duplo Máscara Negra
• Material Lente: Policarbonato UV
• Encaixe Lampada: H7 (Baixo) / H1 (Alto)
• Lado: Direito (Passageiro)
• Condição: Produto 100% novo, lacrado na embalagem original


📦 CONTEÚDO & GARANTIA
• 01 Farol Fiat Palio Siena Strada Weekend Farol Duplo Máscara Negra Lado Direito Arteb 160764 (Arteb 160764)
• Acompanha Nota Fiscal Eletrônica (PF e PJ)
• Garantia de 6 meses contra defeitos de fabricação


❓ DÚVIDAS FREQUENTES
• Pronta Entrega: Sim, todos os produtos anunciados estão em estoque físico para envio imediato.
• Frete e Prazo: Calculados automaticamente pelo Mercado Envios digitando seu CEP no anúncio.
• Instalação: Recomendamos que a montagem seja feita por profissional especializado.


🛡️ BUSK Peças — Qualidade, Agilidade & Confiança"
SKU-080-ART-160763;Farol Palio Siena Strada G3 G4 Masc Negra LE Arteb 160763;550.0;1;Novo;Arteb;160763;51774389;6 meses;Garantia do vendedor;"🚗 APLICAÇÃO VEICULAR
Confira os modelos e anos compatíveis:

• Fiat Palio G3 / G4 (ELX / HLX / 1.8R / Attractive / Essence) — Motor 1.0 / 1.4 / 1.8 8V Fire / Flex / E.torQ Flex (2004 a 2016)
• Fiat Palio Weekend G3 / G4 (ELX / Trekking / Adventure / Adventure Locker) — Motor 1.4 / 1.8 8V Flex / 1.6 16V E.torQ Flex (2005 a 2020)
• Fiat Siena G3 / G4 (ELX / HLX / Tetrafuel / EL) — Motor 1.0 / 1.4 / 1.8 Fire / Flex / GNV Flex / GNV (2004 a 2016)
• Fiat Strada G3 / G4 (Working / Trekking / Adventure / Adventure Locker) — Motor 1.4 / 1.8 8V Flex / 1.6 16V E.torQ Flex (2005 a 2020)


⚠️ ALERTAS DE COMPATIBILIDADE
• Compatível com Palio G3/G4, Siena G3/G4, Strada G3/G4 e Palio Weekend G3/G4 com Foco Duplo Máscara Negra.
• Lado Esquerdo (Motorista).
• Lâmpadas H7 (Farol Baixo) e H1 (Farol Alto).
• NÃO serve no Palio Fire G2 (Foco simples 2001 a 2007).
• NÃO serve no Novo Palio G5 / Grand Siena.
• Recomendamos comparar o código gravado na sua peça com os códigos informados abaixo.
• Em caso de dúvidas sobre ano/versão, pergunte no campo abaixo antes de comprar!


⚙️ ESPECIFICAÇÕES TÉCNICAS
• Fabricante: Arteb
• Código da Peça: 160763
• Código Original (OEM): 51774389, 51774391, 51714460
• Códigos Similares: Orgus FA-178E, Fitam 21095E, Depo 440-1144L, TYC 20-11164-05-2
• Tipo Foco: Foco Duplo Máscara Negra
• Material Lente: Policarbonato UV
• Encaixe Lampada: H7 (Baixo) / H1 (Alto)
• Lado: Esquerdo (Motorista)
• Condição: Produto 100% novo, lacrado na embalagem original


📦 CONTEÚDO & GARANTIA
• 01 Farol Fiat Palio Siena Strada Weekend Farol Duplo Máscara Negra Lado Esquerdo Arteb 160763 (Arteb 160763)
• Acompanha Nota Fiscal Eletrônica (PF e PJ)
• Garantia de 6 meses contra defeitos de fabricação


❓ DÚVIDAS FREQUENTES
• Pronta Entrega: Sim, todos os produtos anunciados estão em estoque físico para envio imediato.
• Frete e Prazo: Calculados automaticamente pelo Mercado Envios digitando seu CEP no anúncio.
• Instalação: Recomendamos que a montagem seja feita por profissional especializado.


🛡️ BUSK Peças — Qualidade, Agilidade & Confiança"
SKU-081-FOR-FF75LD;Farol Uno Mille Fiorino Premio Elba 84-03 Vidro LD Fortluz;100.0;1;Novo;Fortluz;FF75LD;7518596;3 meses;Garantia do vendedor;"🚗 APLICAÇÃO VEICULAR
Confira os modelos e anos compatíveis:

• Fiat Elba (S / SL / CS / CSL / Top / Weekend) — Motor 1.3 / 1.5 / 1.6 Fiasa e Sevel Gasolina / Álcool (1985 a 1996)
• Fiat Fiorino (Furgão / Pick-up / LX / Working / Fire Frente Alta) — Motor 1.0 / 1.3 / 1.5 / 1.6 Gasolina / Álcool / Flex (1988 a 2003)
• Fiat Prêmio (S / SL / CS / CSL / Duna) — Motor 1.3 / 1.5 / 1.6 Fiasa e Sevel Gasolina / Álcool (1985 a 1996)
• Fiat Uno / Uno Mille (S / CS / SX / Brio / Electronic / ELX / EP / EX / Smart / Fire Frente Alta) — Motor 1.0 / 1.3 / 1.5 / 1.6 Fiasa e Sevel Gasolina / Álcool / Flex (1984 a 2003)


⚠️ ALERTAS DE COMPATIBILIDADE
• Compatível com Fiat Uno Mille, Fiorino, Prêmio e Elba modelos 'Frente Alta / Média Clássica' (1984 a 2003).
• Lente de Vidro Autêntica.
• Lado Direito (Passageiro).
• NÃO serve no Uno / Fiorino 'Frente Baixa / Pitbull' (2004 a 2013).
• NÃO serve no Novo Uno (2010 em diante).
• Recomendamos comparar o código gravado na sua peça com os códigos informados abaixo.
• Em caso de dúvidas sobre ano/versão, pergunte no campo abaixo antes de comprar!


⚙️ ESPECIFICAÇÕES TÉCNICAS
• Fabricante: Fortluz
• Código da Peça: FF75LD
• Código Original (OEM): 7518596, 5963506, 7504090
• Códigos Similares: Arteb 160106, Orgus FA-106D, Cibié 042252, Nino F-10D, Fitam 21081D
• Tipo Foco: Foco Simples Retangular
• Material Lente: Vidro Cristal Estriado Pesado
• Encaixe Lampada: H4
• Lado: Direito (Passageiro)
• Condição: Produto 100% novo, lacrado na embalagem original


📦 CONTEÚDO & GARANTIA
• 01 Farol Fiat Uno Mille Prêmio Elba Fiorino Lente Vidro Lado Direito Fortluz FF75LD (Fortluz FF75LD)
• Acompanha Nota Fiscal Eletrônica (PF e PJ)
• Garantia de 3 meses contra defeitos de fabricação


❓ DÚVIDAS FREQUENTES
• Pronta Entrega: Sim, todos os produtos anunciados estão em estoque físico para envio imediato.
• Frete e Prazo: Calculados automaticamente pelo Mercado Envios digitando seu CEP no anúncio.
• Instalação: Recomendamos que a montagem seja feita por profissional especializado.


🛡️ BUSK Peças — Qualidade, Agilidade & Confiança"
SKU-082-FOR-FF75LE;Farol Uno Mille Fiorino Premio Elba 84-03 Vidro LE Fortluz;100.0;1;Novo;Fortluz;FF75LE;7518595;3 meses;Garantia do vendedor;"🚗 APLICAÇÃO VEICULAR
Confira os modelos e anos compatíveis:

• Fiat Elba (S / SL / CS / CSL / Top / Weekend) — Motor 1.3 / 1.5 / 1.6 Fiasa e Sevel Gasolina / Álcool (1985 a 1996)
• Fiat Fiorino (Furgão / Pick-up / LX / Working / Fire Frente Alta) — Motor 1.0 / 1.3 / 1.5 / 1.6 Gasolina / Álcool / Flex (1988 a 2003)
• Fiat Prêmio (S / SL / CS / CSL / Duna) — Motor 1.3 / 1.5 / 1.6 Fiasa e Sevel Gasolina / Álcool (1985 a 1996)
• Fiat Uno / Uno Mille (S / CS / SX / Brio / Electronic / ELX / EP / EX / Smart / Fire Frente Alta) — Motor 1.0 / 1.3 / 1.5 / 1.6 Fiasa e Sevel Gasolina / Álcool / Flex (1984 a 2003)


⚠️ ALERTAS DE COMPATIBILIDADE
• Compatível com Fiat Uno Mille, Fiorino, Prêmio e Elba modelos 'Frente Alta / Média Clássica' (1984 a 2003).
• Lente de Vidro Autêntica.
• Lado Esquerdo (Motorista).
• NÃO serve no Uno / Fiorino 'Frente Baixa / Pitbull' (2004 a 2013).
• NÃO serve no Novo Uno (2010 em diante).
• Recomendamos comparar o código gravado na sua peça com os códigos informados abaixo.
• Em caso de dúvidas sobre ano/versão, pergunte no campo abaixo antes de comprar!


⚙️ ESPECIFICAÇÕES TÉCNICAS
• Fabricante: Fortluz
• Código da Peça: FF75LE
• Código Original (OEM): 7518595, 5963505, 7504089
• Códigos Similares: Arteb 160105, Orgus FA-106E, Cibié 042251, Nino F-10E, Fitam 21081E
• Tipo Foco: Foco Simples Retangular
• Material Lente: Vidro Cristal Estriado Pesado
• Encaixe Lampada: H4
• Lado: Esquerdo (Motorista)
• Condição: Produto 100% novo, lacrado na embalagem original


📦 CONTEÚDO & GARANTIA
• 01 Farol Fiat Uno Mille Prêmio Elba Fiorino Lente Vidro Lado Esquerdo Fortluz FF75LE (Fortluz FF75LE)
• Acompanha Nota Fiscal Eletrônica (PF e PJ)
• Garantia de 3 meses contra defeitos de fabricação


❓ DÚVIDAS FREQUENTES
• Pronta Entrega: Sim, todos os produtos anunciados estão em estoque físico para envio imediato.
• Frete e Prazo: Calculados automaticamente pelo Mercado Envios digitando seu CEP no anúncio.
• Instalação: Recomendamos que a montagem seja feita por profissional especializado.


🛡️ BUSK Peças — Qualidade, Agilidade & Confiança"
SKU-083-ORG-IA83420425;Farol Fox Spacefox 03 a 09 Foco Duplo LD Cromado Orgus;250.0;2;Novo;Orgus;IA83420425;5Z0941008A;3 meses;Garantia do vendedor;"🚗 APLICAÇÃO VEICULAR
Confira os modelos e anos compatíveis:

• Volkswagen CrossFox G1 (1.6 8V Total Flex) — Motor 1.6 8V EA111 Total Flex Flex (2005 a 2009)
• Volkswagen Fox G1 (City / Plus / Route / Sportline / Extreme / Sunrise) — Motor 1.0 / 1.6 8V EA111 Total Flex Flex / Gasolina (2003 a 2009)
• Volkswagen SpaceFox G1 (Plus / Comfortline / Sportline) — Motor 1.6 8V EA111 Total Flex Flex (2006 a 2009)


⚠️ ALERTAS DE COMPATIBILIDADE
• Compatível com VW Fox G1 (2003 a 2009), CrossFox G1 (2005 a 2009) e SpaceFox G1 (2006 a 2009) com Foco Duplo.
• Lado Direito (Passageiro).
• Lâmpadas H7 (Farol Baixo) e H1 (Farol Alto).
• NÃO serve no Fox / CrossFox / SpaceFox G2 (2010 a 2014 - farol pontudo de foco duplo/simples).
• NÃO serve no Fox G3 (2015 em diante).
• Recomendamos comparar o código gravado na sua peça com os códigos informados abaixo.
• Em caso de dúvidas sobre ano/versão, pergunte no campo abaixo antes de comprar!


⚙️ ESPECIFICAÇÕES TÉCNICAS
• Fabricante: Orgus
• Código da Peça: IA83420425
• Código Original (OEM): 5Z0941008A, 5Z0941008C, 5Z0941008E
• Códigos Similares: Arteb 160680, Fitam 21102D, Depo 441-1180R, TYC 20-11171-05-2
• Tipo Foco: Foco Duplo Máscara Cromada com Pisca Integrado
• Material Lente: Policarbonato com Proteção Anti-UV
• Encaixe Lampada: H7 (Farol Baixo) / H1 (Farol Alto)
• Lado: Direito (Passageiro)
• Condição: Produto 100% novo, lacrado na embalagem original


📦 CONTEÚDO & GARANTIA
• 01 Farol Volkswagen Fox CrossFox SpaceFox Foco Duplo Máscara Cromada Lado Direito Orgus IA83420425 (Orgus IA83420425)
• Acompanha Nota Fiscal Eletrônica (PF e PJ)
• Garantia de 3 meses contra defeitos de fabricação


❓ DÚVIDAS FREQUENTES
• Pronta Entrega: Sim, todos os produtos anunciados estão em estoque físico para envio imediato.
• Frete e Prazo: Calculados automaticamente pelo Mercado Envios digitando seu CEP no anúncio.
• Instalação: Recomendamos que a montagem seja feita por profissional especializado.


🛡️ BUSK Peças — Qualidade, Agilidade & Confiança"
SKU-084-SAB-80270;Jogo Juntas Motor Completo C Retentores VW EA111 1.0 8V Sabo;430.0;91;Novo;Sabó;80270;030103383AL;6 meses;Garantia do vendedor;"🚗 APLICAÇÃO VEICULAR
Confira os modelos e anos compatíveis:

• Volkswagen Fox (City / Plus / Route / Sunrise / Bluemotion (4 cil)) — Motor 1.0 8V EA111 Total Flex Flex (2003 a 2016)
• Volkswagen Gol G2 / G3 / G4 / G5 / G6 (MI / Plus / Power / City / Trend / Special / Ecomotion) — Motor 1.0 8V AT / EA111 Gasolina / Flex (1997 a 2016)
• Volkswagen Parati G2 / G3 (MI / Plus / Tour) — Motor 1.0 8V AT MI Gasolina (1997 a 2004)
• Volkswagen Voyage (Trendline / Comfortline / City / Seleção) — Motor 1.0 8V EA111 Total Flex Flex (2008 a 2016)


⚠️ ALERTAS DE COMPATIBILIDADE
• Exclusivo para motores Volkswagen 1.0 8V EA111 / AT 4 Cilindros (Gasolina e Total Flex).
• Compatível com Gol G2/G3/G4/G5/G6, Fox, Voyage e Parati equipados com motor 1.0 8V.
• NÃO serve no motor EA111 1.6 8V.
• NÃO serve no motor Volkswagen EA211 1.0 12V 3 Cilindros (Up, Polo, Virtus, Novo Gol).
• NÃO serve no motor AT 1.0 16V.
• Recomendamos comparar o código gravado na sua peça com os códigos informados abaixo.
• Em caso de dúvidas sobre ano/versão, pergunte no campo abaixo antes de comprar!


⚙️ ESPECIFICAÇÕES TÉCNICAS
• Fabricante: Sabó
• Código da Peça: 80270
• Código Original (OEM): 030103383AL, 030198012A, 030103383AH, 030103383K
• Códigos Similares: Taranto 260800, Elring 717.330, Spaulding J60270, Spaal 40270, Ajusa 50186500
• Material Junta Cabecote: Aço Inox Multicamadas (MLS - Multi-Layer Steel)
• Composicao Kit: Junta Cabeçote MLS, Tampa de Válvulas, Admissão, Escape, Cárter, Flanges e Retentores de Válvula/Virabrequim
• Tipo Jogo: Jogo Completo de Motor com Todos os Retentores Inclusos
• Norma Fabricacao: Padrão Original OEM Linha de Montagem ISO/TS 16949
• Condição: Produto 100% novo, lacrado na embalagem original


📦 CONTEÚDO & GARANTIA
• 01 Jogo Completo de Juntas do Motor com Retentores Sabó 80270 (Sabó 80270)
• Acompanha Nota Fiscal Eletrônica (PF e PJ)
• Garantia de 6 meses contra defeitos de fabricação


❓ DÚVIDAS FREQUENTES
• Pronta Entrega: Sim, todos os produtos anunciados estão em estoque físico para envio imediato.
• Frete e Prazo: Calculados automaticamente pelo Mercado Envios digitando seu CEP no anúncio.
• Instalação: Recomendamos que a montagem seja feita por profissional especializado.


🛡️ BUSK Peças — Qualidade, Agilidade & Confiança"
SKU-085-SAB-79410FLEX;Junta Cabeçote MLS Fiat Fire 1.0 1.4 Flex Sabó 79410FLEX;170.0;49;Novo;Sabó;79410FLEX;55188828;6 meses;Garantia do vendedor;"🚗 APLICAÇÃO VEICULAR
Confira os modelos e anos compatíveis:

• Fiat Palio / Siena / Strada / Weekend (Fire / ELX / Attractive) — Motor 1.0 8V / 1.4 8V Fire Flex Flex (2005 a 2021)
• Fiat Punto / Idea / Grand Siena / Doblò / Mobi (Attractive / ELX / Like / Drive) — Motor 1.0 8V / 1.4 8V Fire e EVO (4 cil) Flex (2006 a 2022)
• Fiat Uno / Uno Mille / Fiorino (Fire / Economy / Vivace / EVO) — Motor 1.0 8V / 1.4 8V Fire e Fire EVO Flex (2005 a 2021)


⚠️ ALERTAS DE COMPATIBILIDADE
• Apenas para motores Fire 1.0 e 1.4 8V Flex / Fire EVO.
• Não serve nos motores E.torQ 1.6/1.8 16V nem Firefly 3 cilindros.
• Não serve em motores Fire 16V.
• Recomendamos comparar o código gravado na sua peça com os códigos informados abaixo.
• Em caso de dúvidas sobre ano/versão, pergunte no campo abaixo antes de comprar!


⚙️ ESPECIFICAÇÕES TÉCNICAS
• Fabricante: Sabó
• Código da Peça: 79410FLEX
• Código Original (OEM): 55188828, 46738914, 55243141
• Códigos Similares: Taranto 270700, Elring 043.910, Spa J79410
• Material: MLS (Multi-Layer Steel) Aço Inox Multicamadas
• Resistencia Termica: Até 1100°C e altas pressões de combustão
• Revestimento: Viton / NBR Elastomérico de alta vedação microrrugosa
• Condição: Produto 100% novo, lacrado na embalagem original


📦 CONTEÚDO & GARANTIA
• 01 Junta de Cabeçote em Aço Multicamadas MLS Fiat Fire 1.0 1.4 8V Flex Sabó 79410FLEX (Sabó 79410FLEX)
• Acompanha Nota Fiscal Eletrônica (PF e PJ)
• Garantia de 6 meses contra defeitos de fabricação


❓ DÚVIDAS FREQUENTES
• Pronta Entrega: Sim, todos os produtos anunciados estão em estoque físico para envio imediato.
• Frete e Prazo: Calculados automaticamente pelo Mercado Envios digitando seu CEP no anúncio.
• Instalação: Recomendamos que a montagem seja feita por profissional especializado.


🛡️ BUSK Peças — Qualidade, Agilidade & Confiança"
SKU-086-SAB-79409FLEX;Junta Cabeçote MLS GM Corsa Celta Prisma 1.0 1.4 Sabó 79409;180.0;73;Novo;Sabó;79409FLEX;93302094;6 meses;Garantia do vendedor;"🚗 APLICAÇÃO VEICULAR
Confira os modelos e anos compatíveis:

• Chevrolet Celta / Prisma (Life / Spirit / Joy / Maxx / LT) — Motor 1.0 8V / 1.4 8V VHC / VHCE / Econoflex Flex (2000 a 2016)
• Chevrolet Corsa / Classic / Agile / Montana / Meriva (Wind / Maxx / Premium / Sport / Joy) — Motor 1.0 / 1.4 / 1.8 8V Flexpower Flex (1994 a 2020)
• Chevrolet Onix / Spin / Cobalt (Joy / LT / LTZ / Advantage) — Motor 1.0 / 1.4 / 1.8 8V SPE/4 e EconoFlex Flex (2012 a 2020)


⚠️ ALERTAS DE COMPATIBILIDADE
• Para motores GM Família I 8 válvulas (1.0, 1.4, 1.8).
• Não serve nos motores GM Família I 16V.
• Não serve no motor 1.0 3 cilindros Turbo do Novo Onix.
• Recomendamos comparar o código gravado na sua peça com os códigos informados abaixo.
• Em caso de dúvidas sobre ano/versão, pergunte no campo abaixo antes de comprar!


⚙️ ESPECIFICAÇÕES TÉCNICAS
• Fabricante: Sabó
• Código da Peça: 79409FLEX
• Código Original (OEM): 93302094, 93307044, 24578508
• Códigos Similares: Taranto 240800, Elring 424.470, Spaulding J79409
• Material: Aço Inox Multicamadas MLS
• Revestimento: Polímero de alta vedação microrrugosa
• Espessura Nominal: Padrão Original GM
• Condição: Produto 100% novo, lacrado na embalagem original


📦 CONTEÚDO & GARANTIA
• 01 Junta de Cabeçote em Aço MLS Chevrolet Celta Corsa Prisma Onix Cobalt Spin 1.0 1.4 1.8 8V Sabó 79409FLEX (Sabó 79409FLEX)
• Acompanha Nota Fiscal Eletrônica (PF e PJ)
• Garantia de 6 meses contra defeitos de fabricação


❓ DÚVIDAS FREQUENTES
• Pronta Entrega: Sim, todos os produtos anunciados estão em estoque físico para envio imediato.
• Frete e Prazo: Calculados automaticamente pelo Mercado Envios digitando seu CEP no anúncio.
• Instalação: Recomendamos que a montagem seja feita por profissional especializado.


🛡️ BUSK Peças — Qualidade, Agilidade & Confiança"
SKU-087-SAB-79543FLEX;Junta Cabeçote Aço MLS VW Gol Fox Voyage 1.0 1.6 8V Sabó;140.0;105;Novo;Sabó;79543FLEX;030103383AH;6 meses;Garantia do vendedor;"🚗 APLICAÇÃO VEICULAR
Confira os modelos e anos compatíveis:

• Volkswagen Fox / SpaceFox / CrossFox (City / Plus / Prime / Route) — Motor 1.0 8V / 1.6 8V EA111 Flex (2003 a 2021)
• Volkswagen Gol G2 / G3 / G4 / G5 / G6 / G7 / G8 (Todas) — Motor 1.0 8V / 1.6 8V EA111 Total Flex Flex (1997 a 2022)
• Volkswagen Voyage / Polo / Saveiro / Golf (Trend / Comfortline / Sportline) — Motor 1.0 8V / 1.6 8V EA111 Flex (2002 a 2023)


⚠️ ALERTAS DE COMPATIBILIDADE
• Para motores EA111 1.0 e 1.6 8V Total Flex.
• Não serve no motor AP nem no EA211 3 cilindros.
• Não serve no EA111 1.0 16V Power/Turbo.
• Recomendamos comparar o código gravado na sua peça com os códigos informados abaixo.
• Em caso de dúvidas sobre ano/versão, pergunte no campo abaixo antes de comprar!


⚙️ ESPECIFICAÇÕES TÉCNICAS
• Fabricante: Sabó
• Código da Peça: 79543FLEX
• Código Original (OEM): 030103383AH, 032103383K, 030103383AL
• Códigos Similares: Taranto 260700, Elring 027.600, Victor Reinz 61-34250-00
• Material: MLS Aço Inoxidável com esferas elásticas de compressão
• Norma: Original VW EA111 RPR / VHT
• Condição: Produto 100% novo, lacrado na embalagem original


📦 CONTEÚDO & GARANTIA
• 01 Junta de Cabeçote Aço MLS Volkswagen Gol Fox Voyage Polo Saveiro 1.0 1.6 8V EA111 Sabó 79543FLEX (Sabó 79543FLEX)
• Acompanha Nota Fiscal Eletrônica (PF e PJ)
• Garantia de 6 meses contra defeitos de fabricação


❓ DÚVIDAS FREQUENTES
• Pronta Entrega: Sim, todos os produtos anunciados estão em estoque físico para envio imediato.
• Frete e Prazo: Calculados automaticamente pelo Mercado Envios digitando seu CEP no anúncio.
• Instalação: Recomendamos que a montagem seja feita por profissional especializado.


🛡️ BUSK Peças — Qualidade, Agilidade & Confiança"
SKU-088-SAB-80409FLEXR;Jogo Juntas Motor Completo GM Corsa Celta 1.0 1.4 Sabó 80409;250.0;5;Novo;Sabó;80409FLEXR;93302094K;6 meses;Garantia do vendedor;"🚗 APLICAÇÃO VEICULAR
Confira os modelos e anos compatíveis:

• Chevrolet Celta / Corsa / Classic / Prisma (Life / Spirit / Joy / Maxx / LT) — Motor 1.0 8V / 1.4 8V VHC / VHCE / Econoflex Flex (2000 a 2016)
• Chevrolet Montana / Meriva / Agile (Conquest / Maxx / LT / LTZ) — Motor 1.4 8V EconoFlex Flex (2008 a 2020)


⚠️ ALERTAS DE COMPATIBILIDADE
• Kit Completo com Retentores de Válvulas e Virabrequim inclusos.
• Exclusivo para motores GM Família I 1.0 e 1.4 8V.
• NÃO serve em motores GM 1.8 8V (diâmetro do cilindro maior).
• NÃO serve em motores 16V nem Família II.
• Recomendamos comparar o código gravado na sua peça com os códigos informados abaixo.
• Em caso de dúvidas sobre ano/versão, pergunte no campo abaixo antes de comprar!


⚙️ ESPECIFICAÇÕES TÉCNICAS
• Fabricante: Sabó
• Código da Peça: 80409FLEXR
• Código Original (OEM): 93302094K, 93307044K
• Códigos Similares: Taranto 240800K, Elring 424.470K
• Material: MLS Inox + Fibras Sintéticas + Retentores Viton
• Tipo: Kit Completo de Reforma e Vedação de Motor com Retentores
• Condição: Produto 100% novo, lacrado na embalagem original


📦 CONTEÚDO & GARANTIA
• 01 Jogo Completo de Juntas do Motor com Retentores GM Corsa Celta Prisma Montana Meriva 1.0 1.4 8V Sabó 80409FLEXR (Sabó 80409FLEXR)
• Acompanha Nota Fiscal Eletrônica (PF e PJ)
• Garantia de 6 meses contra defeitos de fabricação


❓ DÚVIDAS FREQUENTES
• Pronta Entrega: Sim, todos os produtos anunciados estão em estoque físico para envio imediato.
• Frete e Prazo: Calculados automaticamente pelo Mercado Envios digitando seu CEP no anúncio.
• Instalação: Recomendamos que a montagem seja feita por profissional especializado.


🛡️ BUSK Peças — Qualidade, Agilidade & Confiança"
SKU-089-SAB-79513FLEXR;Jogo Juntas Superior Cabeçote Fiat Fire 1.0 1.4 Flex Sabó;200.0;6;Novo;Sabó;79513FLEXR;55188828S;6 meses;Garantia do vendedor;"🚗 APLICAÇÃO VEICULAR
Confira os modelos e anos compatíveis:

• Fiat Palio / Uno / Siena / Strada / Punto / Mobi (Fire / Fire EVO / Attractive) — Motor 1.0 / 1.4 8V Fire Flex Flex (2005 a 2022)


⚠️ ALERTAS DE COMPATIBILIDADE
• Kit Superior para troca de cabeçote / descarbonização.
• Apenas para motores Fiat Fire 1.0 e 1.4 8V Flex e Fire EVO.
• Não serve nos motores E.torQ 16V nem Firefly 3 cilindros.
• Recomendamos comparar o código gravado na sua peça com os códigos informados abaixo.
• Em caso de dúvidas sobre ano/versão, pergunte no campo abaixo antes de comprar!


⚙️ ESPECIFICAÇÕES TÉCNICAS
• Fabricante: Sabó
• Código da Peça: 79513FLEXR
• Código Original (OEM): 55188828S, 71736940
• Códigos Similares: Taranto 270700S, Elring 043.910S
• Material: Junta MLS Aço Inox + Retentores de Válvula em Viton Sabó
• Tipo: Kit Superior de Descarbonização de Cabeçote
• Condição: Produto 100% novo, lacrado na embalagem original


📦 CONTEÚDO & GARANTIA
• 01 Jogo de Juntas Superior Cabeçote com Retentores Fiat Fire 1.0 1.4 8V Sabó 79513FLEXR (Sabó 79513FLEXR)
• Acompanha Nota Fiscal Eletrônica (PF e PJ)
• Garantia de 6 meses contra defeitos de fabricação


❓ DÚVIDAS FREQUENTES
• Pronta Entrega: Sim, todos os produtos anunciados estão em estoque físico para envio imediato.
• Frete e Prazo: Calculados automaticamente pelo Mercado Envios digitando seu CEP no anúncio.
• Instalação: Recomendamos que a montagem seja feita por profissional especializado.


🛡️ BUSK Peças — Qualidade, Agilidade & Confiança"
SKU-090-SAB-79394FLEX;Junta Cabeçote Aço MLS Ford Fiesta Ka Ecosport 1.0 1.6 Sabó;200.0;12;Novo;Sabó;79394FLEX;XS6E6051AB;6 meses;Garantia do vendedor;"🚗 APLICAÇÃO VEICULAR
Confira os modelos e anos compatíveis:

• Ford Ka / Fiesta / Ecosport / Courier / Focus / Escort (Todas) — Motor 1.0 8V / 1.6 8V Zetec Rocam Gasolina / Flex (1999 a 2014)


⚠️ ALERTAS DE COMPATIBILIDADE
• Apenas para motores Ford Zetec Rocam 1.0 e 1.6 8V.
• Não serve no motor Endura-E (comando no bloco).
• Não serve no motor Sigma 1.5/1.6 16V nem Duratec 2.0.
• Recomendamos comparar o código gravado na sua peça com os códigos informados abaixo.
• Em caso de dúvidas sobre ano/versão, pergunte no campo abaixo antes de comprar!


⚙️ ESPECIFICAÇÕES TÉCNICAS
• Fabricante: Sabó
• Código da Peça: 79394FLEX
• Código Original (OEM): XS6E6051AB, 2S6G6051A1B
• Códigos Similares: Taranto 230700, Elring 247.430
• Material: Aço Inox MLS Multicamadas
• Norma: Ford Zetec Rocam 1.0 e 1.6 8V
• Condição: Produto 100% novo, lacrado na embalagem original


📦 CONTEÚDO & GARANTIA
• 01 Junta de Cabeçote em Aço MLS Ford Ka Fiesta Ecosport Courier 1.0 1.6 8V Zetec Rocam Sabó 79394FLEX (Sabó 79394FLEX)
• Acompanha Nota Fiscal Eletrônica (PF e PJ)
• Garantia de 6 meses contra defeitos de fabricação


❓ DÚVIDAS FREQUENTES
• Pronta Entrega: Sim, todos os produtos anunciados estão em estoque físico para envio imediato.
• Frete e Prazo: Calculados automaticamente pelo Mercado Envios digitando seu CEP no anúncio.
• Instalação: Recomendamos que a montagem seja feita por profissional especializado.


🛡️ BUSK Peças — Qualidade, Agilidade & Confiança"
SKU-091-SAB-80333FLEX;Jogo Junta Tampa Válvulas Fiat Palio Uno Siena 1.0 1.4 Sabó;190.0;16;Novo;Sabó;80333FLEX;7083332;6 meses;Garantia do vendedor;"🚗 APLICAÇÃO VEICULAR
Confira os modelos e anos compatíveis:

• Fiat Palio / Uno / Siena / Strada / Fiorino / Mille / Punto / Idea / Doblò (Fire / ELX / Attractive) — Motor 1.0 / 1.3 / 1.4 8V Fire Gasolina / Flex (2001 a 2016)


⚠️ ALERTAS DE COMPATIBILIDADE
• Para motores Fiat Fire 1.0, 1.3 e 1.4 8V.
• Não serve em tampas plásticas integradas de motores modernos Fire EVO / Firefly.
• Recomendamos comparar o código gravado na sua peça com os códigos informados abaixo.
• Em caso de dúvidas sobre ano/versão, pergunte no campo abaixo antes de comprar!


⚙️ ESPECIFICAÇÕES TÉCNICAS
• Fabricante: Sabó
• Código da Peça: 80333FLEX
• Código Original (OEM): 7083332, 55198333
• Códigos Similares: Taranto 270333, Elring 803.330
• Material: Elastômero ACM / NBR de alta flexibilidade e resistência a óleo
• Conteudo: Junta da tampa de válvulas + anéis vedadores dos coletores
• Condição: Produto 100% novo, lacrado na embalagem original


📦 CONTEÚDO & GARANTIA
• 01 Jogo de Juntas da Tampa de Válvulas e Coletores Fiat Fire 1.0 1.3 1.4 8V Sabó 80333FLEX (Sabó 80333FLEX)
• Acompanha Nota Fiscal Eletrônica (PF e PJ)
• Garantia de 6 meses contra defeitos de fabricação


❓ DÚVIDAS FREQUENTES
• Pronta Entrega: Sim, todos os produtos anunciados estão em estoque físico para envio imediato.
• Frete e Prazo: Calculados automaticamente pelo Mercado Envios digitando seu CEP no anúncio.
• Instalação: Recomendamos que a montagem seja feita por profissional especializado.


🛡️ BUSK Peças — Qualidade, Agilidade & Confiança"
SKU-092-SAB-79179FLEX;Junta Cabeçote MLS Renault Clio Sandero Logan 1.0 16V Sabó;105.0;7;Novo;Sabó;79179FLEX;7701473354;6 meses;Garantia do vendedor;"🚗 APLICAÇÃO VEICULAR
Confira os modelos e anos compatíveis:

• Nissan March (S / SV) — Motor 1.0 16V D4D (4 cil) Flex (2011 a 2015)
• Peugeot 206 (Selection / Soleil / Presence) — Motor 1.0 16V D4D (4 cil) Gasolina (2001 a 2005)
• Renault Clio / Sandero / Logan / Kangoo / Twingo (Authentique / Expression) — Motor 1.0 16V D4D Hi-Flex (4 cil) Gasolina / Flex (2000 a 2016)


⚠️ ALERTAS DE COMPATIBILIDADE
• Para motor 1.0 16V 4 cilindros D4D Renault / Nissan / Peugeot.
• NÃO serve no motor 1.0 3 cilindros SCe / B4D (Kwid/Sandero SCe).
• NÃO serve nos motores 1.6 8V/16V K7M/K4M.
• Recomendamos comparar o código gravado na sua peça com os códigos informados abaixo.
• Em caso de dúvidas sobre ano/versão, pergunte no campo abaixo antes de comprar!


⚙️ ESPECIFICAÇÕES TÉCNICAS
• Fabricante: Sabó
• Código da Peça: 79179FLEX
• Código Original (OEM): 7701473354, 8200388435
• Códigos Similares: Taranto 290700, Elring 584.090
• Material: Aço Inox MLS Multicamadas
• Norma: Renault D4D 1.0 16V Hi-Flex
• Condição: Produto 100% novo, lacrado na embalagem original


📦 CONTEÚDO & GARANTIA
• 01 Junta de Cabeçote em Aço MLS Renault Clio Sandero Logan 1.0 16V D4D Sabó 79179FLEX (Sabó 79179FLEX)
• Acompanha Nota Fiscal Eletrônica (PF e PJ)
• Garantia de 6 meses contra defeitos de fabricação


❓ DÚVIDAS FREQUENTES
• Pronta Entrega: Sim, todos os produtos anunciados estão em estoque físico para envio imediato.
• Frete e Prazo: Calculados automaticamente pelo Mercado Envios digitando seu CEP no anúncio.
• Instalação: Recomendamos que a montagem seja feita por profissional especializado.


🛡️ BUSK Peças — Qualidade, Agilidade & Confiança"
SKU-093-SAB-75664;Junta Tampa Válvulas GM Corsa Celta Prisma 1.0 1.4 1.8 Sabó;85.0;18;Novo;Sabó;75664;90409594;6 meses;Garantia do vendedor;"🚗 APLICAÇÃO VEICULAR
Confira os modelos e anos compatíveis:

• Chevrolet Celta / Corsa / Classic / Prisma / Meriva / Montana / Agile / Cobalt / Spin (Todas) — Motor 1.0 / 1.4 / 1.6 / 1.8 8V Gasolina / Flex (1994 a 2018)
• Fiat Palio / Siena / Strada / Idea / Stilo / Punto / Doblò (HLX / ELX / Adventure / Sporting) — Motor 1.8 8V Powertrain (Motor GM) Gasolina / Flex (2003 a 2010)


⚠️ ALERTAS DE COMPATIBILIDADE
• Inclui anéis limitadores para evitar esmagamento da junta no aperto.
• Para motores GM Família I 8V (1.0 a 1.8).
• Não serve em motores 16V nem Família II.
• Recomendamos comparar o código gravado na sua peça com os códigos informados abaixo.
• Em caso de dúvidas sobre ano/versão, pergunte no campo abaixo antes de comprar!


⚙️ ESPECIFICAÇÕES TÉCNICAS
• Fabricante: Sabó
• Código da Peça: 75664
• Código Original (OEM): 90409594, 93332884
• Códigos Similares: Taranto 240400, Elring 898.340
• Material: Cortiça Emborrachada com Alma Metálica e Limitadores de Torque Integrados
• Condição: Produto 100% novo, lacrado na embalagem original


📦 CONTEÚDO & GARANTIA
• 01 Junta da Tampa de Válvulas com Defletor GM Corsa Celta Prisma Meriva Montana 1.0 1.4 1.6 1.8 8V Sabó 75664 (Sabó 75664)
• Acompanha Nota Fiscal Eletrônica (PF e PJ)
• Garantia de 6 meses contra defeitos de fabricação


❓ DÚVIDAS FREQUENTES
• Pronta Entrega: Sim, todos os produtos anunciados estão em estoque físico para envio imediato.
• Frete e Prazo: Calculados automaticamente pelo Mercado Envios digitando seu CEP no anúncio.
• Instalação: Recomendamos que a montagem seja feita por profissional especializado.


🛡️ BUSK Peças — Qualidade, Agilidade & Confiança"
SKU-094-SAB-75666;Junta Cárter Óleo GM Corsa Celta Prisma 1.0 1.4 1.8 8V Sabó;80.0;9;Novo;Sabó;75666;90528632;6 meses;Garantia do vendedor;"🚗 APLICAÇÃO VEICULAR
Confira os modelos e anos compatíveis:

• Chevrolet Corsa / Celta / Prisma / Classic / Montana / Meriva / Agile (Todas) — Motor 1.0 / 1.4 / 1.6 / 1.8 8V Gasolina / Flex (1994 a 2016)
• Fiat Palio / Siena / Strada / Doblò / Stilo / Idea (HLX / ELX / Adventure) — Motor 1.8 8V Powertrain (Motor GM) Gasolina / Flex (2003 a 2010)


⚠️ ALERTAS DE COMPATIBILIDADE
• Para cárter de chapa de aço GM Família I 8V.
• Não serve em cárteres de alumínio estrutural colados com silicone.
• Recomendamos comparar o código gravado na sua peça com os códigos informados abaixo.
• Em caso de dúvidas sobre ano/versão, pergunte no campo abaixo antes de comprar!


⚙️ ESPECIFICAÇÕES TÉCNICAS
• Fabricante: Sabó
• Código da Peça: 75666
• Código Original (OEM): 90528632, 93382166
• Códigos Similares: Taranto 240500, Elring 898.350
• Material: Borracha Nitrílica com alma de aço e limitadores de aperto integrados
• Aplicacao: Cárter de chapa de aço estampado GM Família I
• Condição: Produto 100% novo, lacrado na embalagem original


📦 CONTEÚDO & GARANTIA
• 01 Junta do Cárter de Óleo do Motor GM Corsa Celta Prisma Montana Meriva 1.0 a 1.8 8V Sabó 75666 (Sabó 75666)
• Acompanha Nota Fiscal Eletrônica (PF e PJ)
• Garantia de 6 meses contra defeitos de fabricação


❓ DÚVIDAS FREQUENTES
• Pronta Entrega: Sim, todos os produtos anunciados estão em estoque físico para envio imediato.
• Frete e Prazo: Calculados automaticamente pelo Mercado Envios digitando seu CEP no anúncio.
• Instalação: Recomendamos que a montagem seja feita por profissional especializado.


🛡️ BUSK Peças — Qualidade, Agilidade & Confiança"
SKU-095-SAB-76351;Junta Tubo Escapamento Flange 2 Furos GM VW Fiat Ford Sabó;30.0;180;Novo;Sabó;76351;90500511;6 meses;Garantia do vendedor;"🚗 APLICAÇÃO VEICULAR
Confira os modelos e anos compatíveis:

• Chevrolet / VW / Fiat / Ford Corsa / Celta / Gol / Santana / Uno / Palio / Escort (Diversas) — Motor 1.0 a 2.0 Todos (1990 a 2020)


⚠️ ALERTAS DE COMPATIBILIDADE
• Para flanges de escapamento de 2 furos da linha leve.
• Não serve em flanges triangulares de 3 furos ou conexões cônicas sem flange.
• Recomendamos comparar o código gravado na sua peça com os códigos informados abaixo.
• Em caso de dúvidas sobre ano/versão, pergunte no campo abaixo antes de comprar!


⚙️ ESPECIFICAÇÕES TÉCNICAS
• Fabricante: Sabó
• Código da Peça: 76351
• Código Original (OEM): 90500511, 030253039
• Códigos Similares: Taranto 240600, Spaulding J76351
• Material: Aço e Fibra Refratária de Alta Temperatura resistente a 900°C
• Furos: 2 furos de fixação com anel metálico interno de vedação
• Condição: Produto 100% novo, lacrado na embalagem original


📦 CONTEÚDO & GARANTIA
• 01 Junta da Flange do Tubo Primário de Escapamento 2 Furos Sabó 76351 (Sabó 76351)
• Acompanha Nota Fiscal Eletrônica (PF e PJ)
• Garantia de 6 meses contra defeitos de fabricação


❓ DÚVIDAS FREQUENTES
• Pronta Entrega: Sim, todos os produtos anunciados estão em estoque físico para envio imediato.
• Frete e Prazo: Calculados automaticamente pelo Mercado Envios digitando seu CEP no anúncio.
• Instalação: Recomendamos que a montagem seja feita por profissional especializado.


🛡️ BUSK Peças — Qualidade, Agilidade & Confiança"
SKU-096-SAB-76090;Junta Válvula Termostática GM Corsa Celta Astra Vectra Sabó;45.0;27;Novo;Sabó;76090;90411540;6 meses;Garantia do vendedor;"🚗 APLICAÇÃO VEICULAR
Confira os modelos e anos compatíveis:

• Chevrolet Astra / Vectra / Monza / Kadett / Ipanema / Zafira (GL / GLS / CD / Advantage) — Motor 1.8 / 2.0 8V Gasolina / Álcool / Flex (1982 a 2011)
• Chevrolet Corsa / Classic / Celta / Prisma (Todas) — Motor 1.0 / 1.4 / 1.6 8V Gasolina / Flex (1994 a 2016)


⚠️ ALERTAS DE COMPATIBILIDADE
• Para carcaça da válvula termostática de motores GM 8V.
• NÃO serve em motores VW AP / EA111 (utilizam anel O-ring de borracha).
• Recomendamos comparar o código gravado na sua peça com os códigos informados abaixo.
• Em caso de dúvidas sobre ano/versão, pergunte no campo abaixo antes de comprar!


⚙️ ESPECIFICAÇÕES TÉCNICAS
• Fabricante: Sabó
• Código da Peça: 76090
• Código Original (OEM): 90411540, 030129717
• Códigos Similares: Taranto 240650, Elring 760.900
• Material: Papelão Hidráulico Especial com Tratamento Grafite e Silicone Selante
• Condição: Produto 100% novo, lacrado na embalagem original


📦 CONTEÚDO & GARANTIA
• 01 Junta da Válvula Termostática e Carcaça de Arrefecimento GM Corsa Celta Astra Vectra Sabó 76090 (Sabó 76090)
• Acompanha Nota Fiscal Eletrônica (PF e PJ)
• Garantia de 6 meses contra defeitos de fabricação


❓ DÚVIDAS FREQUENTES
• Pronta Entrega: Sim, todos os produtos anunciados estão em estoque físico para envio imediato.
• Frete e Prazo: Calculados automaticamente pelo Mercado Envios digitando seu CEP no anúncio.
• Instalação: Recomendamos que a montagem seja feita por profissional especializado.


🛡️ BUSK Peças — Qualidade, Agilidade & Confiança"
SKU-097-SAB-07340;Retentor Flange Virabrequim Roda Fônica VW Gol Fox Polo Sabó;210.0;63;Novo;Sabó;07340;030103171L;6 meses;Garantia do vendedor;"🚗 APLICAÇÃO VEICULAR
Confira os modelos e anos compatíveis:

• Volkswagen Fox / SpaceFox / CrossFox / Polo / Golf / Voyage / Saveiro (Todas) — Motor 1.0 8V / 1.6 8V EA111 Total Flex (2002 a 2021)
• Volkswagen Gol G2 / G3 / G4 / G5 / G6 / G7 / G8 (Todas) — Motor 1.0 8V / 1.0 16V / 1.6 8V EA111 e AT Gasolina / Flex (1997 a 2022)


⚠️ ALERTAS DE COMPATIBILIDADE
• ATENÇÃO: Requer ferramenta de sincronismo (ponto da roda fônica) na instalação.
• NÃO lubrificar o lábio de PTFE na montagem.
• Apenas para motores VW EA111 e AT 1.0 (NÃO serve em AP nem EA211).
• Recomendamos comparar o código gravado na sua peça com os códigos informados abaixo.
• Em caso de dúvidas sobre ano/versão, pergunte no campo abaixo antes de comprar!


⚙️ ESPECIFICAÇÕES TÉCNICAS
• Fabricante: Sabó
• Código da Peça: 07340
• Código Original (OEM): 030103171L, 030103171K, 036103171B
• Códigos Similares: Elring 761.020, Corteco 19036577, Taranto R260802V
• Material: Lábio em PTFE (Teflon) com Flange de Alumínio e Roda Fônica Integrada de 58 dentes
• Diametro Eixo: 85 mm
• Sentido Giro: Horário
• Condição: Produto 100% novo, lacrado na embalagem original


📦 CONTEÚDO & GARANTIA
• 01 Retentor Traseiro do Virabrequim com Flange em Alumínio e Roda Fônica Sabó 07340 (Sabó 07340)
• Acompanha Nota Fiscal Eletrônica (PF e PJ)
• Garantia de 6 meses contra defeitos de fabricação


❓ DÚVIDAS FREQUENTES
• Pronta Entrega: Sim, todos os produtos anunciados estão em estoque físico para envio imediato.
• Frete e Prazo: Calculados automaticamente pelo Mercado Envios digitando seu CEP no anúncio.
• Instalação: Recomendamos que a montagem seja feita por profissional especializado.


🛡️ BUSK Peças — Qualidade, Agilidade & Confiança"
SKU-098-SAB-01884;Retentor Cubo Roda Traseiro MB 1620 1418 1214 Sabo 01884;40.0;40;Novo;Sabó;01884;3459978346;6 meses;Garantia do vendedor;"🚗 APLICAÇÃO VEICULAR
Confira os modelos e anos compatíveis:

• Mercedes-Benz Chassis de Ônibus OF-1318 / OF-1620 / OF-1721 / OF-1722 / O-500 (Urbano e Rodoviário) — Motor OM366LA / OM904LA / OM906LA Diesel (1993 a 2020)
• Mercedes-Benz Linha 1214 / 1218 / 1414 / 1418 / 1518 (Caminhão Toco / Médio) — Motor OM366 / OM366A / OM904LA Diesel (1989 a 2012)
• Mercedes-Benz Linha 1618 / 1620 / 1621 / 1622 / 1721 (Caminhão Médio e Semi-Pesado) — Motor OM366LA / OM906LA Diesel (1993 a 2014)
• Mercedes-Benz Linha 2423 / 2425 / 2426 / 2730 / Atego (Caminhão 6x2 / 6x4) — Motor OM906LA / OM926LA Diesel (1998 a 2020)


⚠️ ALERTAS DE COMPATIBILIDADE
• ⚠️ ATENÇÃO: Aplicação exclusiva em Cubo de Roda Traseiro com sistema de Freio a Ar para caminhões e ônibus Mercedes-Benz.
• ⚠️ Dimensões nominais: Eixo 120mm x Alojamento 145mm x Altura 15mm. Verifique o tipo de eixo (HL4/HL5/HD4) antes da montagem.
• ⚠️ Utilizar ferramenta guia adequada para prensagem uniforme sem deformar a carcaça metálica ou deslocar a mola.
• Recomendamos comparar o código gravado na sua peça com os códigos informados abaixo.
• Em caso de dúvidas sobre ano/versão, pergunte no campo abaixo antes de comprar!


⚙️ ESPECIFICAÇÕES TÉCNICAS
• Fabricante: Sabó
• Código da Peça: 01884
• Código Original (OEM): 3459978346, 3089977346, 0159972647, 0109978147
• Códigos Similares: Corteco 2101N, Arca 5054BG, Astra 01884
• Dimensoes: 120,00 x 145,00 x 15,00 mm
• Diametro Eixo: 120,00 mm
• Diametro Alojamento: 145,00 mm
• Altura: 15,00 mm
• Material: Borracha Nitrílica (NBR) de Alta Resistência Térmica e Mecânica
• Tipo Labio: BRAG (com mola de tração em aço e lábio guarda-pó contra impurezas)
• Sentido Rotacao: Bidirecional (BI)
• Condição: Produto 100% novo, lacrado na embalagem original


📦 CONTEÚDO & GARANTIA
• 01 Retentor do Cubo de Roda Traseiro Freio a Ar Mercedes-Benz Sabó 01884 (Sabó 01884)
• Acompanha Nota Fiscal Eletrônica (PF e PJ)
• Garantia de 6 meses contra defeitos de fabricação


❓ DÚVIDAS FREQUENTES
• Pronta Entrega: Sim, todos os produtos anunciados estão em estoque físico para envio imediato.
• Frete e Prazo: Calculados automaticamente pelo Mercado Envios digitando seu CEP no anúncio.
• Instalação: Recomendamos que a montagem seja feita por profissional especializado.


🛡️ BUSK Peças — Qualidade, Agilidade & Confiança"
SKU-099-SAB-02201;Retentor Pinhao Diferencial Dana S10 D20 Ranger Sabo 02201;55.0;27;Novo;Sabó;02201;93202201;6 meses;Garantia do vendedor;"🚗 APLICAÇÃO VEICULAR
Confira os modelos e anos compatíveis:

• Chevrolet D10 / D20 / C10 / C20 / A20 / Veraneio / Bonanza (Todas as versões c/ Eixo Dana) — Motor 4.0 / 4.1 / Maxion / Perkins / MWM Diesel / Gasolina / Álcool (1979 a 1997)
• Chevrolet S10 / Blazer (4x2 e 4x4 - Cabine Simples / Dupla) — Motor 2.2 / 2.4 / 4.3 V6 / 2.5 / 2.8 Turbo Diesel Gasolina / Flex / Diesel (1995 a 2012)
• Chevrolet Silverado / Grand Blazer (Todas as versões) — Motor 4.1 MPFI / 4.2 MWM Sprint / Maxion S4 Gasolina / Diesel (1997 a 2002)
• Ford F-1000 / F-2000 / F-4000 (Todas com diferencial Dana) — Motor 3.6 / 4.9 / MWM 229 / MWM Sprint / X-10 Diesel / Gasolina (1979 a 1998)
• Ford Ranger (4x2 e 4x4) — Motor 2.3 / 2.5 / 2.8 / 3.0 / 4.0 V6 Gasolina / Diesel (1994 a 2012)
• Land Rover Defender 90 / 110 / 130 (4x4) — Motor 2.5 TDI / 300 TDI / Td5 Diesel (1990 a 2006)
• Mercedes-Benz Sprinter 310D / 312D (Furgão / Chassi / Van) — Motor 2.5 Maxion Turbo Diesel Diesel (1997 a 2002)
• Volkswagen Caminhões Leves 6.80 / 6.90 / 7.90 / 7.100 / 7.110 (Todas com Dana 70) — Motor MWM / Perkins Diesel (1982 a 2002)


⚠️ ALERTAS DE COMPATIBILIDADE
• ⚠️ ATENÇÃO: Aplicação exclusiva no pinhão do diferencial traseiro para eixos DANA 46 e DANA 70.
• ⚠️ Dimensões: Eixo 47,60mm x Alojamento 80,30mm x Altura 6,50/15,50mm. Não aplicável em diferenciais Braseixos.
• ⚠️ Substituir a porca do pinhão e conferir o pré-torque dos rolamentos no momento da instalação.
• Recomendamos comparar o código gravado na sua peça com os códigos informados abaixo.
• Em caso de dúvidas sobre ano/versão, pergunte no campo abaixo antes de comprar!


⚙️ ESPECIFICAÇÕES TÉCNICAS
• Fabricante: Sabó
• Código da Peça: 02201
• Código Original (OEM): 93202201, BF5T4676A, 2RR525275, 26026857, FTC4939
• Códigos Similares: Arca 5627-BRGEP, Corteco 2201P, Taranto R02201
• Dimensoes: 47,60 x 80,30 x 6,50 / 15,50 mm
• Diametro Eixo: 47,60 mm
• Diametro Alojamento: 80,30 mm
• Altura: 6,50 mm (aba) / 15,50 mm (total)
• Material: Poliacrílico (ACM) Especial de Alta Performance Térmica
• Tipo Labio: BRGEP (com mola de retenção, lábio protetor externo e ranhuras direcionais)
• Sentido Rotacao: Horário / Bi-direcional protegido
• Condição: Produto 100% novo, lacrado na embalagem original


📦 CONTEÚDO & GARANTIA
• 01 Retentor do Pinhão do Diferencial Dana 46/70 Utilitários Sabó 02201 (Sabó 02201)
• Acompanha Nota Fiscal Eletrônica (PF e PJ)
• Garantia de 6 meses contra defeitos de fabricação


❓ DÚVIDAS FREQUENTES
• Pronta Entrega: Sim, todos os produtos anunciados estão em estoque físico para envio imediato.
• Frete e Prazo: Calculados automaticamente pelo Mercado Envios digitando seu CEP no anúncio.
• Instalação: Recomendamos que a montagem seja feita por profissional especializado.


🛡️ BUSK Peças — Qualidade, Agilidade & Confiança"
SKU-100-SAB-09308;Retentor Haste Valvula Cummins ISB ISF Cargo VW Sabo 09308;120.0;27;Novo;Sabó;09308;3955393;6 meses;Garantia do vendedor;"🚗 APLICAÇÃO VEICULAR
Confira os modelos e anos compatíveis:

• Cummins Motores ISB 4 e 6 Cilindros (3.9 / 4.5 / 5.9 / 6.7) (Eletrônico 16V e 24V) — Motor 3.9 / 4.5 / 5.9 / 6.7 Turbo Intercooler Diesel (2000 a 2022)
• Cummins Motores ISF 3.8 e ISF 2.8 (Eletrônico 16V) — Motor 2.8 / 3.8 Turbo Diesel Diesel (2010 a 2022)
• Ford Cargo 815e / 1317e / 1517e / 1717e / 1722e / 2422e / 2428e (Caminhão Médio e Pesado) — Motor Cummins ISB 3.9 / 5.9 / 4 e 6 Cilindros Diesel (2005 a 2019)
• Ford F-250 / F-350 / F-4000 (Eletrônica) — Motor Cummins ISB 3.9 4 Cilindros 16V Diesel (2006 a 2019)
• Volkswagen Constellation 17.250E / 24.250E / 19.320E / 25.320E / 17.190 (Caminhão Médio e Pesado) — Motor Cummins ISB 5.9 / 6.7 Diesel (2006 a 2021)
• Volkswagen Delivery 5-140E / 8-150E / 9-150E / 8-160 / 9-160 / 10-160 (Caminhão Leve e Médio) — Motor Cummins ISF 3.8 / ISB 3.9 Diesel (2005 a 2021)


⚠️ ALERTAS DE COMPATIBILIDADE
• ⚠️ ATENÇÃO: Retentor para haste de 7,00mm em motores Cummins Série ISB 4/6 cilindros e ISF 3.8 / 2.8.
• ⚠️ Não utilizar ferramentas pontiagudas para instalação sobre a guia para não romper a mola interna.
• ⚠️ Utilizar capa plástica de proteção sobre a ponta da haste ao inserir a válvula.
• Recomendamos comparar o código gravado na sua peça com os códigos informados abaixo.
• Em caso de dúvidas sobre ano/versão, pergunte no campo abaixo antes de comprar!


⚙️ ESPECIFICAÇÕES TÉCNICAS
• Fabricante: Sabó
• Código da Peça: 09308
• Código Original (OEM): 3955393, 2R0109675B, BG5X6571A, 4895214
• Códigos Similares: Corteco 8429V, Elring 023.770, Taranto R09308V
• Dimensoes: 7,00 x 12,50 x 14,60 mm
• Diametro Eixo: 7,00 mm (Haste)
• Diametro Alojamento: 12,50 mm (Guia)
• Altura: 14,60 mm
• Material: Fluorelastômero (FPM / Viton) Verde de Altíssima Performance
• Tipo Labio: BREF (com mola espiral em aço inox e carcaça metálica integrada)
• Sentido Rotacao: Bidirecional / Estático na guia
• Condição: Produto 100% novo, lacrado na embalagem original


📦 CONTEÚDO & GARANTIA
• 01 Retentor de Haste de Válvula Motores Cummins ISB ISF 3.8 Sabó 09308 (Sabó 09308)
• Acompanha Nota Fiscal Eletrônica (PF e PJ)
• Garantia de 6 meses contra defeitos de fabricação


❓ DÚVIDAS FREQUENTES
• Pronta Entrega: Sim, todos os produtos anunciados estão em estoque físico para envio imediato.
• Frete e Prazo: Calculados automaticamente pelo Mercado Envios digitando seu CEP no anúncio.
• Instalação: Recomendamos que a montagem seja feita por profissional especializado.


🛡️ BUSK Peças — Qualidade, Agilidade & Confiança"
SKU-101-SAB-09250;Jogo Retentores Haste Valvula Ford Zetec Rocam Sabo 09250;90.0;19;Novo;Sabó;09250;XS6E6571AB;6 meses;Garantia do vendedor;"🚗 APLICAÇÃO VEICULAR
Confira os modelos e anos compatíveis:

• Ford Courier (L / XL / Van) — Motor 1.6 8V Zetec Rocam Gasolina / Flex (1999 a 2013)
• Ford EcoSport (XL / XLS / XLT / Freestyle) — Motor 1.0 8V Supercharger / 1.6 8V Zetec Rocam Gasolina / Flex (2003 a 2012)
• Ford Escort (Hatch e SW GL) — Motor 1.6 8V Zetec Rocam Gasolina (2000 a 2002)
• Ford Fiesta (Street / Hatch / Sedan / Personnalité / Trail) — Motor 1.0 8V / 1.6 8V Zetec Rocam Gasolina / Flex (1999 a 2014)
• Ford Focus (Hatch e Sedan GL / GLX) — Motor 1.6 8V Zetec Rocam Gasolina / Flex (2003 a 2009)
• Ford Ka (Action / Black / Image / MP3 / Tecno / Fly / Pulse) — Motor 1.0 8V / 1.6 8V Zetec Rocam Gasolina / Flex (1999 a 2014)


⚠️ ALERTAS DE COMPATIBILIDADE
• ⚠️ ATENÇÃO: Compatível exclusivamente com motores Ford Zetec Rocam 1.0 8V e 1.6 8V (Haste de 6,00mm).
• ⚠️ Não aplicar em motores Zetec 16V (1.8/2.0) nem em motores Endura.
• ⚠️ Aplicar lubrificação com óleo de motor na montagem da válvula para evitar atrito seco inicial.
• Recomendamos comparar o código gravado na sua peça com os códigos informados abaixo.
• Em caso de dúvidas sobre ano/versão, pergunte no campo abaixo antes de comprar!


⚙️ ESPECIFICAÇÕES TÉCNICAS
• Fabricante: Sabó
• Código da Peça: 09250
• Código Original (OEM): XS6E6571AB, 988M6571AA, 109675, 1113172
• Códigos Similares: Corteco 9250V, Taranto R09250V, Elring 403.730
• Dimensoes: 6,00 x 11,00 x 17,80 mm
• Diametro Eixo: 6,00 mm (Haste)
• Diametro Alojamento: 11,00 mm (Guia)
• Altura: 17,80 mm
• Material: Fluorelastômero (FPM / Viton) de Altíssima Resiliência Térmica
• Tipo Labio: BREF (com mola helicoidal de aço e corpo metálico vulcanizado)
• Sentido Rotacao: Bidirecional / Vedação da guia
• Condição: Produto 100% novo, lacrado na embalagem original


📦 CONTEÚDO & GARANTIA
• 01 Jogo de Retentores de Haste de Válvula Ford Zetec Rocam Sabó 09250 (Sabó 09250)
• Acompanha Nota Fiscal Eletrônica (PF e PJ)
• Garantia de 6 meses contra defeitos de fabricação


❓ DÚVIDAS FREQUENTES
• Pronta Entrega: Sim, todos os produtos anunciados estão em estoque físico para envio imediato.
• Frete e Prazo: Calculados automaticamente pelo Mercado Envios digitando seu CEP no anúncio.
• Instalação: Recomendamos que a montagem seja feita por profissional especializado.


🛡️ BUSK Peças — Qualidade, Agilidade & Confiança"
SKU-102-SAB-02005;Retentor Virabrequim Dianteiro Fiat Uno Palio Sabo 02005;45.0;10;Novo;Sabó;02005;40000820;6 meses;Garantia do vendedor;"🚗 APLICAÇÃO VEICULAR
Confira os modelos e anos compatíveis:

• Fiat 147 / Spazio / Oggi / Panorama (Todas as versões) — Motor 1050 / 1300 Motor Fiasa Gasolina / Álcool (1976 a 1987)
• Fiat Fiorino / Prêmio / Elba (Furgão / Pick-up / S / CS / SL / CSL) — Motor 1.0 / 1.3 / 1.5 Motor Fiasa Gasolina / Álcool (1985 a 2004)
• Fiat Palio / Siena / Strada / Weekend (EL / ED / EDX / EX / 6 Marchas) — Motor 1.0 / 1.5 Motor Fiasa 8V Gasolina / Álcool (1996 a 2001)
• Fiat Tipo (IE) — Motor 1.6 8V Motor Sevel Gasolina (1993 a 1997)
• Fiat Uno / Mille (Mille / CS / S / SX / Brio / EP / EX / Smart) — Motor 1.0 / 1.3 / 1.5 Motor Fiasa Gasolina / Álcool (1984 a 2004)


⚠️ ALERTAS DE COMPATIBILIDADE
• ⚠️ ATENÇÃO: Aplicação exclusiva na dianteira do virabrequim para motores Fiat FIASA e SEVEL clássicos.
• ⚠️ Não serve na linha Fiat FIRE nem na linha E.torQ (que utilizam medidas diferentes).
• ⚠️ Limpar a superfície do colo do virabrequim e lubrificar a aresta de vedação antes da instalação.
• Recomendamos comparar o código gravado na sua peça com os códigos informados abaixo.
• Em caso de dúvidas sobre ano/versão, pergunte no campo abaixo antes de comprar!


⚙️ ESPECIFICAÇÕES TÉCNICAS
• Fabricante: Sabó
• Código da Peça: 02005
• Código Original (OEM): 40000820, 40000830, 75210200, 7547072
• Códigos Similares: Corteco 12011115B, Taranto R270101, Arca 5005BAG
• Dimensoes: 40,00 x 56,00 x 7,00 mm
• Diametro Eixo: 40,00 mm
• Diametro Alojamento: 56,00 mm
• Altura: 7,00 mm
• Material: Poliacrílico (ACM) de Alta Resistência ao Óleo de Motor
• Tipo Labio: BAGP (com mola de aço, lábio guarda-pó e estrias helicoidais de retorno de óleo)
• Sentido Rotacao: Horário (AH / Direito)
• Condição: Produto 100% novo, lacrado na embalagem original


📦 CONTEÚDO & GARANTIA
• 01 Retentor Dianteiro do Virabrequim Fiat Fiasa 1.0 1.3 1.5 Sabó 02005 (Sabó 02005)
• Acompanha Nota Fiscal Eletrônica (PF e PJ)
• Garantia de 6 meses contra defeitos de fabricação


❓ DÚVIDAS FREQUENTES
• Pronta Entrega: Sim, todos os produtos anunciados estão em estoque físico para envio imediato.
• Frete e Prazo: Calculados automaticamente pelo Mercado Envios digitando seu CEP no anúncio.
• Instalação: Recomendamos que a montagem seja feita por profissional especializado.


🛡️ BUSK Peças — Qualidade, Agilidade & Confiança"
SKU-103-SAB-05808;Retentor Comando Valvula Fiat Novo Uno Mobi Sabo 05808;55.0;30;Novo;Sabó;05808;55231768;6 meses;Garantia do vendedor;"🚗 APLICAÇÃO VEICULAR
Confira os modelos e anos compatíveis:

• Fiat Fiorino (Nova Fiorino Furgão / Hard Working) — Motor 1.4 8V Fire EVO Flex (2014 a 2022)
• Fiat Grand Siena (Attractive) — Motor 1.0 8V Fire EVO Flex (2017 a 2022)
• Fiat Mobi (Easy / Like / Way / Drive) — Motor 1.0 8V Fire EVO 4 Cilindros Flex (2016 a 2022)
• Fiat Novo Palio (Attractive) — Motor 1.0 8V Fire EVO Flex (2012 a 2017)
• Fiat Novo Uno (Vivace / Way / Attractive / Sporting / Economy) — Motor 1.0 8V Fire EVO Flex (2010 a 2016)


⚠️ ALERTAS DE COMPATIBILIDADE
• ⚠️ ATENÇÃO: Desenvolvido para a nova geração de motores Fiat FIRE EVO 1.0 8V com variador/polia moderna.
• ⚠️ Dimensões: 31,00 x 55,00 x 7,00 mm. Não confundir com o motor Fire clássico (que usa o retentor Sabó 05285 / 30x42x7).
• ⚠️ Evita que o vazamento de óleo contamine a correia dentada, prevenindo quebra e empenamento de válvulas.
• Recomendamos comparar o código gravado na sua peça com os códigos informados abaixo.
• Em caso de dúvidas sobre ano/versão, pergunte no campo abaixo antes de comprar!


⚙️ ESPECIFICAÇÕES TÉCNICAS
• Fabricante: Sabó
• Código da Peça: 05808
• Código Original (OEM): 55231768, 55206525, 7088424
• Códigos Similares: Corteco 12015808B, Taranto R270508V, Elring 389.040
• Dimensoes: 31,00 x 55,00 x 7,00 mm
• Diametro Eixo: 31,00 mm
• Diametro Alojamento: 55,00 mm
• Altura: 7,00 mm
• Material: Fluorelastômero (FPM / Viton) de Alta Resistência Química e Térmica
• Tipo Labio: BRAGF (com mola de aço, lábio protetor externo e carcaça externa emborrachada)
• Sentido Rotacao: Horário (Direito / R)
• Condição: Produto 100% novo, lacrado na embalagem original


📦 CONTEÚDO & GARANTIA
• 01 Retentor do Comando de Válvulas Fiat Fire EVO 1.0 8V Sabó 05808 (Sabó 05808)
• Acompanha Nota Fiscal Eletrônica (PF e PJ)
• Garantia de 6 meses contra defeitos de fabricação


❓ DÚVIDAS FREQUENTES
• Pronta Entrega: Sim, todos os produtos anunciados estão em estoque físico para envio imediato.
• Frete e Prazo: Calculados automaticamente pelo Mercado Envios digitando seu CEP no anúncio.
• Instalação: Recomendamos que a montagem seja feita por profissional especializado.


🛡️ BUSK Peças — Qualidade, Agilidade & Confiança"
SKU-104-SAB-09237;Retentor Haste Valvula Mercedes Axor 1938 OM457 Sabo 09237;20.0;13;Novo;Sabó;09237;0000535358;6 meses;Garantia do vendedor;"🚗 APLICAÇÃO VEICULAR
Confira os modelos e anos compatíveis:

• Mercedes-Benz Linha 1938 / 1938 S / 1944 / 2638 (Cavalo Mecânico) — Motor OM 457 LA Turbo Intercooler Diesel (1998 a 2006)
• Mercedes-Benz Linha Actros (versões com motor OM 460 LA) (Pesado) — Motor OM 460 LA Diesel (2010 a 2022)
• Mercedes-Benz Linha Axor 1933 / 2035 / 2040 / 2540 / 2544 / 2640 / 2644 / 3340 / 3344 (Cavalo Mecânico e Traçado) — Motor OM 457 LA 12.0L 6 Cilindros Diesel (2005 a 2022)
• Mercedes-Benz Linha de Ônibus O-400 RSD / O-400 RSE / O-500 RSD (Rodoviário / Urbano) — Motor OM 457 LA 6 Cilindros Diesel (1998 a 2020)


⚠️ ALERTAS DE COMPATIBILIDADE
• ⚠️ ATENÇÃO: Aplicação em motores Mercedes-Benz OM 457 LA e OM 460 LA (Haste de Válvula de 9,00mm).
• ⚠️ Utilizado em caminhões pesados Mercedes-Benz Axor, 1938, 2638 e ônibus O-400 RSD.
• ⚠️ Substituir o conjunto completo de retentores no momento da retífica de cabeçote.
• Recomendamos comparar o código gravado na sua peça com os códigos informados abaixo.
• Em caso de dúvidas sobre ano/versão, pergunte no campo abaixo antes de comprar!


⚙️ ESPECIFICAÇÕES TÉCNICAS
• Fabricante: Sabó
• Código da Peça: 09237
• Código Original (OEM): 0000535358, 0000533558, 0000535258, A0000535358
• Códigos Similares: Corteco 12019237V, Elring 023.830, Taranto R09237, Victor Reinz 70-34358-00
• Dimensoes: 9,00 x 12,00 x 7,00 mm
• Diametro Eixo: 9,00 mm (Haste)
• Diametro Alojamento: 12,00 mm (Guia)
• Altura: 7,00 mm
• Material: Fluorelastômero (FPM / Viton) Especial Linha Pesada
• Tipo Labio: BREF (com mola de aço inox e encamisamento para alta pressão)
• Sentido Rotacao: Bidirecional / Estático na guia
• Condição: Produto 100% novo, lacrado na embalagem original


📦 CONTEÚDO & GARANTIA
• 01 Retentor de Haste de Válvula Mercedes-Benz OM457 LA Sabó 09237 (Sabó 09237)
• Acompanha Nota Fiscal Eletrônica (PF e PJ)
• Garantia de 6 meses contra defeitos de fabricação


❓ DÚVIDAS FREQUENTES
• Pronta Entrega: Sim, todos os produtos anunciados estão em estoque físico para envio imediato.
• Frete e Prazo: Calculados automaticamente pelo Mercado Envios digitando seu CEP no anúncio.
• Instalação: Recomendamos que a montagem seja feita por profissional especializado.


🛡️ BUSK Peças — Qualidade, Agilidade & Confiança"
SKU-105-SAB-02395;Retentor Roda Traseira Semi Eixo GM D20 Silverado Sabo 02395;55.0;21;Novo;Sabó;02395;7324263;6 meses;Garantia do vendedor;"🚗 APLICAÇÃO VEICULAR
Confira os modelos e anos compatíveis:

• Chevrolet Bonanza / Veraneio (Todas as versões) — Motor 4.1 / Maxion Turbo Diesel Gasolina / Álcool / Diesel (1979 a 1996)
• Chevrolet D20 / C20 / A20 / D10 / C10 / A10 (Cabine Simples e Dupla) — Motor Diesel Maxion / Perkins / Álcool / Gasolina 4.1 Diesel / Gasolina / Álcool (1979 a 1997)
• Chevrolet Silverado / Grand Blazer (Conquest / DLX / Tropical) — Motor 4.1 MPFI / 4.2 MWM Sprint / Maxion S4 Gasolina / Diesel (1997 a 2002)


⚠️ ALERTAS DE COMPATIBILIDADE
• ⚠️ ATENÇÃO: Aplicação no semi-eixo da roda traseira (semi-árvore) de utilitários Chevrolet com eixo Braseixos/Dana.
• ⚠️ Dimensões: Eixo 45,00mm x Alojamento 73,10mm x Altura 13,00mm. Não aplicar no cubo dianteiro (que utiliza Sabó 02415).
• ⚠️ Lubrificar o lábio interno com graxa automotiva antes de deslizar a semi-árvore no eixo.
• Recomendamos comparar o código gravado na sua peça com os códigos informados abaixo.
• Em caso de dúvidas sobre ano/versão, pergunte no campo abaixo antes de comprar!


⚙️ ESPECIFICAÇÕES TÉCNICAS
• Fabricante: Sabó
• Código da Peça: 02395
• Código Original (OEM): 7324263, 93202395, 94625295, 93206239
• Códigos Similares: Corteco 12012395B, Taranto R240901, Arca 5395BAG
• Dimensoes: 45,00 x 73,10 x 13,00 mm
• Diametro Eixo: 45,00 mm
• Diametro Alojamento: 73,10 mm
• Altura: 13,00 mm
• Material: Borracha Nitrílica (NBR) de Alta Resistência a Graxa e Óleo
• Tipo Labio: BAGG (duplo lábio com mola helicoidal em aço e blindagem externa)
• Sentido Rotacao: Bidirecional (BI)
• Condição: Produto 100% novo, lacrado na embalagem original


📦 CONTEÚDO & GARANTIA
• 01 Retentor do Semi-Eixo Traseiro GM D20 Silverado Bonanza Sabó 02395 (Sabó 02395)
• Acompanha Nota Fiscal Eletrônica (PF e PJ)
• Garantia de 6 meses contra defeitos de fabricação


❓ DÚVIDAS FREQUENTES
• Pronta Entrega: Sim, todos os produtos anunciados estão em estoque físico para envio imediato.
• Frete e Prazo: Calculados automaticamente pelo Mercado Envios digitando seu CEP no anúncio.
• Instalação: Recomendamos que a montagem seja feita por profissional especializado.


🛡️ BUSK Peças — Qualidade, Agilidade & Confiança"
SKU-106-SAB-01535;Retentor Eixo Piloto Cambio VW Fusca Gol Santana Sabo 01535;45.0;20;Novo;Sabó;01535;N149021;6 meses;Garantia do vendedor;"🚗 APLICAÇÃO VEICULAR
Confira os modelos e anos compatíveis:

• Mercedes-Benz Linha 608 / 708 / 709 / 912 / 1113 / 1518 (Caminhão Leve e Médio) — Motor OM314 / OM352 Diesel (1970 a 1996)
• Renault Trafic (Furgão / Chassi) — Motor 2.0 / 2.2 Gasolina / Diesel (1990 a 2002)
• Volkswagen Apollo / Logus / Pointer (GL / GLS / GLSi) — Motor 1.8 / 2.0 AP Gasolina / Álcool (1990 a 1996)
• Volkswagen Fusca / Brasília / Kombi / Variant / Karmann Ghia (Todos c/ Caixa 4 Marchas) — Motor 1300 / 1500 / 1600 Boxer Refrigerado a Ar Gasolina / Álcool (1959 a 2014)
• Volkswagen Gol / Parati / Saveiro / Voyage / Passat (Quadrado / G2 / G3 / G4) — Motor 1.3 / 1.5 / 1.6 / 1.8 / 2.0 Motor AP e CHT Gasolina / Álcool / Flex (1980 a 2014)
• Volkswagen Santana / Quantum (CL / GL / GLS / CD / Exclusiv) — Motor 1.8 / 2.0 Motor AP Transmissão Manual Gasolina / Álcool (1984 a 2006)


⚠️ ALERTAS DE COMPATIBILIDADE
• ⚠️ ATENÇÃO: Vedação do eixo piloto do câmbio na linha Volkswagen (transmissão manual) e setor da caixa de direção.
• ⚠️ Dimensões: Eixo 30,00mm x Alojamento 40,00mm x Altura 7,00mm.
• ⚠️ Evita que o vazamento de óleo do câmbio atinja o disco de embreagem, impedindo trepidação e patinamento.
• Recomendamos comparar o código gravado na sua peça com os códigos informados abaixo.
• Em caso de dúvidas sobre ano/versão, pergunte no campo abaixo antes de comprar!


⚙️ ESPECIFICAÇÕES TÉCNICAS
• Fabricante: Sabó
• Código da Peça: 01535
• Código Original (OEM): N149021, 0009974846, 1441007X1
• Códigos Similares: Corteco 12011535B, Arca 5270-BR, Taranto R260102
• Dimensoes: 30,00 x 40,00 x 7,00 mm
• Diametro Eixo: 30,00 mm
• Diametro Alojamento: 40,00 mm
• Altura: 7,00 mm
• Material: Borracha Nitrílica (NBR) Resistente a Óleos de Transmissão (SAE 80W / 90)
• Tipo Labio: BR (com mola de tração em aço carbono e carcaça metálica emborrachada)
• Sentido Rotacao: Bidirecional (LI)
• Condição: Produto 100% novo, lacrado na embalagem original


📦 CONTEÚDO & GARANTIA
• 01 Retentor do Eixo Piloto Transmissão e Direção VW Sabó 01535 (Sabó 01535)
• Acompanha Nota Fiscal Eletrônica (PF e PJ)
• Garantia de 6 meses contra defeitos de fabricação


❓ DÚVIDAS FREQUENTES
• Pronta Entrega: Sim, todos os produtos anunciados estão em estoque físico para envio imediato.
• Frete e Prazo: Calculados automaticamente pelo Mercado Envios digitando seu CEP no anúncio.
• Instalação: Recomendamos que a montagem seja feita por profissional especializado.


🛡️ BUSK Peças — Qualidade, Agilidade & Confiança"
SKU-107-SAB-05590;Retentor Virabrequim Traseiro Peugeot 206 207 C3 Sabo 05590;90.0;19;Novo;Sabó;05590;051474;6 meses;Garantia do vendedor;"🚗 APLICAÇÃO VEICULAR
Confira os modelos e anos compatíveis:

• Chevrolet S10 / Blazer (4x2 e 4x4) — Motor 2.8 8V Turbo Diesel MWM Sprint 4.07TCA Diesel (2000 a 2011)
• Citroën C3 / C3 Picasso / Aircross (GLX / Exclusive / Tendance / Feel) — Motor 1.4 8V / 1.5 8V / 1.6 16V TU5JP4 EC5 Gasolina / Flex (2003 a 2022)
• Citroën C4 / C4 Pallas / C4 Lounge / Xsara / Berlingo (GLX / Exclusive) — Motor 1.6 16V / 2.0 16V Gasolina / Flex (2000 a 2020)
• Peugeot 206 / 207 / 208 / 2008 (Presence / Soleil / Feline / Allure / Griffe) — Motor 1.4 8V TU3JP / 1.5 8V / 1.6 16V TU5JP4 EC5 Gasolina / Flex (2001 a 2022)
• Peugeot 307 / 308 / Partner / Hoggar (Hatch / Sedan / Furgão / Escapade) — Motor 1.6 16V TU5JP4 / 2.0 16V EW10 Gasolina / Flex (2002 a 2020)
• Renault Duster / Duster Oroch / Sandero RS / Megane / Scenic / Laguna (Dynamique / Expression / RS) — Motor 2.0 16V Motor F4R Gasolina / Flex (2001 a 2022)


⚠️ ALERTAS DE COMPATIBILIDADE
• ⚠️ ATENÇÃO: Sentido de rotação Anti-horário (ESQ). Aplicação no traseiro do virabrequim (lado volante).
• ⚠️ Dimensões: Eixo 85,00mm x Alojamento 105,00mm x Altura 9,00mm.
• ⚠️ Não aplicar em motores que exigem rotação horária ou flanges plásticas integradas.
• Recomendamos comparar o código gravado na sua peça com os códigos informados abaixo.
• Em caso de dúvidas sobre ano/versão, pergunte no campo abaixo antes de comprar!


⚙️ ESPECIFICAÇÕES TÉCNICAS
• Fabricante: Sabó
• Código da Peça: 05590
• Código Original (OEM): 051474, 051440, 0514A2, 9820978780, 7703087224, 7703087190
• Códigos Similares: Corteco 19036590, Elring 762.030, Taranto R230802V
• Dimensoes: 85,00 x 105,00 x 9,00 mm
• Diametro Eixo: 85,00 mm
• Diametro Alojamento: 105,00 mm
• Altura: 9,00 mm
• Material: Fluorelastômero (FPM / Viton) de Alta Performance Térmica
• Tipo Labio: BRGF (com mola em aço inox e estrias hidrodinâmicas de retorno)
• Sentido Rotacao: Anti-horário (ESQ / Left)
• Condição: Produto 100% novo, lacrado na embalagem original


📦 CONTEÚDO & GARANTIA
• 01 Retentor Traseiro do Virabrequim Peugeot Citroen Renault Sabó 05590 (Sabó 05590)
• Acompanha Nota Fiscal Eletrônica (PF e PJ)
• Garantia de 6 meses contra defeitos de fabricação


❓ DÚVIDAS FREQUENTES
• Pronta Entrega: Sim, todos os produtos anunciados estão em estoque físico para envio imediato.
• Frete e Prazo: Calculados automaticamente pelo Mercado Envios digitando seu CEP no anúncio.
• Instalação: Recomendamos que a montagem seja feita por profissional especializado.


🛡️ BUSK Peças — Qualidade, Agilidade & Confiança"
SKU-108-SAB-03025;Retentor Eixo Balanceador Mitsubishi L200 HR Sabo 03025;30.0;54;Novo;Sabó;03025;MD343563;6 meses;Garantia do vendedor;"🚗 APLICAÇÃO VEICULAR
Confira os modelos e anos compatíveis:

• Hyundai H100 (Van e Furgão) — Motor 2.5 8V Diesel D4BB / D4BH Diesel (1995 a 2004)
• Hyundai HR (Chassi e Baú) — Motor 2.5 8V Turbo Diesel Intercooler D4BH / D4BA Diesel (2005 a 2012)
• Kia Bongo K2500 (Chassi / Carroceria) — Motor 2.5 8V Turbo Diesel TCI Diesel (2005 a 2012)
• Mitsubishi L200 / L200 Sport / Outdoor / Savana / GL / GLS / HPE (Cabine Simples e Dupla 4x4) — Motor 2.5 8V Turbo Diesel 4D56 Diesel (1992 a 2012)
• Mitsubishi L300 (Van e Furgão) — Motor 2.5 8V Diesel 4D56 Diesel (1995 a 2003)
• Mitsubishi Pajero / Pajero Sport / Pajero Dakar (GLX / GLS / HPE) — Motor 2.5 8V Turbo Diesel 4D56 Diesel (1992 a 2011)


⚠️ ALERTAS DE COMPATIBILIDADE
• ⚠️ ATENÇÃO: Retentor do eixo balanceador maior para motores 2.5 8V Turbo Diesel Mitsubishi 4D56 e Hyundai D4BH/D4BA.
• ⚠️ Dimensões nominais: Eixo 25,00mm x Alojamento 35,00mm x Altura 6,00mm.
• ⚠️ Substituir sempre que realizar a troca das correias dentadas e sincronizadoras para evitar vazamento interno na correia.
• Recomendamos comparar o código gravado na sua peça com os códigos informados abaixo.
• Em caso de dúvidas sobre ano/versão, pergunte no campo abaixo antes de comprar!


⚙️ ESPECIFICAÇÕES TÉCNICAS
• Fabricante: Sabó
• Código da Peça: 03025
• Código Original (OEM): MD343563, MD050608, 21321-42011, 21321-42021, 21321-42031
• Códigos Similares: Corteco 12013025V, Arca 6093-BRGF, Taranto R320301V
• Dimensoes: 25,00 x 35,00 x 6,00 mm
• Diametro Eixo: 25,00 mm
• Diametro Alojamento: 35,00 mm
• Altura: 6,00 mm
• Material: Fluorelastômero (FPM / Viton) Especial para Motores Diesel
• Tipo Labio: BRGF (com mola de aço inox e perfil com estrias direcionais)
• Sentido Rotacao: Horário / Bi-direcional protegido
• Condição: Produto 100% novo, lacrado na embalagem original


📦 CONTEÚDO & GARANTIA
• 01 Retentor do Eixo Balanceador Mitsubishi L200 Pajero Hyundai HR Sabó 03025 (Sabó 03025)
• Acompanha Nota Fiscal Eletrônica (PF e PJ)
• Garantia de 6 meses contra defeitos de fabricação


❓ DÚVIDAS FREQUENTES
• Pronta Entrega: Sim, todos os produtos anunciados estão em estoque físico para envio imediato.
• Frete e Prazo: Calculados automaticamente pelo Mercado Envios digitando seu CEP no anúncio.
• Instalação: Recomendamos que a montagem seja feita por profissional especializado.


🛡️ BUSK Peças — Qualidade, Agilidade & Confiança"
SKU-109-SAB-02702;Retentor Virabrequim Traseiro Corsa Celta Onix Sabo 02702;70.0;35;Novo;Sabó;02702;24578614;6 meses;Garantia do vendedor;"🚗 APLICAÇÃO VEICULAR
Confira os modelos e anos compatíveis:

• Chevrolet Agile / Montana (LT / LTZ / Sport / Combo) — Motor 1.4 8V / 1.8 8V Flex (2003 a 2021)
• Chevrolet Astra / Vectra / Zafira / Meriva (GL / GLS / CD / Elegance / Elite / Expression) — Motor 1.8 / 2.0 / 2.2 / 2.4 8V e 16V Família II Gasolina / Flex (1995 a 2012)
• Chevrolet Celta / Prisma (Life / Spirit / Super / LT / Maxx / Joy) — Motor 1.0 / 1.4 8V VHC / VHCE / SPE4 Gasolina / Flex (2000 a 2019)
• Chevrolet Corsa / Corsa Classic / Pick-up Corsa / Wagon (Wind / Super / GL / GLS / Maxx / Joy / Premium) — Motor 1.0 / 1.4 / 1.6 / 1.8 8V e 16V Família I Gasolina / Flex (1994 a 2016)
• Chevrolet Onix / Prisma (Geração 1) / Cobalt / Spin / Sonic (LT / LTZ / Advantage / Premier / Activ) — Motor 1.0 / 1.4 / 1.8 8V SPE/4 e EconoFlex Flex (2012 a 2020)
• Fiat Palio / Siena / Strada / Palio Weekend / Adventure (HLX / ELX / Adventure / Locker / Trekking) — Motor 1.8 8V Powertrain Motor GM Gasolina / Flex (2003 a 2011)
• Fiat Punto / Idea / Stilo / Doblò (HLX / Sporting / ELX / Adventure / Attractive) — Motor 1.8 8V Powertrain Motor GM Gasolina / Flex (2003 a 2011)


⚠️ ALERTAS DE COMPATIBILIDADE
• ⚠️ ATENÇÃO: Aplicação no retentor traseiro do virabrequim (volante do motor) para toda a linha GM Família I e II 8V.
• ⚠️ Compatível também com a linha Fiat com motor 1.8 8V Powertrain GM (Palio, Siena, Strada, Punto, Idea, Stilo, Doblò).
• ⚠️ Dimensões: Eixo 80,00mm x Alojamento 98,00mm x Altura 10,00mm. Lubrificar o lábio com óleo limpo antes do encaixe.
• Recomendamos comparar o código gravado na sua peça com os códigos informados abaixo.
• Em caso de dúvidas sobre ano/versão, pergunte no campo abaixo antes de comprar!


⚙️ ESPECIFICAÇÕES TÉCNICAS
• Fabricante: Sabó
• Código da Peça: 02702
• Código Original (OEM): 24578614, 90233236, 90325771, 90352111, 93309906, 7083329
• Códigos Similares: Corteco 2702V, Corteco 0662V, Taranto R240801V, Elring 584.815, Arca 6398
• Dimensoes: 80,00 x 98,00 x 10,00 mm
• Diametro Eixo: 80,00 mm
• Diametro Alojamento: 98,00 mm (98,15 mm)
• Altura: 10,00 mm
• Material: Fluorelastômero (FPM / Viton) de Altíssima Performance Térmica
• Tipo Labio: BRAGF (com mola de tração, lábio protetor externo e ranhuras hidrodinâmicas direcionais)
• Sentido Rotacao: Horário (AH / Direito)
• Condição: Produto 100% novo, lacrado na embalagem original


📦 CONTEÚDO & GARANTIA
• 01 Retentor Traseiro do Virabrequim GM Família I Corsa Celta Onix Sabó 02702 (Sabó 02702)
• Acompanha Nota Fiscal Eletrônica (PF e PJ)
• Garantia de 6 meses contra defeitos de fabricação


❓ DÚVIDAS FREQUENTES
• Pronta Entrega: Sim, todos os produtos anunciados estão em estoque físico para envio imediato.
• Frete e Prazo: Calculados automaticamente pelo Mercado Envios digitando seu CEP no anúncio.
• Instalação: Recomendamos que a montagem seja feita por profissional especializado.


🛡️ BUSK Peças — Qualidade, Agilidade & Confiança"
