SKU;TITULO;PRECO;ESTOQUE;CONDICAO;MARCA;CODIGO_FABRICANTE_MPN;CODIGO_OEM;GARANTIA_MESES;TIPO_GARANTIA;DESCRICAO
SKU-001-KOS-10013879;Chave Seta Celta Prisma 2010 a 2015 Kostal 10013879;459.90;1;Novo;Kostal;10013879;94749142;6;Garantia do vendedor;"🚗 APLICAÇÃO VEICULAR
Confira os modelos e anos compatíveis:

• Chevrolet Celta (Life / Spirit / Super / LT / Advantage) — Motor 1.0 8V VHC / VHCE Flexpower Flex (2010 a 2015)
• Chevrolet Prisma (Joy / Maxx / LT) — Motor 1.0 8V / 1.4 8V Econoflex Flex (2010 a 2012)


⚠️ ALERTAS DE COMPATIBILIDADE
• Não compatível com modelos Celta de 2000 a 2009 (utilizam painel antigo e outro conector).
• Não compatível com modelos sem limpador traseiro (utilizar Kostal 10015096 ou 10015530).
• Recomendamos comparar o código gravado na sua peça com os códigos informados abaixo.
• Em caso de dúvidas sobre ano/versão, pergunte no campo abaixo antes de comprar!


⚙️ ESPECIFICAÇÕES TÉCNICAS
• Fabricante: Kostal
• Código da Peça: 10013879
• Código Original (OEM): 94749142
• Códigos Similares: Marília IM12879, Multiqualita GM91939, Diretec DTC1142, Ospina 042142
• Voltagem: 12V
• Conexoes Terminais: Conector padrão original 22 pinos (Plug & Play)
• Material: Polímero de alta densidade PA66 com contatos em cobre eletrolítico
• Funcoes Integradas: Comando de seta com retorno automático, Lampejo de farol alto e seleção alto/baixo, Limpador de para-brisa dianteiro com temporizador, Limpador e lavador do vidro traseiro, Interruptor de emergência (pisca-alerta integrado na carcaça)
• Dimensoes Aprox Cm: 24 x 14 x 9
• Peso Gramas: 380
• Padrao Fabricacao: Norma Original GM / ISO 9001
• Condição: Produto 100% novo, lacrado na embalagem original


📦 CONTEÚDO & GARANTIA
• 01 Chave de Seta Chevrolet Celta e Prisma com Limpador Dianteiro Traseiro e Pisca Alerta Kostal 10013879 (Kostal 10013879)
• Acompanha Nota Fiscal Eletrônica (PF e PJ)
• Garantia de 6 meses contra defeitos de fabricação


❓ DÚVIDAS FREQUENTES
• Pronta Entrega: Sim, todos os produtos anunciados estão em estoque físico para envio imediato.
• Frete e Prazo: Calculados automaticamente pelo Mercado Envios digitando seu CEP no anúncio.
• Instalação: Recomendamos que a montagem seja feita por profissional especializado.


🛡️ BUSK Peças — Qualidade, Agilidade & Confiança"
SKU-002-EUR-20573;Motor Partida Arranque Toyota Hilux 2.8 3.0 Diesel 20573;429.90;1;Novo;Euro;20573;28100-54070, 28100-54090, 28100-54380, 28100-54430;6;Garantia do vendedor;"🚗 APLICAÇÃO VEICULAR
Confira os modelos e anos compatíveis:

• Toyota HiAce (Van / Furgão / Passageiro) — Motor 2.4D / 2.8D Diesel (1992 a 2002)
• Toyota Hilux (Pick-up / Cabine Simples / Cabine Dupla / SW4) — Motor 2.4 Diesel (2L) / 2.8 Diesel (3L) / 3.0 Diesel Aspirado e Turbo (5L / 1KZ-TE) Diesel (1992 a 2004)


⚠️ ALERTAS DE COMPATIBILIDADE
• Não compatível com Hilux motor 3.0 D4D 1KD-FTV (2005 em diante que utiliza 9 ou 11 dentes com outra furação).
• Não compatível com modelos Hilux com motor a gasolina 2.7 VVTi.
• Recomendamos comparar o código gravado na sua peça com os códigos informados abaixo.
• Em caso de dúvidas sobre ano/versão, pergunte no campo abaixo antes de comprar!


⚙️ ESPECIFICAÇÕES TÉCNICAS
• Fabricante: Euro
• Código da Peça: 20573
• Código Original (OEM): 28100-54070, 28100-54090, 28100-54380, 28100-54430
• Códigos Similares: Bosch 0001109033, Denso 228000-0230, Delco Remy 8000185, ZM 8010101
• Voltagem: 12V
• Potencia Kw: 2.2 kW
• Numero Dentes Pinhao: 10 Dentes
• Sentido Rotacao: Horário (CW)
• Material: Carcaça em alumínio fundido e induzido com enrolamento de cobre puro
• Tipo Acionamento: Eletromecânico com relé de partida integrado e bendix temperado
• Dimensoes Aprox Cm: 28 x 18 x 14
• Peso Gramas: 4850
• Padrao Fabricacao: Padrão OEM Heavy Duty Diesel
• Condição: Produto 100% novo, lacrado na embalagem original


📦 CONTEÚDO & GARANTIA
• 01 Motor de Partida Arranque Toyota Hilux 2.4 2.8 3.0 Diesel Euro 20573 (Euro 20573)
• Acompanha Nota Fiscal Eletrônica (PF e PJ)
• Garantia de 6 meses contra defeitos de fabricação


❓ DÚVIDAS FREQUENTES
• Pronta Entrega: Sim, todos os produtos anunciados estão em estoque físico para envio imediato.
• Frete e Prazo: Calculados automaticamente pelo Mercado Envios digitando seu CEP no anúncio.
• Instalação: Recomendamos que a montagem seja feita por profissional especializado.


🛡️ BUSK Peças — Qualidade, Agilidade & Confiança"
SKU-003-MUL-MQ0198;Motor Partida Arranque VW Fusca Kombi 1600 MQ0198;639.90;1;Novo;MultiQualita;MQ0198;9000082006, 9000082046, 9000082061, 113911023B;6;Garantia do vendedor;"🚗 APLICAÇÃO VEICULAR
Confira os modelos e anos compatíveis:

• Volkswagen Brasilia (Standard / 2 Portas / 4 Portas) — Motor 1.6 Boxer a Ar (Simples e Dupla Carburação) Gasolina / Álcool (1976 a 1982)
• Volkswagen Fusca (1300 / 1500 / 1600 / Itamar) — Motor 1.3 / 1.5 / 1.6 Boxer Refrigerado a Ar Gasolina / Álcool (1976 a 1996)
• Volkswagen Gol (BX) — Motor 1.3 / 1.6 Boxer a Ar Gasolina / Álcool (1980 a 1986)
• Volkswagen Kombi (Furgão / Pick-up / Standard / Clipper) — Motor 1.6 Boxer a Ar (Carburada e Injeção Eletrônica) Gasolina / Álcool (1976 a 2005)


⚠️ ALERTAS DE COMPATIBILIDADE
• Não compatível com modelos de Fusca antigos com sistema elétrico de 6 Volts (anteriores a 1967).
• Não compatível com Kombi com motor 1.4 Flex refrigerado a água (EA111).
• Recomendamos comparar o código gravado na sua peça com os códigos informados abaixo.
• Em caso de dúvidas sobre ano/versão, pergunte no campo abaixo antes de comprar!


⚙️ ESPECIFICAÇÕES TÉCNICAS
• Fabricante: MultiQualita
• Código da Peça: MQ0198
• Código Original (OEM): 9000082006, 9000082046, 9000082061, 113911023B
• Códigos Similares: Bosch 9000082006, Cinap 6006, ZM 8010201, Euro 20501
• Voltagem: 12V
• Potencia Kw: 0.95 kW
• Numero Dentes Pinhao: 9 Dentes
• Sentido Rotacao: Horário (CW)
• Material: Carcaça metálica tratada e bobinas em cobre com alta condutividade
• Fixacao: 2 furos na flange da carcaça do câmbio
• Dimensoes Aprox Cm: 23 x 15 x 12
• Peso Gramas: 3650
• Padrao Fabricacao: Linha de Reposição Premium VW Clássicos
• Condição: Produto 100% novo, lacrado na embalagem original


📦 CONTEÚDO & GARANTIA
• 01 Motor de Partida Arranque VW Fusca Brasilia Kombi Gol BX 1300 1500 1600 MultiQualita MQ0198 (MultiQualita MQ0198)
• Acompanha Nota Fiscal Eletrônica (PF e PJ)
• Garantia de 6 meses contra defeitos de fabricação


❓ DÚVIDAS FREQUENTES
• Pronta Entrega: Sim, todos os produtos anunciados estão em estoque físico para envio imediato.
• Frete e Prazo: Calculados automaticamente pelo Mercado Envios digitando seu CEP no anúncio.
• Instalação: Recomendamos que a montagem seja feita por profissional especializado.


🛡️ BUSK Peças — Qualidade, Agilidade & Confiança"
SKU-004-MOP-51997820;Motor Partida Original Fiat Uno Mobi Strada 51997820;849.90;1;Novo;Fiat / Mopar;51997820;51997820, 51950821, 52026857;12;Garantia do vendedor;"🚗 APLICAÇÃO VEICULAR
Confira os modelos e anos compatíveis:

• Fiat Fiorino (Hard Working / Endurance) — Motor 1.4 8V Fire EVO Flex (2014 a 2024)
• Fiat Grand Siena (Attractive) — Motor 1.4 8V Fire EVO / 1.0 8V Fire EVO Flex / Tetrafuel (2012 a 2021)
• Fiat Mobi (Easy / Like / Way / Drive / Trekking) — Motor 1.0 8V Fire EVO / 1.0 6V Firefly Flex (2016 a 2024)
• Fiat Palio (Attractive / Essence) — Motor 1.0 8V Fire EVO / 1.4 8V Fire EVO Flex (2012 a 2018)
• Fiat Strada (Working / Hard Working / Freedom / Endurance) — Motor 1.4 8V Fire EVO / 1.3 8V Firefly Flex (2014 a 2024)
• Fiat Uno (Vivace / Attractive / Way / Sporting / Drive) — Motor 1.0 8V Fire EVO / 1.0 6V Firefly 3 Cilindros / 1.3 8V Firefly Flex (2012 a 2021)


⚠️ ALERTAS DE COMPATIBILIDADE
• Não compatível com motores 1.6 / 1.8 16V E.torQ.
• Não compatível com motores 1.0 / 1.3 / 1.5 Fire 8V antigos (anteriores a 2010 com motor de arranque de carcaça grande).
• Recomendamos comparar o código gravado na sua peça com os códigos informados abaixo.
• Em caso de dúvidas sobre ano/versão, pergunte no campo abaixo antes de comprar!


⚙️ ESPECIFICAÇÕES TÉCNICAS
• Fabricante: Fiat / Mopar
• Código da Peça: 51997820
• Código Original (OEM): 51997820, 51950821, 52026857
• Códigos Similares: Denso BC428000-9830, Valeo TSC10R1, Bosch F000AL0145, Euro 20580
• Voltagem: 12V
• Potencia Kw: 1.0 kW
• Numero Dentes Pinhao: 9 Dentes / Redução Planetária
• Sentido Rotacao: Anti-horário (CCW)
• Tecnologia: Motor de partida compacto com engrenagens planetárias de redução (alta eficiência com menor consumo de bateria)
• Dimensoes Aprox Cm: 20 x 14 x 11
• Peso Gramas: 2750
• Padrao Fabricacao: Original Genuíno Fiat Mopar Automotiva
• Condição: Produto 100% novo, lacrado na embalagem original


📦 CONTEÚDO & GARANTIA
• 01 Motor de Partida Arranque Original Fiat Uno Palio Strada Mobi Fiorino Firefly e Fire 51997820 (Fiat / Mopar 51997820)
• Acompanha Nota Fiscal Eletrônica (PF e PJ)
• Garantia de 12 meses contra defeitos de fabricação


❓ DÚVIDAS FREQUENTES
• Pronta Entrega: Sim, todos os produtos anunciados estão em estoque físico para envio imediato.
• Frete e Prazo: Calculados automaticamente pelo Mercado Envios digitando seu CEP no anúncio.
• Instalação: Recomendamos que a montagem seja feita por profissional especializado.


🛡️ BUSK Peças — Qualidade, Agilidade & Confiança"
SKU-005-MOP-55254306;Corpo Borboleta TBI Toro Argo Renegade 1.8 55254306;599.90;1;Novo;Fiat / Mopar;55254306;55254306, 55227810, 55240212;12;Garantia do vendedor;"🚗 APLICAÇÃO VEICULAR
Confira os modelos e anos compatíveis:

• Fiat Argo (Precision / HGT / Trekking) — Motor 1.8 16V E.torQ EVO Flex Flex (2017 a 2021)
• Fiat Bravo (Essence / Sporting / Blackmotion) — Motor 1.8 16V E.torQ Flex (2011 a 2016)
• Fiat Cronos (Drive / Precision / HGT) — Motor 1.8 16V E.torQ EVO Flex Flex (2018 a 2021)
• Fiat Doblò (Essence / Adventure) — Motor 1.8 16V E.torQ Flex (2011 a 2021)
• Fiat Grand Siena (Essence) — Motor 1.6 16V E.torQ Flex (2012 a 2018)
• Fiat Linea (Essence / HLX / Absolute) — Motor 1.8 16V E.torQ Flex (2011 a 2016)
• Fiat Palio (Essence / Sporting) — Motor 1.6 16V / 1.8 16V E.torQ Flex (2011 a 2017)
• Fiat Punto (Essence / Sporting / Blackmotion) — Motor 1.6 16V / 1.8 16V E.torQ Flex (2011 a 2017)
• Fiat Toro (Freedom / Opening Edition / Endurance) — Motor 1.8 16V E.torQ EVO Flex Flex (2016 a 2022)
• Jeep Renegade (Sport / Longitude / Night Eagle / STD / Limited) — Motor 1.8 16V E.torQ EVO Flex Flex (2015 a 2021)


⚠️ ALERTAS DE COMPATIBILIDADE
• Não compatível com motores 1.0 e 1.3 Firefly.
• Não compatível com motores 1.4 T-Jet ou 1.3 Turbo 270 GSE.
• Requer procedimento de aprendizado de corpo de borboleta via scanner automotivo após a instalação.
• Recomendamos comparar o código gravado na sua peça com os códigos informados abaixo.
• Em caso de dúvidas sobre ano/versão, pergunte no campo abaixo antes de comprar!


⚙️ ESPECIFICAÇÕES TÉCNICAS
• Fabricante: Fiat / Mopar
• Código da Peça: 55254306
• Código Original (OEM): 55254306, 55227810, 55240212
• Códigos Similares: Magneti Marelli SMF00801, Magneti Marelli 44SMF8, Bosch 0280750580
• Voltagem: 12V
• Diametro Garganta Mm: 52 mm
• Conector: 6 Pinos (Terminais banhados a prata com sensor TPS duplo integrado)
• Tipo Acionamento: Drive-by-Wire (Acelerador Eletrônico 100% Digital)
• Material: Corpo usinado em liga de alumínio fundido e engrenagens reforçadas em POM de engenharia
• Dimensoes Aprox Cm: 16 x 14 x 11
• Peso Gramas: 1150
• Padrao Fabricacao: Original de Linha de Montagem Fiat / Jeep Mopar
• Condição: Produto 100% novo, lacrado na embalagem original


📦 CONTEÚDO & GARANTIA
• 01 Corpo de Borboleta TBI Eletronico Fiat Toro Argo Cronos Jeep Renegade 1.6 1.8 16V E.torQ 55254306 (Fiat / Mopar 55254306)
• Acompanha Nota Fiscal Eletrônica (PF e PJ)
• Garantia de 12 meses contra defeitos de fabricação


❓ DÚVIDAS FREQUENTES
• Pronta Entrega: Sim, todos os produtos anunciados estão em estoque físico para envio imediato.
• Frete e Prazo: Calculados automaticamente pelo Mercado Envios digitando seu CEP no anúncio.
• Instalação: Recomendamos que a montagem seja feita por profissional especializado.


🛡️ BUSK Peças — Qualidade, Agilidade & Confiança"
SKU-006-MM-50001;Bico Injetor Monoponto Uno Gol Escort SPI IWM50001;489.90;1;Novo;Magneti Marelli;IWM50001;7078028, 0269060311, 7701380004, 93223680;6;Garantia do vendedor;"🚗 APLICAÇÃO VEICULAR
Confira os modelos e anos compatíveis:

• Fiat Uno (CS / Mille EP / EX / SX / ELX / 1.5 i.e. / 1.6 i.e.) — Motor 1.0 SPI / 1.5 SPI / 1.6 SPI Fiasa e Sevel Gasolina / Álcool (1994 a 2001)
• Ford Escort (GL / Ghia / Verona) — Motor 1.6 SPI / 1.8 SPI AP Gasolina / Álcool (1994 a 1996)
• Renault Clio (RL / RN) — Motor 1.6 8V SPI (Motor C3L) Gasolina (1996 a 1999)
• Volkswagen Gol (CL / GL / Plus (Quadrado e Bola G2)) — Motor 1.6 SPI / 1.8 SPI AP Gasolina / Álcool (1994 a 1996)


⚠️ ALERTAS DE COMPATIBILIDADE
• Não serve em sistemas multiponto (MPI de 4 bicos injetores).
• Verifique a resistência ôhmica da central de injeção antes da instalação.
• Recomendamos comparar o código gravado na sua peça com os códigos informados abaixo.
• Em caso de dúvidas sobre ano/versão, pergunte no campo abaixo antes de comprar!


⚙️ ESPECIFICAÇÕES TÉCNICAS
• Fabricante: Magneti Marelli
• Código da Peça: IWM50001
• Código Original (OEM): 7078028, 0269060311, 7701380004, 93223680
• Códigos Similares: YMAX 50001, Bosch 0280150698, DPL DPL50001, DS 1101, Short Code 50001
• Voltagem: 12V
• Resistencia Ohmios: Baixa impedância (1.5 a 2.5 Ohms)
• Tipo Injecao: SPI Monoponto (Single Point Injection) com 10 furos de atomização
• Pressao Trabalho Bar: 1.0 a 1.5 bar
• Vazao Estatica Ml Min: 480 a 520 ml/min a 1.0 bar
• Dimensoes Aprox Cm: 7 x 4 x 4
• Peso Gramas: 120
• Padrao Fabricacao: Padrão Original Magneti Marelli Linha Clássica
• Condição: Produto 100% novo, lacrado na embalagem original


📦 CONTEÚDO & GARANTIA
• 01 Bico Injetor Monoponto Magneti Marelli IWM50001 Uno Gol Escort Clio SPI Gasolina Alcool 50001 (Magneti Marelli IWM50001)
• Acompanha Nota Fiscal Eletrônica (PF e PJ)
• Garantia de 6 meses contra defeitos de fabricação


❓ DÚVIDAS FREQUENTES
• Pronta Entrega: Sim, todos os produtos anunciados estão em estoque físico para envio imediato.
• Frete e Prazo: Calculados automaticamente pelo Mercado Envios digitando seu CEP no anúncio.
• Instalação: Recomendamos que a montagem seja feita por profissional especializado.


🛡️ BUSK Peças — Qualidade, Agilidade & Confiança"
SKU-007-VW-04C1333132;Flauta Injetores VW Up Gol Fox Polo 1.0 3cc 04C1333132;249.90;1;Novo;Volkswagen;04C1333132;04C1333132, 04C133312, 04C133312A, 04C133313;6;Garantia do vendedor;"🚗 APLICAÇÃO VEICULAR
Confira os modelos e anos compatíveis:

• Volkswagen Fox / Bluemotion (Bluemotion / Connect / Extreme) — Motor 1.0 12V 3 Cilindros EA211 Flex (2014 a 2021)
• Volkswagen Gol (Trendline / Comfortline / Track (G6, G7, G8)) — Motor 1.0 12V 3 Cilindros EA211 Total Flex Flex (2016 a 2023)
• Volkswagen Polo (1.0 MPI) — Motor 1.0 12V 3 Cilindros EA211 MPI Flex (2018 a 2024)
• Volkswagen Up! (Take / Move / High / Cross / Pepper) — Motor 1.0 12V 3 Cilindros EA211 MPI Flex Flex (2014 a 2021)
• Volkswagen Voyage (Trendline / Comfortline) — Motor 1.0 12V 3 Cilindros EA211 Flex (2016 a 2023)


⚠️ ALERTAS DE COMPATIBILIDADE
• Não compatível com motores 1.0 4 Cilindros 8V EA111 (Gol G4/G5 4 cilindros).
• Não compatível com motores 1.0 TSI Turbo com injeção direta de alta pressão (flauta metálica HP).
• Recomendamos comparar o código gravado na sua peça com os códigos informados abaixo.
• Em caso de dúvidas sobre ano/versão, pergunte no campo abaixo antes de comprar!


⚙️ ESPECIFICAÇÕES TÉCNICAS
• Fabricante: Volkswagen
• Código da Peça: 04C1333132
• Código Original (OEM): 04C1333132, 04C133312, 04C133312A, 04C133313
• Códigos Similares: DS 1904C, Magneti Marelli FL04C, VP 04C313
• Material: Tubo estrutural de alta precisão em aço inoxidável / polímero reforçado para 4.2 bar
• Numero Alojamentos Injetores: 3 Saídas (Motor 3 Cilindros 12V EA211)
• Conexao Entrada: Engate rápido tipo Quick-Connect padrão VW
• Pressao Maxima Trabalho: 6.0 bar
• Dimensoes Aprox Cm: 26 x 6 x 5
• Peso Gramas: 280
• Padrao Fabricacao: Peça Genuína Volkswagen Linha de Montagem
• Condição: Produto 100% novo, lacrado na embalagem original


📦 CONTEÚDO & GARANTIA
• 01 Flauta Tubo Distribuidor de Combustivel Original VW Up Gol Fox Polo EA211 1.0 3 Cilindros 04C1333132 (Volkswagen 04C1333132)
• Acompanha Nota Fiscal Eletrônica (PF e PJ)
• Garantia de 6 meses contra defeitos de fabricação


❓ DÚVIDAS FREQUENTES
• Pronta Entrega: Sim, todos os produtos anunciados estão em estoque físico para envio imediato.
• Frete e Prazo: Calculados automaticamente pelo Mercado Envios digitando seu CEP no anúncio.
• Instalação: Recomendamos que a montagem seja feita por profissional especializado.


🛡️ BUSK Peças — Qualidade, Agilidade & Confiança"
SKU-008-BOS-0280730508;Corpo Borboleta TBI Gol Fox Voyage 1.0 1.6 Bosch 0280750508;439.90;1;Novo;Bosch;0280750508;030133062D, 030133062, 030133062S;12;Garantia do vendedor;"🚗 APLICAÇÃO VEICULAR
Confira os modelos e anos compatíveis:

• Volkswagen Fox (City / Plus / Route / Prime / Highline) — Motor 1.0 8V / 1.6 8V EA111 Flex Flex (2008 a 2015)
• Volkswagen Gol (Trend / Power / Rallye / Seleção (G5, G6)) — Motor 1.0 8V / 1.6 8V EA111 Total Flex (VHT e CCRA) Flex (2008 a 2016)
• Volkswagen Saveiro (Trooper / Cross / Robust / Trendline (G5, G6)) — Motor 1.6 8V EA111 Total Flex Flex (2009 a 2016)
• Volkswagen SpaceFox (Plus / Comfortline / Highline) — Motor 1.6 8V EA111 Flex Flex (2008 a 2015)
• Volkswagen Voyage (Trend / Comfortline / Highline (G5, G6)) — Motor 1.0 8V / 1.6 8V EA111 Total Flex Flex (2008 a 2016)


⚠️ ALERTAS DE COMPATIBILIDADE
• Não compatível com motores 1.0 3 Cilindros 12V EA211 (Up, Fox 3cc, Polo novo).
• Não compatível com motores 1.6 16V MSI EA211.
• Recomendamos comparar o código gravado na sua peça com os códigos informados abaixo.
• Em caso de dúvidas sobre ano/versão, pergunte no campo abaixo antes de comprar!


⚙️ ESPECIFICAÇÕES TÉCNICAS
• Fabricante: Bosch
• Código da Peça: 0280750508
• Código Original (OEM): 030133062D, 030133062, 030133062S
• Códigos Similares: Bosch 0280730508, Bosch 0 280 750 508, Magneti Marelli 44SMF7, VDO A2C59512938
• Voltagem: 12V
• Diametro Borboleta Mm: 44 mm
• Conector: 6 Pinos (Terminais banhados a ouro com sensor Hall de posição TPS)
• Tipo Comando: Drive-by-Wire (Acelerador Eletrônico Total Flex)
• Material: Carcaça fundida em liga de alumínio ALSI9CU3 e engrenagens de polímero com auto-lubrificação
• Dimensoes Aprox Cm: 15 x 13 x 10
• Peso Gramas: 920
• Padrao Fabricacao: Padrão Original Bosch Alemanha / Brasil
• Condição: Produto 100% novo, lacrado na embalagem original


📦 CONTEÚDO & GARANTIA
• 01 Corpo de Borboleta TBI Bosch VW Gol Fox Voyage Saveiro SpaceFox 1.0 1.6 8V EA111 0280750508 (Bosch 0280750508)
• Acompanha Nota Fiscal Eletrônica (PF e PJ)
• Garantia de 12 meses contra defeitos de fabricação


❓ DÚVIDAS FREQUENTES
• Pronta Entrega: Sim, todos os produtos anunciados estão em estoque físico para envio imediato.
• Frete e Prazo: Calculados automaticamente pelo Mercado Envios digitando seu CEP no anúncio.
• Instalação: Recomendamos que a montagem seja feita por profissional especializado.


🛡️ BUSK Peças — Qualidade, Agilidade & Confiança"
SKU-009-MUL-MQ0144;Eletroventilador Golf Audi A3 Fox Polo 345mm MQ0144;319.90;1;Novo;MultiQualita;MQ0144;1J0959455F, 1J0959455K, 6X0959455F, 6Q0959455A;6;Garantia do vendedor;"🚗 APLICAÇÃO VEICULAR
Confira os modelos e anos compatíveis:

• Audi A3 (1.6 / 1.8 20V / 1.8T (150cv / 180cv)) — Motor 1.6 8V / 1.8 20V Aspirado e Turbo Gasolina (1999 a 2006)
• Volkswagen Bora (Comfortline / Highline) — Motor 2.0 8V Gasolina / Flex (2000 a 2011)
• Volkswagen Fox / SpaceFox / CrossFox (Plus / Route / Prime / Extreme) — Motor 1.0 8V / 1.6 8V com ar-condicionado Flex (2003 a 2014)
• Volkswagen Golf (G4 / G4.5 (Generation, Sportline, Flash, GTI)) — Motor 1.6 8V / 1.8 20V Turbo / 2.0 8V Gasolina / Flex (1999 a 2013)
• Volkswagen Polo (Hatch / Sedan) — Motor 1.6 8V / 2.0 8V Gasolina / Flex (2002 a 2014)


⚠️ ALERTAS DE COMPATIBILIDADE
• Verifique o diâmetro da hélice: este modelo é o grande de 345mm (o modelo auxiliar menor mede 290mm).
• Não compatível com Golf TSI MK7 (2014 em diante).
• Recomendamos comparar o código gravado na sua peça com os códigos informados abaixo.
• Em caso de dúvidas sobre ano/versão, pergunte no campo abaixo antes de comprar!


⚙️ ESPECIFICAÇÕES TÉCNICAS
• Fabricante: MultiQualita
• Código da Peça: MQ0144
• Código Original (OEM): 1J0959455F, 1J0959455K, 6X0959455F, 6Q0959455A
• Códigos Similares: Gate V2010144, Bosch 0130107289, Valeo 698602, DTA 0144, Klaüs DK60451
• Voltagem: 12V
• Potencia Watts: 250W / 100W (2 Velocidades)
• Diametro Helice Mm: 345 mm
• Numero Pas: 7 Pás Balanceadas Dinamicamente
• Sentido Fluxo: Aspirante (puxa o ar de fora para dentro do radiador)
• Conector: Plugue original 3 pinos (Velocidade 1, Velocidade 2 e Terra)
• Dimensoes Aprox Cm: 36 x 36 x 9
• Peso Gramas: 1850
• Padrao Fabricacao: Padrão Original Grupo VAG (VW / Audi)
• Condição: Produto 100% novo, lacrado na embalagem original


📦 CONTEÚDO & GARANTIA
• 01 Eletroventilador Ventoinha Radiador Audi A3 Golf Bora Fox Polo 12V 345mm 7 Pas MultiQualita MQ0144 (MultiQualita MQ0144)
• Acompanha Nota Fiscal Eletrônica (PF e PJ)
• Garantia de 6 meses contra defeitos de fabricação


❓ DÚVIDAS FREQUENTES
• Pronta Entrega: Sim, todos os produtos anunciados estão em estoque físico para envio imediato.
• Frete e Prazo: Calculados automaticamente pelo Mercado Envios digitando seu CEP no anúncio.
• Instalação: Recomendamos que a montagem seja feita por profissional especializado.


🛡️ BUSK Peças — Qualidade, Agilidade & Confiança"
SKU-010-MOP-68203986AA;Suporte Modulo Painel Jeep Renegade Toro 68203986AA;439.90;1;Novo;Fiat / Mopar;68203986AA;68203986AA, 68203986AB, 52059432;12;Garantia do vendedor;"🚗 APLICAÇÃO VEICULAR
Confira os modelos e anos compatíveis:

• Fiat Toro (Freedom / Volcano / Ranch / Ultra / Endurance) — Motor 1.8 Flex / 2.4 Tigershark / 2.0 Diesel / 1.3 T270 Flex / Diesel (2016 a 2023)
• Jeep Compass (Sport / Longitude / Limited / Trailhawk / Série S) — Motor 2.0 Flex / 2.0 Diesel 4x4 / 1.3 T270 Flex / Diesel (2017 a 2023)
• Jeep Renegade (Sport / Longitude / Limited / Trailhawk / Night Eagle) — Motor 1.8 Flex / 2.0 Turbo Diesel 4x4 / 1.3 Turbo 270 Flex / Diesel (2015 a 2023)


⚠️ ALERTAS DE COMPATIBILIDADE
• Verificar compatibilidade com o número do chassi em caso de versões com blindagem de fábrica.
• Recomendamos comparar o código gravado na sua peça com os códigos informados abaixo.
• Em caso de dúvidas sobre ano/versão, pergunte no campo abaixo antes de comprar!


⚙️ ESPECIFICAÇÕES TÉCNICAS
• Fabricante: Fiat / Mopar
• Código da Peça: 68203986AA
• Código Original (OEM): 68203986AA, 68203986AB, 52059432
• Códigos Similares: Mopar 68203986AA, Chrysler 68203986AA
• Material: Aço estrutural estampado de alta resistência com tratamento anticorrosivo eletroforético e buchas de polímero
• Pontos Fixacao: Furação e roscas originais de fábrica para ancoragem no chassi estrutural do tablier
• Peso Gramas: 650
• Dimensoes Aprox Cm: 24 x 16 x 8
• Padrao Fabricacao: Padrão Genuíno Mopar Stellantis
• Condição: Produto 100% novo, lacrado na embalagem original


📦 CONTEÚDO & GARANTIA
• 01 Suporte e Modulo de Fixacao Painel Original Mopar Jeep Renegade Compass Fiat Toro 68203986AA (Fiat / Mopar 68203986AA)
• Acompanha Nota Fiscal Eletrônica (PF e PJ)
• Garantia de 12 meses contra defeitos de fabricação


❓ DÚVIDAS FREQUENTES
• Pronta Entrega: Sim, todos os produtos anunciados estão em estoque físico para envio imediato.
• Frete e Prazo: Calculados automaticamente pelo Mercado Envios digitando seu CEP no anúncio.
• Instalação: Recomendamos que a montagem seja feita por profissional especializado.


🛡️ BUSK Peças — Qualidade, Agilidade & Confiança"
SKU-011-KLA-DK600053;Eletroventilador Corsa Classic Celta c/ Ar DK600053;359.90;1;Novo;Klaüs Drift;DK600053;93337584, 93382148, 93277989;6;Garantia do vendedor;"🚗 APLICAÇÃO VEICULAR
Confira os modelos e anos compatíveis:

• Chevrolet Celta (Life / Spirit / Super / LT) — Motor 1.0 8V / 1.4 8V com Ar Condicionado Gasolina / Flex (2001 a 2015)
• Chevrolet Corsa Classic / Classic (Life / Spirit / Super / VHC / VHCE) — Motor 1.0 8V / 1.6 8V com Ar Condicionado Gasolina / Flex (2000 a 2016)
• Chevrolet Prisma (Joy / Maxx) — Motor 1.4 8V Econoflex / 1.0 Flex com Ar Condicionado Flex (2007 a 2012)


⚠️ ALERTAS DE COMPATIBILIDADE
• Não compatível com Novo Corsa (Frente Montana) 2002 a 2012 (utiliza ventoinha maior).
• Não compatível com modelos sem ar condicionado (que utilizam motor de menor potência).
• Recomendamos comparar o código gravado na sua peça com os códigos informados abaixo.
• Em caso de dúvidas sobre ano/versão, pergunte no campo abaixo antes de comprar!


⚙️ ESPECIFICAÇÕES TÉCNICAS
• Fabricante: Klaüs Drift
• Código da Peça: DK600053
• Código Original (OEM): 93337584, 93382148, 93277989
• Códigos Similares: Gate V2010053, Bosch 0130109153, Valeo 698653, MultiQualita MQ0153
• Voltagem: 12V
• Potencia Watts: 220W
• Diametro Helice Mm: 310 mm
• Numero Pas: 6 Pás Curvas Aerodinâmicas
• Conector: 2 Pinos com trava rápida
• Sentido Fluxo: Aspirante
• Dimensoes Aprox Cm: 33 x 33 x 9
• Peso Gramas: 1650
• Padrao Fabricacao: Padrão Original Linha GM
• Condição: Produto 100% novo, lacrado na embalagem original


📦 CONTEÚDO & GARANTIA
• 01 Eletroventilador Radiador Chevrolet Corsa Classic Celta Prisma com Ar Condicionado Klaus Drift DK600053 (Klaüs Drift DK600053)
• Acompanha Nota Fiscal Eletrônica (PF e PJ)
• Garantia de 6 meses contra defeitos de fabricação


❓ DÚVIDAS FREQUENTES
• Pronta Entrega: Sim, todos os produtos anunciados estão em estoque físico para envio imediato.
• Frete e Prazo: Calculados automaticamente pelo Mercado Envios digitando seu CEP no anúncio.
• Instalação: Recomendamos que a montagem seja feita por profissional especializado.


🛡️ BUSK Peças — Qualidade, Agilidade & Confiança"
SKU-012-KLA-DK609242;Eletroventilador GM Classic 1.0 VHCE c/ Ar DK609242;539.90;1;Novo;Klaüs Drift;DK609242;94722520, 94733311, 94759600;6;Garantia do vendedor;"🚗 APLICAÇÃO VEICULAR
Confira os modelos e anos compatíveis:

• Chevrolet Celta (LT / Advantage) — Motor 1.0 8V VHCE com Ar Condicionado Flex (2010 a 2015)
• Chevrolet Classic (LS / Advantage) — Motor 1.0 8V VHCE Flexpower com Ar Condicionado Flex (2010 a 2016)


⚠️ ALERTAS DE COMPATIBILIDADE
• Verifique o conector: modelo específico para a linha GM 2010 em diante (código OEM 94722520).
• Recomendamos comparar o código gravado na sua peça com os códigos informados abaixo.
• Em caso de dúvidas sobre ano/versão, pergunte no campo abaixo antes de comprar!


⚙️ ESPECIFICAÇÕES TÉCNICAS
• Fabricante: Klaüs Drift
• Código da Peça: DK609242
• Código Original (OEM): 94722520, 94733311, 94759600
• Códigos Similares: Gate V2019242, Bosch 0130109242, MultiQualita MQ0242
• Voltagem: 12V
• Potencia Watts: 240W
• Diametro Helice Mm: 315 mm
• Numero Pas: 7 Pás
• Conector: 2 Pinos com vedação automotiva IP67
• Sentido Fluxo: Aspirante
• Dimensoes Aprox Cm: 34 x 34 x 10
• Peso Gramas: 1780
• Padrao Fabricacao: Padrão Original Linha GM VHCE
• Condição: Produto 100% novo, lacrado na embalagem original


📦 CONTEÚDO & GARANTIA
• 01 Eletroventilador Ventoinha Radiador Chevrolet Classic 1.0 VHCE com Ar Condicionado Klaus Drift DK609242 (Klaüs Drift DK609242)
• Acompanha Nota Fiscal Eletrônica (PF e PJ)
• Garantia de 6 meses contra defeitos de fabricação


❓ DÚVIDAS FREQUENTES
• Pronta Entrega: Sim, todos os produtos anunciados estão em estoque físico para envio imediato.
• Frete e Prazo: Calculados automaticamente pelo Mercado Envios digitando seu CEP no anúncio.
• Instalação: Recomendamos que a montagem seja feita por profissional especializado.


🛡️ BUSK Peças — Qualidade, Agilidade & Confiança"
SKU-013-KLA-DK60451;Eletroventilador Fox Polo Golf Corolla 290mm DK60451;419.90;1;Novo;Klaüs Drift;DK60451;6Q0959455Q, 6Q0959455K, 6X0959455F, 16363-0D040;6;Garantia do vendedor;"🚗 APLICAÇÃO VEICULAR
Confira os modelos e anos compatíveis:

• Audi A3 (1.6 / 1.8 / 1.8 Turbo (8L)) — Motor 1.6 / 1.8 / 1.8T Gasolina (1999 a 2006)
• Toyota Corolla (XLi / XEi / SEG / Fielder) — Motor 1.6 16V / 1.8 16V VVT-i Gasolina / Flex (2003 a 2008)
• Volkswagen Fox / SpaceFox / CrossFox (City / Plus / Route / Prime) — Motor 1.0 8V / 1.6 8V Flex com Ar Condicionado Flex (2003 a 2014)
• Volkswagen Golf (G4 / G4.5) — Motor 1.6 / 2.0 / 1.8T Gasolina / Flex (1999 a 2013)
• Volkswagen Polo (Hatch / Sedan) — Motor 1.6 8V / 2.0 8V com Ar Condicionado Gasolina / Flex (2002 a 2014)


⚠️ ALERTAS DE COMPATIBILIDADE
• Este modelo possui hélice de 290mm (auxiliar). Não confunda com o modelo principal de 345mm.
• Recomendamos comparar o código gravado na sua peça com os códigos informados abaixo.
• Em caso de dúvidas sobre ano/versão, pergunte no campo abaixo antes de comprar!


⚙️ ESPECIFICAÇÕES TÉCNICAS
• Fabricante: Klaüs Drift
• Código da Peça: DK60451
• Código Original (OEM): 6Q0959455Q, 6Q0959455K, 6X0959455F, 16363-0D040
• Códigos Similares: Gate V2010451, Bosch 0130107290, MultiQualita MQ0144, DTA 0451
• Voltagem: 12V
• Potencia Watts: 180W / 80W (2 Velocidades)
• Diametro Helice Mm: 290 mm
• Numero Pas: 7 Pás Balanceadas
• Conector: 2 / 3 Pinos (Terminais de encaixe rápido)
• Sentido Fluxo: Aspirante
• Dimensoes Aprox Cm: 31 x 31 x 8.5
• Peso Gramas: 1520
• Padrao Fabricacao: Padrão Original Grupo VAG e Toyota
• Condição: Produto 100% novo, lacrado na embalagem original


📦 CONTEÚDO & GARANTIA
• 01 Eletroventilador Ventoinha Auxiliar Radiador VW Fox Polo Golf Audi A3 Corolla Klaus Drift DK60451 (Klaüs Drift DK60451)
• Acompanha Nota Fiscal Eletrônica (PF e PJ)
• Garantia de 6 meses contra defeitos de fabricação


❓ DÚVIDAS FREQUENTES
• Pronta Entrega: Sim, todos os produtos anunciados estão em estoque físico para envio imediato.
• Frete e Prazo: Calculados automaticamente pelo Mercado Envios digitando seu CEP no anúncio.
• Instalação: Recomendamos que a montagem seja feita por profissional especializado.


🛡️ BUSK Peças — Qualidade, Agilidade & Confiança"
SKU-014-AUT-AVL01006;Valvula VVT Solenoide HB20 Creta Cerato 1.6 AVL01006;349.90;1;Novo;Authomix;AVL01006;24355-03011, 24355-2B700, 24355-04000, 24355-2B600;6;Garantia do vendedor;"🚗 APLICAÇÃO VEICULAR
Confira os modelos e anos compatíveis:

• Hyundai Creta (Attitude / Pulse / Prestige) — Motor 1.6 16V Gamma DOHC CVVT Flex (2016 a 2021)
• Hyundai HB20 / HB20S / HB20X (Comfort / Plus / Premium / R-Spec / Diamond) — Motor 1.0 12V 3 Cilindros Kappa / 1.6 16V Gamma DOHC CVVT Flex (2012 a 2019)
• Kia Cerato (EX / SX) — Motor 1.6 16V Gamma CVVT Gasolina / Flex (2009 a 2019)
• Kia Soul (EX) — Motor 1.6 16V Gamma CVVT Gasolina / Flex (2010 a 2019)


⚠️ ALERTAS DE COMPATIBILIDADE
• Recomenda-se realizar a troca de óleo e filtro do motor junto com a instalação da válvula VVT nova.
• Não compatível com motores Hyundai 2.0 Nu (Creta/ix35 2.0).
• Recomendamos comparar o código gravado na sua peça com os códigos informados abaixo.
• Em caso de dúvidas sobre ano/versão, pergunte no campo abaixo antes de comprar!


⚙️ ESPECIFICAÇÕES TÉCNICAS
• Fabricante: Authomix
• Código da Peça: AVL01006
• Código Original (OEM): 24355-03011, 24355-2B700, 24355-04000, 24355-2B600
• Códigos Similares: DS 2101, Gauss GS7006, Magneti Marelli VVT006, DPL DPL24355
• Voltagem: 12V
• Conector: 2 Pinos padrão original Hyundai/Kia
• Material: Corpo em aço usinado de precisão com carretel interno em liga micro-polida e bobina eletromagnética blindada
• Filtro: Micro-tela metálica integrada contra micro-impurezas do óleo do motor
• Dimensoes Aprox Cm: 12 x 5 x 4
• Peso Gramas: 210
• Padrao Fabricacao: Padrão de Precisão Hidráulica OEM Hyundai/Kia Motors
• Condição: Produto 100% novo, lacrado na embalagem original


📦 CONTEÚDO & GARANTIA
• 01 Valvula Solenoide VVT de Comando Variavel Hyundai HB20 Creta Kia Cerato Soul 1.0 1.6 16V Authomix AVL01006 (Authomix AVL01006)
• Acompanha Nota Fiscal Eletrônica (PF e PJ)
• Garantia de 6 meses contra defeitos de fabricação


❓ DÚVIDAS FREQUENTES
• Pronta Entrega: Sim, todos os produtos anunciados estão em estoque físico para envio imediato.
• Frete e Prazo: Calculados automaticamente pelo Mercado Envios digitando seu CEP no anúncio.
• Instalação: Recomendamos que a montagem seja feita por profissional especializado.


🛡️ BUSK Peças — Qualidade, Agilidade & Confiança"
SKU-015-BOS-0221504045;Bobina Ignicao Fiat Toro Argo Renegade 1.8 0221504045;289.90;1;Novo;Bosch;0221504045;55273432, 55246721, 68334460AA;12;Garantia do vendedor;"🚗 APLICAÇÃO VEICULAR
Confira os modelos e anos compatíveis:

• Fiat Argo (Precision / HGT / Trekking) — Motor 1.8 16V E.torQ EVO Flex Flex (2017 a 2021)
• Fiat Cronos (Precision / HGT) — Motor 1.8 16V E.torQ EVO Flex Flex (2018 a 2021)
• Fiat Toro (Freedom / Opening Edition / Endurance) — Motor 1.8 16V E.torQ EVO Flex Flex (2016 a 2022)
• Jeep Renegade (Sport / Longitude / Limited / Night Eagle) — Motor 1.8 16V E.torQ EVO Flex Flex (2015 a 2021)


⚠️ ALERTAS DE COMPATIBILIDADE
• Não compatível com motores 1.0 e 1.3 Firefly.
• Não compatível com motores 1.6 e 1.8 E.torQ de 1ª geração (2010 a 2015 que utilizam bobina única de 4 saídas com cabos de vela).
• Recomendamos comparar o código gravado na sua peça com os códigos informados abaixo.
• Em caso de dúvidas sobre ano/versão, pergunte no campo abaixo antes de comprar!


⚙️ ESPECIFICAÇÕES TÉCNICAS
• Fabricante: Bosch
• Código da Peça: 0221504045
• Código Original (OEM): 55273432, 55246721, 68334460AA
• Códigos Similares: Bosch 0 221 504 045, Mopar 55273432, Magneti Marelli BI0080MM, Delphi GN10451, NGK U5045
• Voltagem: 12V
• Tensao Secundario Kv: 35 kV (Alta energia de centelha)
• Tipo Bobina: Individual tipo caneta / lápis (Coil-on-Plug - 1 bobina por cilindro)
• Conector: 3 Pinos (Alimentação, Pulso do Módulo e Terra)
• Material: Corpo moldado em resina epóxi de alta rigidez dielétrica e cachimbo em silicone isolante térmico
• Dimensoes Aprox Cm: 18 x 7 x 4
• Peso Gramas: 240
• Padrao Fabricacao: Padrão Genuíno Bosch / Stellantis
• Condição: Produto 100% novo, lacrado na embalagem original


📦 CONTEÚDO & GARANTIA
• 01 Bobina de Ignicao Bosch Fiat Toro Argo Cronos Jeep Renegade 1.8 16V E.torQ 0221504045 (Bosch 0221504045)
• Acompanha Nota Fiscal Eletrônica (PF e PJ)
• Garantia de 12 meses contra defeitos de fabricação


❓ DÚVIDAS FREQUENTES
• Pronta Entrega: Sim, todos os produtos anunciados estão em estoque físico para envio imediato.
• Frete e Prazo: Calculados automaticamente pelo Mercado Envios digitando seu CEP no anúncio.
• Instalação: Recomendamos que a montagem seja feita por profissional especializado.


🛡️ BUSK Peças — Qualidade, Agilidade & Confiança"
SKU-016-KOS-1272020;Chave Limpador Fox Gol G5 c/ Desembacador Kostal 1272020;245.90;1;Novo;Kostal;1272020;5Z0953503B, 5Z0953503, 5Z0953503A;6;Garantia do vendedor;"🚗 APLICAÇÃO VEICULAR
Confira os modelos e anos compatíveis:

• Volkswagen Fox / CrossFox / SpaceFox / SpaceCross (City / Plus / Route / Prime / Highline) — Motor 1.0 8V / 1.6 8V Flex Gasolina / Flex (2003 a 2014)
• Volkswagen Gol (Trend / Power / Rallye (G5 e G6)) — Motor 1.0 8V / 1.6 8V Flex (2009 a 2016)


⚠️ ALERTAS DE COMPATIBILIDADE
• Não serve em modelos sem limpador traseiro.
• Não serve em Fox / Gol equipados com computador de bordo I-System na ponta da alavanca (Trip).
• Recomendamos comparar o código gravado na sua peça com os códigos informados abaixo.
• Em caso de dúvidas sobre ano/versão, pergunte no campo abaixo antes de comprar!


⚙️ ESPECIFICAÇÕES TÉCNICAS
• Fabricante: Kostal
• Código da Peça: 1272020
• Código Original (OEM): 5Z0953503B, 5Z0953503, 5Z0953503A
• Códigos Similares: Marília IM12720, Diretec DTC1272, Ospina 042272
• Voltagem: 12V
• Conector: Conector original VW de encaixe na carcaça da chave de coluna
• Funcoes Integradas: Limpador dianteiro com 2 velocidades e temporizador ajustável, Lavador do para-brisa dianteiro (esguicho), Limpador do vidro traseiro, Lavador do vidro traseiro, Interruptor do desembaçador do vidro traseiro
• Material: Termoplástico de alta resistência e contatos em liga de prata
• Dimensoes Aprox Cm: 20 x 8 x 6
• Peso Gramas: 210
• Padrao Fabricacao: Padrão Original Kostal / Linha de Montagem VW
• Condição: Produto 100% novo, lacrado na embalagem original


📦 CONTEÚDO & GARANTIA
• 01 Chave do Limpador de Parabrisa Traseiro e Dianteiro com Desembacador Kostal VW Fox CrossFox SpaceFox Gol G5 G6 1272020 (Kostal 1272020)
• Acompanha Nota Fiscal Eletrônica (PF e PJ)
• Garantia de 6 meses contra defeitos de fabricação


❓ DÚVIDAS FREQUENTES
• Pronta Entrega: Sim, todos os produtos anunciados estão em estoque físico para envio imediato.
• Frete e Prazo: Calculados automaticamente pelo Mercado Envios digitando seu CEP no anúncio.
• Instalação: Recomendamos que a montagem seja feita por profissional especializado.


🛡️ BUSK Peças — Qualidade, Agilidade & Confiança"
SKU-017-KOS-1819452;Chave Seta VW Gol Parati Voyage Quadrado Kostal 1819452;189.90;1;Novo;Kostal;1819452;32195351305, 321953513B, ZBA953513;6;Garantia do vendedor;"🚗 APLICAÇÃO VEICULAR
Confira os modelos e anos compatíveis:

• Volkswagen Gol (Quadrado) (CL / GL / GTS / GTI / Star / Copa / 1000) — Motor 1.0 / 1.6 / 1.8 / 2.0 AP e CHT Gasolina / Álcool (1988 a 1996)
• Volkswagen Parati (Quadrada) (CL / GL / GLS / Surf / Club) — Motor 1.6 / 1.8 AP Gasolina / Álcool (1988 a 1996)
• Volkswagen Santana / Quantum (CS / CD / CG / GLS / GL) — Motor 1.8 / 2.0 AP Gasolina / Álcool (1984 a 1992)
• Volkswagen Saveiro (Quadrada) (CL / GL / Sunset / Summer) — Motor 1.6 / 1.8 AP Gasolina / Álcool (1988 a 1997)
• Volkswagen Voyage (Quadrado) (CL / GL / GLS / Sport) — Motor 1.6 / 1.8 AP Gasolina / Álcool (1988 a 1995)


⚠️ ALERTAS DE COMPATIBILIDADE
• Não serve em Fusca, Brasília e Variant (utilizam chave com carcaça redonda de ferro).
• Recomendamos comparar o código gravado na sua peça com os códigos informados abaixo.
• Em caso de dúvidas sobre ano/versão, pergunte no campo abaixo antes de comprar!


⚙️ ESPECIFICAÇÕES TÉCNICAS
• Fabricante: Kostal
• Código da Peça: 1819452
• Código Original (OEM): 32195351305, 321953513B, ZBA953513
• Códigos Similares: Marília IM12080, Diretec DTC1080, Ospina 042080
• Voltagem: 12V
• Funcoes Integradas: Comando de seta direita e esquerda, Retorno automático do pisca ao desesterçar o volante, Comutação de farol alto e farol baixo, Lampejador de farol (relâmpago)
• Conector: Terminais espada padrão chicote original VW clássico
• Dimensoes Aprox Cm: 19 x 7 x 6
• Peso Gramas: 190
• Padrao Fabricacao: Padrão Original Kostal Linha Clássicos VW
• Condição: Produto 100% novo, lacrado na embalagem original


📦 CONTEÚDO & GARANTIA
• 01 Chave de Seta VW Gol Parati Voyage Saveiro Quadrado Santana Quantum Kostal 1819452 (Kostal 1819452)
• Acompanha Nota Fiscal Eletrônica (PF e PJ)
• Garantia de 6 meses contra defeitos de fabricação


❓ DÚVIDAS FREQUENTES
• Pronta Entrega: Sim, todos os produtos anunciados estão em estoque físico para envio imediato.
• Frete e Prazo: Calculados automaticamente pelo Mercado Envios digitando seu CEP no anúncio.
• Instalação: Recomendamos que a montagem seja feita por profissional especializado.


🛡️ BUSK Peças — Qualidade, Agilidade & Confiança"
SKU-018-KOS-1473615;Chave Seta Palio Siena Strada c/ Trip Kostal 1473615;579.90;1;Novo;Kostal;1473615;100185357, 100190819, 100171245;6;Garantia do vendedor;"🚗 APLICAÇÃO VEICULAR
Confira os modelos e anos compatíveis:

• Fiat Palio (ELX / Attractive / Essence / Sporting (G3 e G4)) — Motor 1.0 / 1.4 / 1.8 8V Flex Flex (2008 a 2012)
• Fiat Palio Weekend (ELX / Trekking / Adventure Locker) — Motor 1.4 / 1.8 8V Flex / 1.6 16V E.torQ Flex (2009 a 2012)
• Fiat Siena (EL / ELX / HLX / Tetrafuel) — Motor 1.0 / 1.4 / 1.8 Flex / GNV (2008 a 2012)
• Fiat Strada (Trekking / Adventure Locker / Working) — Motor 1.4 / 1.8 8V Flex Flex (2009 a 2013)


⚠️ ALERTAS DE COMPATIBILIDADE
• Não serve em veículos com bolsa de airbag integrada no corpo da chave sem o devido transplante da cinta.
• Recomendamos comparar o código gravado na sua peça com os códigos informados abaixo.
• Em caso de dúvidas sobre ano/versão, pergunte no campo abaixo antes de comprar!


⚙️ ESPECIFICAÇÕES TÉCNICAS
• Fabricante: Kostal
• Código da Peça: 1473615
• Código Original (OEM): 100185357, 100190819, 100171245
• Códigos Similares: Marília IM12615, Diretec DTC1215, Ospina 042615
• Voltagem: 12V
• Funcoes Integradas: Comando de seta e farol alto/baixo com Follow Me Home, Limpador dianteiro com temporizador, Limpador e lavador do vidro traseiro, Interruptor do desembaçador térmico do vidro traseiro, Botão de comando do computador de bordo TRIP na ponta da alavanca, Interruptor de emergência (pisca-alerta integrado)
• Material: Carcaça em poliamida 6.6 com reforço de fibra e contatos em prata nobre
• Dimensoes Aprox Cm: 26 x 15 x 10
• Peso Gramas: 440
• Padrao Fabricacao: Original Kostal Linha Fiat
• Condição: Produto 100% novo, lacrado na embalagem original


📦 CONTEÚDO & GARANTIA
• 01 Chave de Seta Fiat Palio Siena Strada Weekend com Trip e Desembacador Kostal 1473615 (Kostal 1473615)
• Acompanha Nota Fiscal Eletrônica (PF e PJ)
• Garantia de 6 meses contra defeitos de fabricação


❓ DÚVIDAS FREQUENTES
• Pronta Entrega: Sim, todos os produtos anunciados estão em estoque físico para envio imediato.
• Frete e Prazo: Calculados automaticamente pelo Mercado Envios digitando seu CEP no anúncio.
• Instalação: Recomendamos que a montagem seja feita por profissional especializado.


🛡️ BUSK Peças — Qualidade, Agilidade & Confiança"
SKU-019-KOS-1405200;Chave Seta Fiat Uno Mille Elba c/ Traseiro Kostal 1405200;389.90;1;Novo;Kostal;1405200;182547180, 7521876, 7521877;6;Garantia do vendedor;"🚗 APLICAÇÃO VEICULAR
Confira os modelos e anos compatíveis:

• Fiat Elba (CS / CSL / Top / Innocenti) — Motor 1.5 / 1.6 Gasolina / Álcool (1991 a 1996)
• Fiat Uno / Uno Mille (S / CS / SX / ELX / EP / EX / Smart / Eletronic) — Motor 1.0 / 1.3 / 1.5 / 1.6 Fiasa e Sevel Gasolina / Álcool (1991 a 2001)


⚠️ ALERTAS DE COMPATIBILIDADE
• Não serve em Uno sem limpador traseiro (utilizar Kostal 1405100 ou 1450065).
• Não serve em Novo Uno (Vivace / Way 2010 em diante).
• Recomendamos comparar o código gravado na sua peça com os códigos informados abaixo.
• Em caso de dúvidas sobre ano/versão, pergunte no campo abaixo antes de comprar!


⚙️ ESPECIFICAÇÕES TÉCNICAS
• Fabricante: Kostal
• Código da Peça: 1405200
• Código Original (OEM): 182547180, 7521876, 7521877
• Códigos Similares: Marília IM12090, Diretec DTC1090, Ospina 042090
• Voltagem: 12V
• Funcoes Integradas: Comando de seta com retorno automático, Comutador de farol alto, baixo e lampejador, Limpador do para-brisa dianteiro com 2 velocidades e temporizador, Limpador e lavador do vidro traseiro, Interruptor de emergência (pisca-alerta na coluna)
• Material: Polímero de engenharia com terminais em latão estanhado
• Dimensoes Aprox Cm: 24 x 14 x 9
• Peso Gramas: 360
• Padrao Fabricacao: Original Kostal Linha Fiat Clássica
• Condição: Produto 100% novo, lacrado na embalagem original


📦 CONTEÚDO & GARANTIA
• 01 Chave de Seta Fiat Uno Mille Elba com Limpador Traseiro Kostal 1405200 (Kostal 1405200)
• Acompanha Nota Fiscal Eletrônica (PF e PJ)
• Garantia de 6 meses contra defeitos de fabricação


❓ DÚVIDAS FREQUENTES
• Pronta Entrega: Sim, todos os produtos anunciados estão em estoque físico para envio imediato.
• Frete e Prazo: Calculados automaticamente pelo Mercado Envios digitando seu CEP no anúncio.
• Instalação: Recomendamos que a montagem seja feita por profissional especializado.


🛡️ BUSK Peças — Qualidade, Agilidade & Confiança"
SKU-020-KOS-1450065;Chave Seta Fiat Uno Mille Fire Fiorino Kostal 1450065;389.90;1;Novo;Kostal;1450065;119142560, 7082898, 46535384;6;Garantia do vendedor;"🚗 APLICAÇÃO VEICULAR
Confira os modelos e anos compatíveis:

• Fiat Fiorino (Furgão / Pick-up / Fire) — Motor 1.3 8V Fire / 1.5 Fiasa Gasolina / Flex (1996 a 2013)
• Fiat Uno / Uno Mille (Fire / Fire Flex / Economy / Way) — Motor 1.0 8V Fire Flex Gasolina / Flex (2002 a 2013)


⚠️ ALERTAS DE COMPATIBILIDADE
• Não serve em versões que possuem limpador e lavador no vidro traseiro.
• Recomendamos comparar o código gravado na sua peça com os códigos informados abaixo.
• Em caso de dúvidas sobre ano/versão, pergunte no campo abaixo antes de comprar!


⚙️ ESPECIFICAÇÕES TÉCNICAS
• Fabricante: Kostal
• Código da Peça: 1450065
• Código Original (OEM): 119142560, 7082898, 46535384
• Códigos Similares: Marília IM12095, Diretec DTC1095, Ospina 042095
• Voltagem: 12V
• Funcoes Integradas: Comando de seta com retorno automático, Farol alto, farol baixo e lampejador, Limpador de para-brisa dianteiro com temporizador, Botão de pisca-alerta (emergência) no topo da carcaça, SEM comando de limpador traseiro
• Material: Termoplástico de alta durabilidade com terminais reforçados
• Dimensoes Aprox Cm: 24 x 14 x 9
• Peso Gramas: 350
• Padrao Fabricacao: Original Kostal Linha Fiat Fire
• Condição: Produto 100% novo, lacrado na embalagem original


📦 CONTEÚDO & GARANTIA
• 01 Chave de Seta Fiat Uno Mille Fire Economy Fiorino sem Limpador Traseiro Kostal 1450065 (Kostal 1450065)
• Acompanha Nota Fiscal Eletrônica (PF e PJ)
• Garantia de 6 meses contra defeitos de fabricação


❓ DÚVIDAS FREQUENTES
• Pronta Entrega: Sim, todos os produtos anunciados estão em estoque físico para envio imediato.
• Frete e Prazo: Calculados automaticamente pelo Mercado Envios digitando seu CEP no anúncio.
• Instalação: Recomendamos que a montagem seja feita por profissional especializado.


🛡️ BUSK Peças — Qualidade, Agilidade & Confiança"
SKU-021-KOS-1450025;Chave Seta Palio Siena Strada s/ Traseiro Kostal 1450025;347.90;1;Novo;Kostal;1450025;182601780, 182743880, 735272635;6;Garantia do vendedor;"🚗 APLICAÇÃO VEICULAR
Confira os modelos e anos compatíveis:

• Fiat Palio (Young / ED / EDX / EL / Fire (G1 e G2)) — Motor 1.0 / 1.3 / 1.5 / 1.6 8V e 16V Gasolina / Álcool / Flex (1996 a 2006)
• Fiat Siena (EL / HL / ELX / Fire (G1 e G2)) — Motor 1.0 / 1.3 / 1.5 / 1.6 Gasolina / Álcool / Flex (1997 a 2006)
• Fiat Strada (Working / Trekking / Fire) — Motor 1.3 / 1.5 / 1.6 / 1.8 Gasolina / Flex (1998 a 2006)


⚠️ ALERTAS DE COMPATIBILIDADE
• Não serve em modelos com limpador traseiro.
• Recomendamos comparar o código gravado na sua peça com os códigos informados abaixo.
• Em caso de dúvidas sobre ano/versão, pergunte no campo abaixo antes de comprar!


⚙️ ESPECIFICAÇÕES TÉCNICAS
• Fabricante: Kostal
• Código da Peça: 1450025
• Código Original (OEM): 182601780, 182743880, 735272635
• Códigos Similares: Marília IM12025, Diretec DTC1025, Ospina 042025
• Voltagem: 12V
• Funcoes Integradas: Comando de seta com retorno automático, Comutação farol alto/baixo e lampejo, Limpador de para-brisa dianteiro com temporizador, Pisca-alerta integrado, SEM limpador traseiro
• Dimensoes Aprox Cm: 25 x 14 x 9
• Peso Gramas: 370
• Padrao Fabricacao: Padrão Original Kostal Fiat
• Condição: Produto 100% novo, lacrado na embalagem original


📦 CONTEÚDO & GARANTIA
• 01 Chave de Seta Fiat Palio Siena Strada sem Limpador Traseiro Kostal 1450025 (Kostal 1450025)
• Acompanha Nota Fiscal Eletrônica (PF e PJ)
• Garantia de 6 meses contra defeitos de fabricação


❓ DÚVIDAS FREQUENTES
• Pronta Entrega: Sim, todos os produtos anunciados estão em estoque físico para envio imediato.
• Frete e Prazo: Calculados automaticamente pelo Mercado Envios digitando seu CEP no anúncio.
• Instalação: Recomendamos que a montagem seja feita por profissional especializado.


🛡️ BUSK Peças — Qualidade, Agilidade & Confiança"
SKU-022-KOS-1405100;Chave Seta Uno Premio Fiorino Fiasa Kostal 1405100;409.90;1;Novo;Kostal;1405100;182547080, 7521875;6;Garantia do vendedor;"🚗 APLICAÇÃO VEICULAR
Confira os modelos e anos compatíveis:

• Fiat Fiorino (Furgão / Pick-up / LX / Trekking) — Motor 1.5 / 1.6 Fiasa e Sevel Gasolina / Álcool (1994 a 2004)
• Fiat Prêmio (CS / CSL / S / SL) — Motor 1.3 / 1.5 / 1.6 Gasolina / Álcool (1994 a 1996)
• Fiat Uno / Uno Mille (S / CS / SX / Brio / Eletronic / ELX) — Motor 1.0 / 1.3 / 1.5 Fiasa Gasolina / Álcool (1994 a 2004)


⚠️ ALERTAS DE COMPATIBILIDADE
• Não serve em veículos com limpador traseiro.
• Recomendamos comparar o código gravado na sua peça com os códigos informados abaixo.
• Em caso de dúvidas sobre ano/versão, pergunte no campo abaixo antes de comprar!


⚙️ ESPECIFICAÇÕES TÉCNICAS
• Fabricante: Kostal
• Código da Peça: 1405100
• Código Original (OEM): 182547080, 7521875
• Códigos Similares: Marília IM12091, Diretec DTC1091, Ospina 042091
• Voltagem: 12V
• Funcoes Integradas: Comando de seta com retorno automático, Farol alto/baixo e lampejador, Limpador dianteiro com 2 velocidades e temporizador, Pisca-alerta na coluna, SEM limpador traseiro
• Dimensoes Aprox Cm: 24 x 14 x 9
• Peso Gramas: 345
• Padrao Fabricacao: Padrão Original Kostal Fiat
• Condição: Produto 100% novo, lacrado na embalagem original


📦 CONTEÚDO & GARANTIA
• 01 Chave de Seta Fiat Uno Elba Premio Fiorino sem Limpador Traseiro Kostal 1405100 (Kostal 1405100)
• Acompanha Nota Fiscal Eletrônica (PF e PJ)
• Garantia de 6 meses contra defeitos de fabricação


❓ DÚVIDAS FREQUENTES
• Pronta Entrega: Sim, todos os produtos anunciados estão em estoque físico para envio imediato.
• Frete e Prazo: Calculados automaticamente pelo Mercado Envios digitando seu CEP no anúncio.
• Instalação: Recomendamos que a montagem seja feita por profissional especializado.


🛡️ BUSK Peças — Qualidade, Agilidade & Confiança"
SKU-023-KOS-1473405;Chave Seta Doblo Idea Palio c/ Trip Kostal 1473405;699.90;1;Novo;Kostal;1473405;100164287, 735365520, 735410425;6;Garantia do vendedor;"🚗 APLICAÇÃO VEICULAR
Confira os modelos e anos compatíveis:

• Fiat Doblò (EX / ELX / HLX / Adventure / Cargo) — Motor 1.3 16V / 1.4 8V Fire / 1.8 8V Powertrain / 1.8 16V E.torQ Gasolina / Flex (2002 a 2016)
• Fiat Idea (ELX / HLX / Adventure / Attractive / Essence) — Motor 1.4 8V / 1.8 8V / 1.6 16V / 1.8 16V Flex (2006 a 2016)
• Fiat Palio / Palio Weekend (HLX / ELX / Adventure (G3)) — Motor 1.4 8V / 1.8 8V Flex Flex (2004 a 2014)


⚠️ ALERTAS DE COMPATIBILIDADE
• Não serve em modelos sem limpador traseiro.
• Recomendamos comparar o código gravado na sua peça com os códigos informados abaixo.
• Em caso de dúvidas sobre ano/versão, pergunte no campo abaixo antes de comprar!


⚙️ ESPECIFICAÇÕES TÉCNICAS
• Fabricante: Kostal
• Código da Peça: 1473405
• Código Original (OEM): 100164287, 735365520, 735410425
• Códigos Similares: Marília IM12405, Diretec DTC1205, Ospina 042405
• Voltagem: 12V
• Funcoes Integradas: Comando de seta e faróis alto/baixo com Follow Me Home, Limpador dianteiro com temporizador, Limpador e lavador do vidro traseiro, Função de computador de bordo TRIP na alavanca, Pisca-alerta na carcaça
• Dimensoes Aprox Cm: 26 x 15 x 10
• Peso Gramas: 430
• Padrao Fabricacao: Padrão Original Kostal Linha Fiat
• Condição: Produto 100% novo, lacrado na embalagem original


📦 CONTEÚDO & GARANTIA
• 01 Chave de Seta Fiat Doblo Idea Palio Weekend com Trip e Limpador Traseiro Kostal 1473405 (Kostal 1473405)
• Acompanha Nota Fiscal Eletrônica (PF e PJ)
• Garantia de 6 meses contra defeitos de fabricação


❓ DÚVIDAS FREQUENTES
• Pronta Entrega: Sim, todos os produtos anunciados estão em estoque físico para envio imediato.
• Frete e Prazo: Calculados automaticamente pelo Mercado Envios digitando seu CEP no anúncio.
• Instalação: Recomendamos que a montagem seja feita por profissional especializado.


🛡️ BUSK Peças — Qualidade, Agilidade & Confiança"
SKU-024-KOS-1473500;Chave Seta Doblo Cargo Palio Strada Kostal 1473500;569.90;1;Novo;Kostal;1473500;100164286, 735365519, 735410424;6;Garantia do vendedor;"🚗 APLICAÇÃO VEICULAR
Confira os modelos e anos compatíveis:

• Fiat Doblò (Cargo / EX) — Motor 1.3 / 1.4 / 1.8 Gasolina / Flex (2002 a 2016)
• Fiat Palio / Siena (Fire / ELX (G3)) — Motor 1.0 / 1.4 / 1.8 Flex (2004 a 2014)
• Fiat Strada (Working / Fire / Trekking (G3)) — Motor 1.4 / 1.8 Flex Flex (2004 a 2012)


⚠️ ALERTAS DE COMPATIBILIDADE
• Não serve em modelos que utilizam computador de bordo TRIP na alavanca.
• Recomendamos comparar o código gravado na sua peça com os códigos informados abaixo.
• Em caso de dúvidas sobre ano/versão, pergunte no campo abaixo antes de comprar!


⚙️ ESPECIFICAÇÕES TÉCNICAS
• Fabricante: Kostal
• Código da Peça: 1473500
• Código Original (OEM): 100164286, 735365519, 735410424
• Códigos Similares: Marília IM12500, Diretec DTC1200, Ospina 042500
• Voltagem: 12V
• Funcoes Integradas: Comando de seta com retorno automático, Farol alto/baixo e lampejo, Limpador de para-brisa dianteiro, Pisca-alerta integrado, SEM limpador traseiro e SEM função TRIP
• Dimensoes Aprox Cm: 25 x 14 x 9
• Peso Gramas: 380
• Padrao Fabricacao: Padrão Original Kostal Linha Fiat
• Condição: Produto 100% novo, lacrado na embalagem original


📦 CONTEÚDO & GARANTIA
• 01 Chave de Seta Fiat Doblo Palio Siena Strada sem Limpador Traseiro Kostal 1473500 (Kostal 1473500)
• Acompanha Nota Fiscal Eletrônica (PF e PJ)
• Garantia de 6 meses contra defeitos de fabricação


❓ DÚVIDAS FREQUENTES
• Pronta Entrega: Sim, todos os produtos anunciados estão em estoque físico para envio imediato.
• Frete e Prazo: Calculados automaticamente pelo Mercado Envios digitando seu CEP no anúncio.
• Instalação: Recomendamos que a montagem seja feita por profissional especializado.


🛡️ BUSK Peças — Qualidade, Agilidade & Confiança"
SKU-025-KOS-1510640;Chave Seta Ford Ka 1997 a 1999 c/ Traseiro Kostal 1510640;359.90;1;Novo;Kostal;1510640;97KB13335BA, 97KB-13335-BA, 1028389;6;Garantia do vendedor;"🚗 APLICAÇÃO VEICULAR
Confira os modelos e anos compatíveis:

• Ford Ka (CLX / Street / Image / Techno) — Motor 1.0 Endura / 1.3 Endura / 1.0 Zetec Rocam Gasolina (1997 a 1999)


⚠️ ALERTAS DE COMPATIBILIDADE
• Não serve em Ford Ka ano 2000 em diante (utiliza conector e chicote da linha Kostal 1510520).
• Recomendamos comparar o código gravado na sua peça com os códigos informados abaixo.
• Em caso de dúvidas sobre ano/versão, pergunte no campo abaixo antes de comprar!


⚙️ ESPECIFICAÇÕES TÉCNICAS
• Fabricante: Kostal
• Código da Peça: 1510640
• Código Original (OEM): 97KB13335BA, 97KB-13335-BA, 1028389
• Códigos Similares: Marília IM12640, Diretec DTC1640, Ospina 042640
• Voltagem: 12V
• Funcoes Integradas: Comando de seta com retorno automático, Comutação de farol alto/baixo e lampejo, Limpador de para-brisa dianteiro com temporizador, Limpador e lavador do vidro traseiro, Buzina na alavanca e pisca-alerta integrado
• Dimensoes Aprox Cm: 25 x 14 x 9
• Peso Gramas: 380
• Padrao Fabricacao: Padrão Original Ford Kostal
• Condição: Produto 100% novo, lacrado na embalagem original


📦 CONTEÚDO & GARANTIA
• 01 Chave de Seta Ford Ka 1997 1998 1999 com Limpador Traseiro Kostal 1510640 (Kostal 1510640)
• Acompanha Nota Fiscal Eletrônica (PF e PJ)
• Garantia de 6 meses contra defeitos de fabricação


❓ DÚVIDAS FREQUENTES
• Pronta Entrega: Sim, todos os produtos anunciados estão em estoque físico para envio imediato.
• Frete e Prazo: Calculados automaticamente pelo Mercado Envios digitando seu CEP no anúncio.
• Instalação: Recomendamos que a montagem seja feita por profissional especializado.


🛡️ BUSK Peças — Qualidade, Agilidade & Confiança"
SKU-026-KOS-1510641;Chave Seta Ford Ka 1997 a 1999 s/ Traseiro Kostal 1510641;339.90;1;Novo;Kostal;1510641;97KB13335AA, 97KB-13335-AA, 1028388;6;Garantia do vendedor;"🚗 APLICAÇÃO VEICULAR
Confira os modelos e anos compatíveis:

• Ford Ka (Standard / Básico) — Motor 1.0 Endura / 1.3 Endura Gasolina (1997 a 1999)


⚠️ ALERTAS DE COMPATIBILIDADE
• Não serve em modelos com limpador traseiro.
• Recomendamos comparar o código gravado na sua peça com os códigos informados abaixo.
• Em caso de dúvidas sobre ano/versão, pergunte no campo abaixo antes de comprar!


⚙️ ESPECIFICAÇÕES TÉCNICAS
• Fabricante: Kostal
• Código da Peça: 1510641
• Código Original (OEM): 97KB13335AA, 97KB-13335-AA, 1028388
• Códigos Similares: Marília IM12641, Diretec DTC1641, Ospina 042641
• Voltagem: 12V
• Funcoes Integradas: Comando de seta com retorno automático, Farol alto/baixo e lampejo, Limpador dianteiro com temporizador, Buzina na alavanca e pisca-alerta, SEM limpador traseiro
• Dimensoes Aprox Cm: 25 x 14 x 9
• Peso Gramas: 365
• Padrao Fabricacao: Padrão Original Ford Kostal
• Condição: Produto 100% novo, lacrado na embalagem original


📦 CONTEÚDO & GARANTIA
• 01 Chave de Seta Ford Ka 1997 1998 1999 sem Limpador Traseiro Kostal 1510641 (Kostal 1510641)
• Acompanha Nota Fiscal Eletrônica (PF e PJ)
• Garantia de 6 meses contra defeitos de fabricação


❓ DÚVIDAS FREQUENTES
• Pronta Entrega: Sim, todos os produtos anunciados estão em estoque físico para envio imediato.
• Frete e Prazo: Calculados automaticamente pelo Mercado Envios digitando seu CEP no anúncio.
• Instalação: Recomendamos que a montagem seja feita por profissional especializado.


🛡️ BUSK Peças — Qualidade, Agilidade & Confiança"
SKU-027-KOS-1510521;Chave Seta Fiesta Sedan Courier Ka Kostal 1510521;369.90;1;Novo;Kostal;1510521;96FB13335AB, 96FB-13335-AB, XS6113335AA;6;Garantia do vendedor;"🚗 APLICAÇÃO VEICULAR
Confira os modelos e anos compatíveis:

• Ford Courier (Standard / XL / Si / L / Van) — Motor 1.3 Endura / 1.4 16V Zetec / 1.6 8V Zetec Rocam Gasolina / Flex (1997 a 2013)
• Ford Fiesta Sedan / Fiesta Street (Street / Class / GL / Personnalité) — Motor 1.0 / 1.6 Zetec Rocam / 1.0 Endura Gasolina / Flex (1996 a 2006)
• Ford Ka (GL / Image / Action / MP3 / Tecno) — Motor 1.0 / 1.6 Zetec Rocam Gasolina / Flex (2000 a 2014)


⚠️ ALERTAS DE COMPATIBILIDADE
• Não serve em Fiesta com limpador traseiro (utilizar Kostal 1510520).
• Recomendamos comparar o código gravado na sua peça com os códigos informados abaixo.
• Em caso de dúvidas sobre ano/versão, pergunte no campo abaixo antes de comprar!


⚙️ ESPECIFICAÇÕES TÉCNICAS
• Fabricante: Kostal
• Código da Peça: 1510521
• Código Original (OEM): 96FB13335AB, 96FB-13335-AB, XS6113335AA
• Códigos Similares: Marília IM12521, Diretec DTC1521, Ospina 042521
• Voltagem: 12V
• Funcoes Integradas: Comando de seta com retorno automático, Comutador de farol alto/baixo e lampejo, Limpador de para-brisa dianteiro com temporizador, Buzina na ponta da alavanca esquerda, Interruptor de emergência (pisca-alerta na carcaça), SEM limpador traseiro
• Dimensoes Aprox Cm: 25 x 14 x 9
• Peso Gramas: 375
• Padrao Fabricacao: Padrão Original Ford Kostal
• Condição: Produto 100% novo, lacrado na embalagem original


📦 CONTEÚDO & GARANTIA
• 01 Chave de Seta Ford Fiesta Sedan Street Courier Ka sem Limpador Traseiro Kostal 1510521 (Kostal 1510521)
• Acompanha Nota Fiscal Eletrônica (PF e PJ)
• Garantia de 6 meses contra defeitos de fabricação


❓ DÚVIDAS FREQUENTES
• Pronta Entrega: Sim, todos os produtos anunciados estão em estoque físico para envio imediato.
• Frete e Prazo: Calculados automaticamente pelo Mercado Envios digitando seu CEP no anúncio.
• Instalação: Recomendamos que a montagem seja feita por profissional especializado.


🛡️ BUSK Peças — Qualidade, Agilidade & Confiança"
SKU-028-KOS-1510520;Chave Seta Fiesta Street Ka c/ Buzina Kostal 1510520;385.90;1;Novo;Kostal;1510520;96FB13335BB, 96FB-13335-BB, XS6113335BA;6;Garantia do vendedor;"🚗 APLICAÇÃO VEICULAR
Confira os modelos e anos compatíveis:

• Ford Fiesta Hatch / Fiesta Street (CLX / GL / Class / Sport / Street) — Motor 1.0 Endura / 1.3 Endura / 1.0 e 1.6 Zetec Rocam Gasolina / Flex (1996 a 2007)
• Ford Ka (GL / Image / Action / XR 1.6 / Black / MP3 / Tecno) — Motor 1.0 / 1.6 Zetec Rocam Gasolina / Flex (2000 a 2014)


⚠️ ALERTAS DE COMPATIBILIDADE
• Não serve no New Fiesta mexicano/nacional (2011 em diante).
• Recomendamos comparar o código gravado na sua peça com os códigos informados abaixo.
• Em caso de dúvidas sobre ano/versão, pergunte no campo abaixo antes de comprar!


⚙️ ESPECIFICAÇÕES TÉCNICAS
• Fabricante: Kostal
• Código da Peça: 1510520
• Código Original (OEM): 96FB13335BB, 96FB-13335-BB, XS6113335BA
• Códigos Similares: Marília IM12520, Diretec DTC1520, Ospina 042520
• Voltagem: 12V
• Funcoes Integradas: Comando de seta com retorno automático, Farol alto/baixo e lampejo, Limpador de para-brisa dianteiro com temporizador, Limpador e lavador do vidro traseiro, Buzina na ponta da alavanca esquerda, Interruptor de emergência (pisca-alerta na carcaça)
• Dimensoes Aprox Cm: 25 x 14 x 9
• Peso Gramas: 385
• Padrao Fabricacao: Padrão Original Ford Kostal
• Condição: Produto 100% novo, lacrado na embalagem original


📦 CONTEÚDO & GARANTIA
• 01 Chave de Seta Ford Fiesta Hatch Street Ka com Limpador Traseiro e Buzina Kostal 1510520 (Kostal 1510520)
• Acompanha Nota Fiscal Eletrônica (PF e PJ)
• Garantia de 6 meses contra defeitos de fabricação


❓ DÚVIDAS FREQUENTES
• Pronta Entrega: Sim, todos os produtos anunciados estão em estoque físico para envio imediato.
• Frete e Prazo: Calculados automaticamente pelo Mercado Envios digitando seu CEP no anúncio.
• Instalação: Recomendamos que a montagem seja feita por profissional especializado.


🛡️ BUSK Peças — Qualidade, Agilidade & Confiança"
SKU-029-KOS-1510530;Chave Seta Fiesta Ecosport Novo Ka Kostal 1510530;379.90;1;Novo;Kostal;1510530;2S6513335BA, 2S65-13335-BA, 1S6513335BA, 1S6513335BB, 5S6513335BA;6;Garantia do vendedor;"🚗 APLICAÇÃO VEICULAR
Confira os modelos e anos compatíveis:

• Ford Ecosport (XL / XLS / XLT / Freestyle / 4WD) — Motor 1.6 8V Zetec Rocam / 2.0 16V Duratec Gasolina / Flex (2003 a 2012)
• Ford Fiesta Hatch (New Fiesta Amazon) (First / Trend / Class / Trail) — Motor 1.0 / 1.6 8V Zetec Rocam Gasolina / Flex (2002 a 2014)
• Ford Ka (Fly / Pulse / Action / Sport) — Motor 1.0 / 1.6 8V Zetec Rocam Flex (2008 a 2013)


⚠️ ALERTAS DE COMPATIBILIDADE
• Não serve em Fiesta Sedan (sedan não possui limpador traseiro - usa Kostal 1510520 ou 1510521).
• Não possui acionamento de farol de neblina/milha na alavanca (veículos com milha usam Kostal 1510640 ou 1510641).
• Não serve em EcoSport G2 (2013 em diante) nem New Fiesta Mexicano/Nacional (plataforma global).
• Recomendamos comparar o código gravado na sua peça com os códigos informados abaixo.
• Em caso de dúvidas sobre ano/versão, pergunte no campo abaixo antes de comprar!


⚙️ ESPECIFICAÇÕES TÉCNICAS
• Fabricante: Kostal
• Código da Peça: 1510530
• Código Original (OEM): 2S6513335BA, 2S65-13335-BA, 1S6513335BA, 1S6513335BB, 5S6513335BA
• Códigos Similares: Marília IM12530, Diretec DTC1530, Ospina 042530
• Voltagem: 12V
• Funcoes Integradas: Comando de seta com retorno automático, Farol alto/baixo e lampejo, Limpador de para-brisa dianteiro com temporizador, Limpador e lavador do vidro traseiro, Pisca-alerta integrado na carcaça superior
• Dimensoes Aprox Cm: 25 x 14 x 9
• Peso Gramas: 380
• Padrao Fabricacao: Padrão Original Ford Kostal Linha Amazon
• Condição: Produto 100% novo, lacrado na embalagem original


📦 CONTEÚDO & GARANTIA
• 01 Chave de Seta Ford Fiesta Hatch Ecosport Ka com Limpador Traseiro Kostal 1510530 (Kostal 1510530)
• Acompanha Nota Fiscal Eletrônica (PF e PJ)
• Garantia de 6 meses contra defeitos de fabricação


❓ DÚVIDAS FREQUENTES
• Pronta Entrega: Sim, todos os produtos anunciados estão em estoque físico para envio imediato.
• Frete e Prazo: Calculados automaticamente pelo Mercado Envios digitando seu CEP no anúncio.
• Instalação: Recomendamos que a montagem seja feita por profissional especializado.


🛡️ BUSK Peças — Qualidade, Agilidade & Confiança"
SKU-030-KOS-10003264;Chave Seta Celta 2000 a 2006 c/ Traseiro Kostal 10003264;299.90;1;Novo;Kostal;10003264;93378441, 93356885, 93383040;6;Garantia do vendedor;"🚗 APLICAÇÃO VEICULAR
Confira os modelos e anos compatíveis:

• Chevrolet Celta (Life / Spirit / Super / Energy) — Motor 1.0 8V / 1.4 8V VHC Gasolina e Flexpower Gasolina / Flex (2000 a 2006)


⚠️ ALERTAS DE COMPATIBILIDADE
• Exclusivo para Celta 2000 a 2006 (G1 - frente antiga) COM limpador traseiro.
• Não serve em modelos sem limpador traseiro (usam Kostal 10003263).
• Não serve em Celta 2007 em diante (painel novo com buzina no volante - usam Kostal 10147724 ou 10013879).
• Não serve em Prisma (Prisma só foi lançado a partir de 2007 com painel moderno).
• Recomendamos comparar o código gravado na sua peça com os códigos informados abaixo.
• Em caso de dúvidas sobre ano/versão, pergunte no campo abaixo antes de comprar!


⚙️ ESPECIFICAÇÕES TÉCNICAS
• Fabricante: Kostal
• Código da Peça: 10003264
• Código Original (OEM): 93378441, 93356885, 93383040
• Códigos Similares: Marília IM12264, Diretec DTC1264, Ospina 042264
• Voltagem: 12V
• Funcoes Integradas: Comando de seta com retorno automático, Comutação farol alto/baixo e lampejo, Limpador dianteiro com temporizador, Limpador e lavador traseiro, Pisca-alerta na carcaça superior
• Dimensoes Aprox Cm: 24 x 14 x 9
• Peso Gramas: 360
• Padrao Fabricacao: Padrão Original Kostal GM
• Condição: Produto 100% novo, lacrado na embalagem original


📦 CONTEÚDO & GARANTIA
• 01 Chave de Seta Chevrolet Celta 2000 a 2006 com Limpador Dianteiro e Traseiro Kostal 10003264 (Kostal 10003264)
• Acompanha Nota Fiscal Eletrônica (PF e PJ)
• Garantia de 6 meses contra defeitos de fabricação


❓ DÚVIDAS FREQUENTES
• Pronta Entrega: Sim, todos os produtos anunciados estão em estoque físico para envio imediato.
• Frete e Prazo: Calculados automaticamente pelo Mercado Envios digitando seu CEP no anúncio.
• Instalação: Recomendamos que a montagem seja feita por profissional especializado.


🛡️ BUSK Peças — Qualidade, Agilidade & Confiança"
SKU-031-KOS-10147724;Chave Seta Celta Prisma 2007 a 2010 Kostal 10147724;339.90;1;Novo;Kostal;10147724;93383038, 94701444, 93384388, 93382268;6;Garantia do vendedor;"🚗 APLICAÇÃO VEICULAR
Confira os modelos e anos compatíveis:

• Chevrolet Celta (Life / Spirit / Super) — Motor 1.0 8V VHC / VHCE Flexpower Flex (2007 a 2010)
• Chevrolet Prisma (Joy / Maxx) — Motor 1.4 8V Econoflex / 1.0 Flex Flex (2007 a 2010)


⚠️ ALERTAS DE COMPATIBILIDADE
• Não serve em modelos com limpador traseiro (Celta com limpador traseiro usa Kostal 10013879).
• Não serve em Celta 2000 a 2006 (painel antigo com buzina na alavanca).
• Não serve em Corsa Classic / Corsa Wind.
• Recomendamos comparar o código gravado na sua peça com os códigos informados abaixo.
• Em caso de dúvidas sobre ano/versão, pergunte no campo abaixo antes de comprar!


⚙️ ESPECIFICAÇÕES TÉCNICAS
• Fabricante: Kostal
• Código da Peça: 10147724
• Código Original (OEM): 93383038, 94701444, 93384388, 93382268
• Códigos Similares: Marília IM12724, Diretec DTC1724, Ospina 042724
• Voltagem: 12V
• Funcoes Integradas: Comando de seta com retorno automático, Farol alto/baixo e lampejador, Limpador de para-brisa dianteiro com temporizador, Pisca-alerta integrado, SEM limpador traseiro e SEM buzina na alavanca
• Dimensoes Aprox Cm: 24 x 14 x 9
• Peso Gramas: 365
• Padrao Fabricacao: Padrão Original Kostal GM
• Condição: Produto 100% novo, lacrado na embalagem original


📦 CONTEÚDO & GARANTIA
• 01 Chave de Seta Chevrolet Celta Prisma 2007 a 2010 sem Limpador Traseiro Kostal 10147724 (Kostal 10147724)
• Acompanha Nota Fiscal Eletrônica (PF e PJ)
• Garantia de 6 meses contra defeitos de fabricação


❓ DÚVIDAS FREQUENTES
• Pronta Entrega: Sim, todos os produtos anunciados estão em estoque físico para envio imediato.
• Frete e Prazo: Calculados automaticamente pelo Mercado Envios digitando seu CEP no anúncio.
• Instalação: Recomendamos que a montagem seja feita por profissional especializado.


🛡️ BUSK Peças — Qualidade, Agilidade & Confiança"
SKU-032-KOS-10002290;Chave Seta Palio Weekend Farol Duplo Trip Kostal 10002290;549.90;1;Novo;Kostal;10002290;100185358, 100190820, 100190824;6;Garantia do vendedor;"🚗 APLICAÇÃO VEICULAR
Confira os modelos e anos compatíveis:

• Fiat Palio (Essence / Sporting / Attractive / 1.8R (G4)) — Motor 1.4 / 1.6 16V / 1.8 8V Flex Flex (2008 a 2014)
• Fiat Palio Weekend (Trekking / Adventure Locker (G4)) — Motor 1.4 / 1.8 / 1.6 16V / 1.8 16V Flex (2008 a 2014)


⚠️ ALERTAS DE COMPATIBILIDADE
• Não compatível com modelos de farol mono-parábola simples (lâmpada H4).
• Não serve em Fiat Siena nem Fiat Strada de fábrica por conter acionamento de limpador traseiro integrado (Siena e Strada utilizam Kostal 10019263 ou 10015563).
• Não serve em modelos sem computador de bordo TRIP (usam Kostal 10015566).
• Não serve em modelos com cinta de airbag embutida.
• Recomendamos comparar o código gravado na sua peça com os códigos informados abaixo.
• Em caso de dúvidas sobre ano/versão, pergunte no campo abaixo antes de comprar!


⚙️ ESPECIFICAÇÕES TÉCNICAS
• Fabricante: Kostal
• Código da Peça: 10002290
• Código Original (OEM): 100185358, 100190820, 100190824
• Códigos Similares: Marília IM12290, Diretec DTC1290, Ospina 042290
• Voltagem: 12V
• Funcoes Integradas: Comutação para Farol com Duplo Refletor (Bi-Parábola), Comando de seta com retorno automático, Follow Me Home, Limpador dianteiro e limpador traseiro, Função de computador de bordo TRIP na alavanca, Interruptor do desembaçador traseiro e pisca-alerta
• Dimensoes Aprox Cm: 26 x 15 x 10
• Peso Gramas: 450
• Padrao Fabricacao: Padrão Original Kostal Fiat
• Condição: Produto 100% novo, lacrado na embalagem original


📦 CONTEÚDO & GARANTIA
• 01 Chave de Seta Fiat Palio e Palio Weekend Farol Bi-Parabola com Trip Desembacador e Limpador Traseiro Kostal 10002290 (Kostal 10002290)
• Acompanha Nota Fiscal Eletrônica (PF e PJ)
• Garantia de 6 meses contra defeitos de fabricação


❓ DÚVIDAS FREQUENTES
• Pronta Entrega: Sim, todos os produtos anunciados estão em estoque físico para envio imediato.
• Frete e Prazo: Calculados automaticamente pelo Mercado Envios digitando seu CEP no anúncio.
• Instalação: Recomendamos que a montagem seja feita por profissional especializado.


🛡️ BUSK Peças — Qualidade, Agilidade & Confiança"
SKU-033-KOS-10003263;Chave Seta Celta 2000 a 2006 c/ Buzina Kostal 10003263;329.90;1;Novo;Kostal;10003263;93378440, 93356884, 93383039;6;Garantia do vendedor;"🚗 APLICAÇÃO VEICULAR
Confira os modelos e anos compatíveis:

• Chevrolet Celta (Life / Spirit / Super) — Motor 1.0 8V / 1.4 8V VHC Gasolina e Flex Gasolina / Flex (2000 a 2006)


⚠️ ALERTAS DE COMPATIBILIDADE
• Não serve em modelos com limpador traseiro (usam Kostal 10003264).
• Não serve em Celta 2007 em diante (painel novo - usam 10147724 / 10015530).
• Não serve em Prisma nem Corsa.
• Recomendamos comparar o código gravado na sua peça com os códigos informados abaixo.
• Em caso de dúvidas sobre ano/versão, pergunte no campo abaixo antes de comprar!


⚙️ ESPECIFICAÇÕES TÉCNICAS
• Fabricante: Kostal
• Código da Peça: 10003263
• Código Original (OEM): 93378440, 93356884, 93383039
• Códigos Similares: Marília IM12263, Diretec DTC1263, Ospina 042263
• Voltagem: 12V
• Funcoes Integradas: Comando de seta com retorno automático, Farol alto/baixo e lampejo, Limpador de para-brisa dianteiro com temporizador, Buzina na ponta da alavanca esquerda, Pisca-alerta na carcaça, SEM limpador traseiro
• Dimensoes Aprox Cm: 24 x 14 x 9
• Peso Gramas: 355
• Padrao Fabricacao: Padrão Original Kostal GM
• Condição: Produto 100% novo, lacrado na embalagem original


📦 CONTEÚDO & GARANTIA
• 01 Chave de Seta Chevrolet Celta 2000 a 2006 sem Limpador Traseiro com Buzina Kostal 10003263 (Kostal 10003263)
• Acompanha Nota Fiscal Eletrônica (PF e PJ)
• Garantia de 6 meses contra defeitos de fabricação


❓ DÚVIDAS FREQUENTES
• Pronta Entrega: Sim, todos os produtos anunciados estão em estoque físico para envio imediato.
• Frete e Prazo: Calculados automaticamente pelo Mercado Envios digitando seu CEP no anúncio.
• Instalação: Recomendamos que a montagem seja feita por profissional especializado.


🛡️ BUSK Peças — Qualidade, Agilidade & Confiança"
SKU-034-KOS-10015530;Chave Seta Celta Prisma 2010 a 2015 Kostal 10015530;329.90;1;Novo;Kostal;10015530;94749141;6;Garantia do vendedor;"🚗 APLICAÇÃO VEICULAR
Confira os modelos e anos compatíveis:

• Chevrolet Celta (Life / LS / LT / Advantage) — Motor 1.0 8V VHCE Flexpower Flex (2010 a 2015)
• Chevrolet Prisma (Joy / Maxx / LT) — Motor 1.0 / 1.4 8V Econoflex Flex (2010 a 2012)


⚠️ ALERTAS DE COMPATIBILIDADE
• Modelo SEM TEMPORIZADOR no limpador dianteiro (veículos com temporizador utilizam Kostal 10015096).
• Não serve em modelos com limpador traseiro.
• Não serve em Celta 2000 a 2006 (G1 painel antigo).
• Recomendamos comparar o código gravado na sua peça com os códigos informados abaixo.
• Em caso de dúvidas sobre ano/versão, pergunte no campo abaixo antes de comprar!


⚙️ ESPECIFICAÇÕES TÉCNICAS
• Fabricante: Kostal
• Código da Peça: 10015530
• Código Original (OEM): 94749141
• Códigos Similares: Marília IM12530GM, Diretec DTC1531, Ospina 042531
• Voltagem: 12V
• Funcoes Integradas: Comando de seta com retorno automático, Farol alto/baixo e lampejador, Limpador de para-brisa dianteiro SEM TEMPORIZADOR (velocidades contínuas I e II), Chicote/conector traseiro de 22 pinos, SEM limpador traseiro, SEM temporizador e SEM buzina na alavanca
• Dimensoes Aprox Cm: 24 x 14 x 9
• Peso Gramas: 360
• Padrao Fabricacao: Padrão Original Kostal GM
• Condição: Produto 100% novo, lacrado na embalagem original


📦 CONTEÚDO & GARANTIA
• 01 Chave de Seta Chevrolet Celta Prisma 2010 a 2015 sem Limpador Traseiro Kostal 10015530 (Kostal 10015530)
• Acompanha Nota Fiscal Eletrônica (PF e PJ)
• Garantia de 6 meses contra defeitos de fabricação


❓ DÚVIDAS FREQUENTES
• Pronta Entrega: Sim, todos os produtos anunciados estão em estoque físico para envio imediato.
• Frete e Prazo: Calculados automaticamente pelo Mercado Envios digitando seu CEP no anúncio.
• Instalação: Recomendamos que a montagem seja feita por profissional especializado.


🛡️ BUSK Peças — Qualidade, Agilidade & Confiança"
SKU-035-KOS-10015096;Chave Seta Celta Prisma c/ Temporizador Kostal 10015096;379.90;1;Novo;Kostal;10015096;94749143;6;Garantia do vendedor;"🚗 APLICAÇÃO VEICULAR
Confira os modelos e anos compatíveis:

• Chevrolet Celta (Life / LS / LT) — Motor 1.0 8V VHCE Flex Flex (2010 a 2015)
• Chevrolet Prisma (Joy / Maxx / LT) — Motor 1.0 / 1.4 8V Econoflex Flex (2010 a 2012)


⚠️ ALERTAS DE COMPATIBILIDADE
• Modelo COM TEMPORIZADOR integrado (veículos sem temporizador utilizam Kostal 10015530).
• Não serve em modelos com limpador traseiro.
• Não serve em Celta 2000 a 2006 (painel antigo).
• Recomendamos comparar o código gravado na sua peça com os códigos informados abaixo.
• Em caso de dúvidas sobre ano/versão, pergunte no campo abaixo antes de comprar!


⚙️ ESPECIFICAÇÕES TÉCNICAS
• Fabricante: Kostal
• Código da Peça: 10015096
• Código Original (OEM): 94749143
• Códigos Similares: Marília IM12096, Diretec DTC1096, Ospina 042096
• Voltagem: 12V
• Funcoes Integradas: Comando de seta com retorno automático, Farol alto/baixo e lampejo, Limpador de para-brisa dianteiro COM TEMPORIZADOR INTEGRADO, Chicote/conector traseiro de 22 pinos, SEM limpador traseiro e SEM buzina na alavanca
• Dimensoes Aprox Cm: 24 x 14 x 9
• Peso Gramas: 365
• Padrao Fabricacao: Padrão Original Kostal GM
• Condição: Produto 100% novo, lacrado na embalagem original


📦 CONTEÚDO & GARANTIA
• 01 Chave de Seta Chevrolet Celta Prisma com Temporizador Kostal 10015096 (Kostal 10015096)
• Acompanha Nota Fiscal Eletrônica (PF e PJ)
• Garantia de 6 meses contra defeitos de fabricação


❓ DÚVIDAS FREQUENTES
• Pronta Entrega: Sim, todos os produtos anunciados estão em estoque físico para envio imediato.
• Frete e Prazo: Calculados automaticamente pelo Mercado Envios digitando seu CEP no anúncio.
• Instalação: Recomendamos que a montagem seja feita por profissional especializado.


🛡️ BUSK Peças — Qualidade, Agilidade & Confiança"
SKU-036-KOS-10015563;Chave Seta Palio Fire Farol Biparabola Kostal 10015563;419.90;1;Novo;Kostal;10015563;100190918, 100185555, 100181997;6;Garantia do vendedor;"🚗 APLICAÇÃO VEICULAR
Confira os modelos e anos compatíveis:

• Fiat Palio Fire (Fire / Economy) — Motor 1.0 8V Fire Flex Flex (2009 a 2014)
• Fiat Siena Fire (Fire / EL) — Motor 1.0 8V / 1.4 8V Fire Flex (2009 a 2012)
• Fiat Strada Fire (Fire / Working) — Motor 1.4 8V Fire Flex Flex (2009 a 2012)


⚠️ ALERTAS DE COMPATIBILIDADE
• Específica para veículos com farol duplo (bi-parábola). Não serve em farol monoparábola H4 (Uno Mille usa 10015565).
• Não serve em veículos com limpador traseiro (Palio com limpador traseiro usa Kostal 10015566).
• Não serve em veículos com airbag ou função TRIP.
• Recomendamos comparar o código gravado na sua peça com os códigos informados abaixo.
• Em caso de dúvidas sobre ano/versão, pergunte no campo abaixo antes de comprar!


⚙️ ESPECIFICAÇÕES TÉCNICAS
• Fabricante: Kostal
• Código da Peça: 10015563
• Código Original (OEM): 100190918, 100185555, 100181997
• Códigos Similares: Marília IM12563, Diretec DTC1563, Ospina 042563
• Voltagem: 12V
• Funcoes Integradas: Comutação para Farol Duplo (Bi-Parábola), Comando de seta com retorno automático, Limpador de para-brisa dianteiro, Pisca-alerta integrado, SEM limpador traseiro, SEM trip e SEM airbag
• Dimensoes Aprox Cm: 25 x 14 x 9
• Peso Gramas: 390
• Padrao Fabricacao: Padrão Original Kostal Fiat
• Condição: Produto 100% novo, lacrado na embalagem original


📦 CONTEÚDO & GARANTIA
• 01 Chave de Seta Fiat Palio Siena Strada Fire Farol Bi-Parabola Kostal 10015563 (Kostal 10015563)
• Acompanha Nota Fiscal Eletrônica (PF e PJ)
• Garantia de 6 meses contra defeitos de fabricação


❓ DÚVIDAS FREQUENTES
• Pronta Entrega: Sim, todos os produtos anunciados estão em estoque físico para envio imediato.
• Frete e Prazo: Calculados automaticamente pelo Mercado Envios digitando seu CEP no anúncio.
• Instalação: Recomendamos que a montagem seja feita por profissional especializado.


🛡️ BUSK Peças — Qualidade, Agilidade & Confiança"
SKU-037-KOS-10015565;Chave Seta Uno Mille Fiorino 2009-2013 Kostal 10015565;409.90;1;Novo;Kostal;10015565;100185373, 100190783;6;Garantia do vendedor;"🚗 APLICAÇÃO VEICULAR
Confira os modelos e anos compatíveis:

• Fiat Fiorino (Furgão Fire) — Motor 1.3 8V Fire Flex Flex (2009 a 2013)
• Fiat Uno Mille (Fire / Economy / Way) — Motor 1.0 8V Fire Flex Flex (2009 a 2013)


⚠️ ALERTAS DE COMPATIBILIDADE
• Exclusivo para Uno Mille clássico (quadrado 2009-2013) e Fiorino Furgão (2009-2013) com farol simples monoparábola (H4).
• NÃO SERVE EM NOVO UNO (Vivace/Way/Attractive 2010 em diante - usa Kostal 10022069).
• Não serve em Uno antigo (1984 a 2003 painel satélite).
• Não serve em veículos com farol bi-parábola duplo nem com limpador traseiro.
• Recomendamos comparar o código gravado na sua peça com os códigos informados abaixo.
• Em caso de dúvidas sobre ano/versão, pergunte no campo abaixo antes de comprar!


⚙️ ESPECIFICAÇÕES TÉCNICAS
• Fabricante: Kostal
• Código da Peça: 10015565
• Código Original (OEM): 100185373, 100190783
• Códigos Similares: Marília IM12565, Diretec DTC1565, Ospina 042565
• Voltagem: 12V
• Funcoes Integradas: Comando de seta com retorno automático, Farol alto/baixo e lampejador, Limpador de para-brisa dianteiro com temporizador, Botão de pisca-alerta na carcaça, SEM limpador traseiro e SEM airbag
• Dimensoes Aprox Cm: 24 x 14 x 9
• Peso Gramas: 355
• Padrao Fabricacao: Padrão Original Kostal Fiat
• Condição: Produto 100% novo, lacrado na embalagem original


📦 CONTEÚDO & GARANTIA
• 01 Chave de Seta Fiat Uno Mille Fiorino 2009 a 2013 Kostal 10015565 (Kostal 10015565)
• Acompanha Nota Fiscal Eletrônica (PF e PJ)
• Garantia de 6 meses contra defeitos de fabricação


❓ DÚVIDAS FREQUENTES
• Pronta Entrega: Sim, todos os produtos anunciados estão em estoque físico para envio imediato.
• Frete e Prazo: Calculados automaticamente pelo Mercado Envios digitando seu CEP no anúncio.
• Instalação: Recomendamos que a montagem seja feita por profissional especializado.


🛡️ BUSK Peças — Qualidade, Agilidade & Confiança"
SKU-038-KOS-10015566;Chave Seta Palio Economy Farol Duplo Kostal 10015566;419.90;1;Novo;Kostal;10015566;100190919, 100185556;6;Garantia do vendedor;"🚗 APLICAÇÃO VEICULAR
Confira os modelos e anos compatíveis:

• Fiat Palio (Attractive / Economy / Fire (G4)) — Motor 1.0 8V / 1.4 8V Fire Flex Flex (2009 a 2014)
• Fiat Palio Weekend (Trekking / Attractive (G4)) — Motor 1.4 8V Fire Flex Flex (2009 a 2014)


⚠️ ALERTAS DE COMPATIBILIDADE
• Específica para Palio Hatch e Palio Weekend com farol bi-parábola e limpador traseiro.
• NÃO SERVE EM SIENA NEM STRADA (sedan e picape não possuem limpador traseiro).
• Não serve em modelos com computador de bordo TRIP (usam Kostal 10002290).
• Não serve em modelos com farol simples H4 nem modelos com airbag.
• Recomendamos comparar o código gravado na sua peça com os códigos informados abaixo.
• Em caso de dúvidas sobre ano/versão, pergunte no campo abaixo antes de comprar!


⚙️ ESPECIFICAÇÕES TÉCNICAS
• Fabricante: Kostal
• Código da Peça: 10015566
• Código Original (OEM): 100190919, 100185556
• Códigos Similares: Marília IM12566, Diretec DTC1566, Ospina 042566
• Voltagem: 12V
• Funcoes Integradas: Comutação para Farol Duplo (Bi-Parábola), Comando de seta com retorno automático, Limpador dianteiro e limpador/lavador traseiro, Pisca-alerta integrado, SEM trip e SEM airbag
• Dimensoes Aprox Cm: 25 x 14 x 9
• Peso Gramas: 395
• Padrao Fabricacao: Padrão Original Kostal Fiat
• Condição: Produto 100% novo, lacrado na embalagem original


📦 CONTEÚDO & GARANTIA
• 01 Chave de Seta Fiat Palio Farol Bi-Parabola com Limpador Traseiro Kostal 10015566 (Kostal 10015566)
• Acompanha Nota Fiscal Eletrônica (PF e PJ)
• Garantia de 6 meses contra defeitos de fabricação


❓ DÚVIDAS FREQUENTES
• Pronta Entrega: Sim, todos os produtos anunciados estão em estoque físico para envio imediato.
• Frete e Prazo: Calculados automaticamente pelo Mercado Envios digitando seu CEP no anúncio.
• Instalação: Recomendamos que a montagem seja feita por profissional especializado.


🛡️ BUSK Peças — Qualidade, Agilidade & Confiança"
SKU-039-KOS-10019263;Chave Seta Palio Siena Strada c/ Trip Kostal 10019263;529.90;1;Novo;Kostal;10019263;100190917, 100185356;6;Garantia do vendedor;"🚗 APLICAÇÃO VEICULAR
Confira os modelos e anos compatíveis:

• Fiat Palio (ELX / Attractive / Essence (G4)) — Motor 1.0 / 1.4 / 1.8 Flex (2008 a 2016)
• Fiat Siena (ELX / HLX / Essence / Tetrafuel (G4)) — Motor 1.0 / 1.4 / 1.6 / 1.8 Flex / GNV (2008 a 2016)
• Fiat Strada (Trekking / Adventure / Working (G4)) — Motor 1.4 / 1.8 Flex Flex (2008 a 2016)


⚠️ ALERTAS DE COMPATIBILIDADE
• Específica para modelos com função TRIP (computador de bordo) SEM limpador traseiro.
• Não serve em Palio Hatch / Weekend com limpador traseiro (usam Kostal 10002290).
• Não serve em modelos sem função TRIP (usam Kostal 10015563).
• Recomendamos comparar o código gravado na sua peça com os códigos informados abaixo.
• Em caso de dúvidas sobre ano/versão, pergunte no campo abaixo antes de comprar!


⚙️ ESPECIFICAÇÕES TÉCNICAS
• Fabricante: Kostal
• Código da Peça: 10019263
• Código Original (OEM): 100190917, 100185356
• Códigos Similares: Marília IM12263FI, Diretec DTC1263FI, Ospina 042263FI
• Voltagem: 12V
• Funcoes Integradas: Comando de seta com retorno automático, Farol alto/baixo e Follow Me Home, Limpador de para-brisa dianteiro, Função de computador de bordo TRIP na alavanca, Pisca-alerta integrado, SEM limpador traseiro e SEM airbag
• Dimensoes Aprox Cm: 25 x 14 x 9
• Peso Gramas: 385
• Padrao Fabricacao: Padrão Original Kostal Fiat
• Condição: Produto 100% novo, lacrado na embalagem original


📦 CONTEÚDO & GARANTIA
• 01 Chave de Seta Fiat Palio Siena Strada com Trip sem Limpador Traseiro Kostal 10019263 (Kostal 10019263)
• Acompanha Nota Fiscal Eletrônica (PF e PJ)
• Garantia de 6 meses contra defeitos de fabricação


❓ DÚVIDAS FREQUENTES
• Pronta Entrega: Sim, todos os produtos anunciados estão em estoque físico para envio imediato.
• Frete e Prazo: Calculados automaticamente pelo Mercado Envios digitando seu CEP no anúncio.
• Instalação: Recomendamos que a montagem seja feita por profissional especializado.


🛡️ BUSK Peças — Qualidade, Agilidade & Confiança"
SKU-040-KOS-10022069;Chave Seta Novo Uno Vivace Fiorino Kostal 10022069;429.90;1;Novo;Kostal;10022069;100190779, 100198642, 100190822, 100204778;6;Garantia do vendedor;"🚗 APLICAÇÃO VEICULAR
Confira os modelos e anos compatíveis:

• Fiat Nova Fiorino (Furgão / Hard Working) — Motor 1.4 8V Fire EVO Flex (2013 a 2021)
• Fiat Novo Uno (Vivace / Way / Attractive / Sporting) — Motor 1.0 8V / 1.4 8V Fire EVO Flex (2010 a 2016)


⚠️ ALERTAS DE COMPATIBILIDADE
• Exclusivo para Novo Uno G2 (2010 a 2016) e Nova Fiorino (2013 a 2021) SEM airbag e SEM limpador traseiro.
• NÃO SERVE EM UNO MILLE ANTIGO / CLÁSSICO (quadrado) - encaixe, fiação e carcaça totalmente incompatíveis.
• Não serve em veículos equipados com bolsa de airbag duplo frontal de fábrica.
• Recomendamos comparar o código gravado na sua peça com os códigos informados abaixo.
• Em caso de dúvidas sobre ano/versão, pergunte no campo abaixo antes de comprar!


⚙️ ESPECIFICAÇÕES TÉCNICAS
• Fabricante: Kostal
• Código da Peça: 10022069
• Código Original (OEM): 100190779, 100198642, 100190822, 100204778
• Códigos Similares: Marília IM12069, Diretec DTC1069, Ospina 042069
• Voltagem: 12V
• Funcoes Integradas: Comando de seta com retorno automático, Farol alto/baixo e lampejo, Limpador de para-brisa dianteiro com temporizador, Botão de pisca-alerta na carcaça, SEM limpador traseiro, SEM trip e SEM airbag
• Dimensoes Aprox Cm: 25 x 14 x 9
• Peso Gramas: 370
• Padrao Fabricacao: Padrão Original Kostal Novo Uno
• Condição: Produto 100% novo, lacrado na embalagem original


📦 CONTEÚDO & GARANTIA
• 01 Chave de Seta Fiat Novo Uno Vivace Way Nova Fiorino Kostal 10022069 (Kostal 10022069)
• Acompanha Nota Fiscal Eletrônica (PF e PJ)
• Garantia de 6 meses contra defeitos de fabricação


❓ DÚVIDAS FREQUENTES
• Pronta Entrega: Sim, todos os produtos anunciados estão em estoque físico para envio imediato.
• Frete e Prazo: Calculados automaticamente pelo Mercado Envios digitando seu CEP no anúncio.
• Instalação: Recomendamos que a montagem seja feita por profissional especializado.


🛡️ BUSK Peças — Qualidade, Agilidade & Confiança"
SKU-041-KOS-10094493;Chave Seta Siena EL Strada c/ Trip Kostal 10094493;449.90;1;Novo;Kostal;10094493;1002040070, 100204780, 100216542;6;Garantia do vendedor;"🚗 APLICAÇÃO VEICULAR
Confira os modelos e anos compatíveis:

• Fiat Palio (Attractive / Essence (G4 continuado)) — Motor 1.0 / 1.4 / 1.6 Flex Flex (2012 a 2016)
• Fiat Siena EL (EL (G4 Restilizado)) — Motor 1.0 8V / 1.4 8V Fire Flex Flex (2013 a 2016)
• Fiat Strada (Working / Hard Working / Trekking (G4)) — Motor 1.4 8V Fire / 1.6 16V E.torQ Flex (2014 a 2020)


⚠️ ALERTAS DE COMPATIBILIDADE
• Específica para linha Fiat com função TRIP e SEM cinta de airbag integrada.
• NÃO SERVE EM GRAND SIENA NEM NOVO PALIO G5 (plataforma 326/327 - utilizam comutadores de coluna diferentes).
• Não serve em modelos com cinta de airbag integrada (usam Kostal 10102849).
• Não serve em modelos com limpador traseiro.
• Recomendamos comparar o código gravado na sua peça com os códigos informados abaixo.
• Em caso de dúvidas sobre ano/versão, pergunte no campo abaixo antes de comprar!


⚙️ ESPECIFICAÇÕES TÉCNICAS
• Fabricante: Kostal
• Código da Peça: 10094493
• Código Original (OEM): 1002040070, 100204780, 100216542
• Códigos Similares: Marília IM12493, Diretec DTC1493, Ospina 042493
• Voltagem: 12V
• Funcoes Integradas: Comando de seta e farol alto/baixo com Follow Me Home, Limpador de para-brisa dianteiro com temporizador, Comando do computador de bordo TRIP na alavanca, Pisca-alerta integrado, SEM limpador traseiro e SEM airbag
• Dimensoes Aprox Cm: 26 x 15 x 10
• Peso Gramas: 400
• Padrao Fabricacao: Padrão Original Kostal Fiat
• Condição: Produto 100% novo, lacrado na embalagem original


📦 CONTEÚDO & GARANTIA
• 01 Chave de Seta Fiat Siena EL Strada Palio com Trip sem Limpador Traseiro Kostal 10094493 (Kostal 10094493)
• Acompanha Nota Fiscal Eletrônica (PF e PJ)
• Garantia de 6 meses contra defeitos de fabricação


❓ DÚVIDAS FREQUENTES
• Pronta Entrega: Sim, todos os produtos anunciados estão em estoque físico para envio imediato.
• Frete e Prazo: Calculados automaticamente pelo Mercado Envios digitando seu CEP no anúncio.
• Instalação: Recomendamos que a montagem seja feita por profissional especializado.


🛡️ BUSK Peças — Qualidade, Agilidade & Confiança"
SKU-042-KOS-10102849;Chave Seta c/ Airbag Palio Fire Way Kostal 10102849;659.90;1;Novo;Kostal;10102849;100214467, 100216543, 100234551;6;Garantia do vendedor;"🚗 APLICAÇÃO VEICULAR
Confira os modelos e anos compatíveis:

• Fiat Fiorino (Hard Working / Endurance) — Motor 1.4 8V Fire EVO Flex (2014 a 2021)
• Fiat Palio Fire / Palio Way (Fire / Way) — Motor 1.0 8V Fire Flex Flex (2014 a 2017)
• Fiat Siena EL (EL (G4)) — Motor 1.0 / 1.4 Fire Flex Flex (2014 a 2016)
• Fiat Strada (Working / Hard Working (G4)) — Motor 1.4 8V Fire Flex Flex (2014 a 2020)


⚠️ ALERTAS DE COMPATIBILIDADE
• Acompanha CINTA DE AIRBAG (Clock Spring) integrada de fábrica. Manusear com a trava central travada até o volante ser instalado.
• SEM limpador traseiro (Palio Fire com limpador traseiro e airbag usa Kostal 10102852).
• SEM função TRIP no painel.
• NÃO SERVE EM GRAND SIENA (plataforma 326).
• Recomendamos comparar o código gravado na sua peça com os códigos informados abaixo.
• Em caso de dúvidas sobre ano/versão, pergunte no campo abaixo antes de comprar!


⚙️ ESPECIFICAÇÕES TÉCNICAS
• Fabricante: Kostal
• Código da Peça: 10102849
• Código Original (OEM): 100214467, 100216543, 100234551
• Códigos Similares: Marília IM12849, Diretec DTC1849, Ospina 042849
• Voltagem: 12V
• Funcoes Integradas: CINTA DE AIRBAG (Clock Spring / Hardwire) Integrada de fábrica, Acionamento de buzina no volante e bolsa de airbag do motorista, Comando de seta com retorno automático e faróis alto/baixo, Limpador de para-brisa dianteiro com temporizador, Pisca-alerta na carcaça, SEM limpador traseiro
• Dimensoes Aprox Cm: 26 x 16 x 11
• Peso Gramas: 490
• Padrao Fabricacao: Padrão Original Kostal com Segurança Ativa Airbag
• Condição: Produto 100% novo, lacrado na embalagem original


📦 CONTEÚDO & GARANTIA
• 01 Chave de Seta com Cinta de Airbag Fiat Palio Fire Way Fiorino Siena EL Strada Kostal 10102849 (Kostal 10102849)
• Acompanha Nota Fiscal Eletrônica (PF e PJ)
• Garantia de 6 meses contra defeitos de fabricação


❓ DÚVIDAS FREQUENTES
• Pronta Entrega: Sim, todos os produtos anunciados estão em estoque físico para envio imediato.
• Frete e Prazo: Calculados automaticamente pelo Mercado Envios digitando seu CEP no anúncio.
• Instalação: Recomendamos que a montagem seja feita por profissional especializado.


🛡️ BUSK Peças — Qualidade, Agilidade & Confiança"
SKU-043-KOS-10102852;Chave Seta c/ Airbag e Traseiro Palio Fire Kostal 10102852;779.90;1;Novo;Kostal;10102852;100216544, 100234552;6;Garantia do vendedor;"🚗 APLICAÇÃO VEICULAR
Confira os modelos e anos compatíveis:

• Fiat Palio Fire / Way (Fire / Way) — Motor 1.0 8V Fire Flex Flex (2014 a 2017)


⚠️ ALERTAS DE COMPATIBILIDADE
• Não compatível com modelos sem airbag de fábrica.
• Recomendamos comparar o código gravado na sua peça com os códigos informados abaixo.
• Em caso de dúvidas sobre ano/versão, pergunte no campo abaixo antes de comprar!


⚙️ ESPECIFICAÇÕES TÉCNICAS
• Fabricante: Kostal
• Código da Peça: 10102852
• Código Original (OEM): 100216544, 100234552
• Códigos Similares: Marília IM12852, Diretec DTC1852, Ospina 042852
• Voltagem: 12V
• Funcoes Integradas: CINTA DE AIRBAG (Clock Spring) Integrada para bolsa do motorista e buzina, Limpador de para-brisa dianteiro e traseiro, Interruptor de desembaçador traseiro, Comando de seta e faróis alto/baixo, Pisca-alerta integrado na carcaça
• Dimensoes Aprox Cm: 26 x 16 x 11
• Peso Gramas: 510
• Padrao Fabricacao: Padrão Original Kostal com Segurança Ativa Airbag
• Condição: Produto 100% novo, lacrado na embalagem original


📦 CONTEÚDO & GARANTIA
• 01 Chave de Seta com Cinta de Airbag e Limpador Traseiro Fiat Palio Fire Kostal 10102852 (Kostal 10102852)
• Acompanha Nota Fiscal Eletrônica (PF e PJ)
• Garantia de 6 meses contra defeitos de fabricação


❓ DÚVIDAS FREQUENTES
• Pronta Entrega: Sim, todos os produtos anunciados estão em estoque físico para envio imediato.
• Frete e Prazo: Calculados automaticamente pelo Mercado Envios digitando seu CEP no anúncio.
• Instalação: Recomendamos que a montagem seja feita por profissional especializado.


🛡️ BUSK Peças — Qualidade, Agilidade & Confiança"
SKU-044-DIR-DTC1027;Chave Seta Kombi c/ Temporizador Diretec DTC1027;209.90;1;Novo;Diretec;DTC1027;2379535051, 237.953.505.1;6;Garantia do vendedor;"🚗 APLICAÇÃO VEICULAR
Confira os modelos e anos compatíveis:

• Volkswagen Kombi (Clipper / Carat / Standard / Furgão / Pick-up / Escolar / Last Edition) — Motor 1.6 Boxer a Ar (Injeção Eletrônica) / 1.4 Total Flex (EA111) Gasolina / Álcool / Flex (1995 a 2014)


⚠️ ALERTAS DE COMPATIBILIDADE
• Não serve em Kombi antiga (1976 a 1989 com esguicho pneumático no pé ou botão simples).
• Recomendamos comparar o código gravado na sua peça com os códigos informados abaixo.
• Em caso de dúvidas sobre ano/versão, pergunte no campo abaixo antes de comprar!


⚙️ ESPECIFICAÇÕES TÉCNICAS
• Fabricante: Diretec
• Código da Peça: DTC1027
• Código Original (OEM): 2379535051, 237.953.505.1
• Códigos Similares: Marília IM12085, Kostal 10003027, Ospina 042085
• Voltagem: 12V
• Funcoes Integradas: Comando de seta com retorno automático, Comutação de farol alto/baixo e lampejo, Limpador de para-brisa com temporizador e lavador (esguicho elétrico), Alavanca dupla integrada na carcaça de fixação da coluna
• Dimensoes Aprox Cm: 24 x 13 x 9
• Peso Gramas: 380
• Padrao Fabricacao: Padrão Original VW Kombi
• Condição: Produto 100% novo, lacrado na embalagem original


📦 CONTEÚDO & GARANTIA
• 01 Chave de Seta com Temporizador VW Kombi Clipper Carat Standard Flex Diretec DTC1027 (Diretec DTC1027)
• Acompanha Nota Fiscal Eletrônica (PF e PJ)
• Garantia de 6 meses contra defeitos de fabricação


❓ DÚVIDAS FREQUENTES
• Pronta Entrega: Sim, todos os produtos anunciados estão em estoque físico para envio imediato.
• Frete e Prazo: Calculados automaticamente pelo Mercado Envios digitando seu CEP no anúncio.
• Instalação: Recomendamos que a montagem seja feita por profissional especializado.


🛡️ BUSK Peças — Qualidade, Agilidade & Confiança"
SKU-045-GM-20941129;Chave Seta c/ Computador Bordo GM Cruze 20941129;184.90;1;Novo;GM Chevrolet;20941129;20941129, 13303882, 13303883;12;Garantia do vendedor;"🚗 APLICAÇÃO VEICULAR
Confira os modelos e anos compatíveis:

• Chevrolet Cruze (LT / LTZ / Sport6 (Hatch e Sedan)) — Motor 1.8 16V Ecotec Flex Flex (2011 a 2016)


⚠️ ALERTAS DE COMPATIBILIDADE
• Não compatível com Cruze Turbo 1.4 (Geração 2 a partir de 2017).
• Recomendamos comparar o código gravado na sua peça com os códigos informados abaixo.
• Em caso de dúvidas sobre ano/versão, pergunte no campo abaixo antes de comprar!


⚙️ ESPECIFICAÇÕES TÉCNICAS
• Fabricante: GM Chevrolet
• Código da Peça: 20941129
• Código Original (OEM): 20941129, 13303882, 13303883
• Códigos Similares: Kostal GM20941129, Delphi GM20941
• Voltagem: 12V (Rede CAN Multiplexada)
• Funcoes Integradas: Comando de seta com função One-Touch (3 piscadas para ultrapassagem), Controle do Computador de Bordo (Menu, Rolagem e Botão Set/Clr), Farol alto, farol baixo e lampejador, Acionamento de farol de neblina dianteiro e lanterna de neblina traseira
• Dimensoes Aprox Cm: 21 x 7 x 5
• Peso Gramas: 180
• Padrao Fabricacao: Original Genuíno General Motors
• Condição: Produto 100% novo, lacrado na embalagem original


📦 CONTEÚDO & GARANTIA
• 01 Chave de Seta com Computador de Bordo Original GM Chevrolet Cruze LT LTZ 20941129 (GM Chevrolet 20941129)
• Acompanha Nota Fiscal Eletrônica (PF e PJ)
• Garantia de 12 meses contra defeitos de fabricação


❓ DÚVIDAS FREQUENTES
• Pronta Entrega: Sim, todos os produtos anunciados estão em estoque físico para envio imediato.
• Frete e Prazo: Calculados automaticamente pelo Mercado Envios digitando seu CEP no anúncio.
• Instalação: Recomendamos que a montagem seja feita por profissional especializado.


🛡️ BUSK Peças — Qualidade, Agilidade & Confiança"
SKU-046-VW-6Q095350DK;Chave Seta Limpador VW Polo Fox I-System 6Q0953503DK;229.90;1;Novo;Volkswagen;6Q0953503DK;6Q0953503DK, 6Q0953503DK9B9, 6Q095350DK;12;Garantia do vendedor;"🚗 APLICAÇÃO VEICULAR
Confira os modelos e anos compatíveis:

• Volkswagen Fox / SpaceFox / CrossFox (Prime / Highline / Extreme) — Motor 1.6 8V EA111 Flex (2008 a 2014)
• Volkswagen Polo (Comfortline / Sportline / GT / Bluemotion (Hatch e Sedan)) — Motor 1.6 8V / 2.0 8V EA111 Gasolina / Flex (2007 a 2015)


⚠️ ALERTAS DE COMPATIBILIDADE
• Não serve em Polo sem computador de bordo.
• Recomendamos comparar o código gravado na sua peça com os códigos informados abaixo.
• Em caso de dúvidas sobre ano/versão, pergunte no campo abaixo antes de comprar!


⚙️ ESPECIFICAÇÕES TÉCNICAS
• Fabricante: Volkswagen
• Código da Peça: 6Q0953503DK
• Código Original (OEM): 6Q0953503DK, 6Q0953503DK9B9, 6Q095350DK
• Códigos Similares: Kostal 10006250, Marília IM12350, Diretec DTC1350
• Voltagem: 12V
• Funcoes Integradas: Comando de seta e faróis alto/baixo, Limpador de para-brisa dianteiro e traseiro com esguicho, Controle do Computador de Bordo I-System (Teclas Up/Down/Reset na alavanca), Botão de pisca-alerta integrado no topo da carcaça
• Dimensoes Aprox Cm: 26 x 15 x 10
• Peso Gramas: 460
• Padrao Fabricacao: Original Genuíno Volkswagen
• Condição: Produto 100% novo, lacrado na embalagem original


📦 CONTEÚDO & GARANTIA
• 01 Chave de Seta e Limpador com Trip Original VW Polo Fox SpaceFox 6Q0953503DK (Volkswagen 6Q0953503DK)
• Acompanha Nota Fiscal Eletrônica (PF e PJ)
• Garantia de 12 meses contra defeitos de fabricação


❓ DÚVIDAS FREQUENTES
• Pronta Entrega: Sim, todos os produtos anunciados estão em estoque físico para envio imediato.
• Frete e Prazo: Calculados automaticamente pelo Mercado Envios digitando seu CEP no anúncio.
• Instalação: Recomendamos que a montagem seja feita por profissional especializado.


🛡️ BUSK Peças — Qualidade, Agilidade & Confiança"
SKU-047-MAR-IM12300;Chave Seta Farol Milha Sandero Duster Marilia IM12300;409.90;1;Novo;Marília;IM12300;255405056R, 255400337R, 8201167988;6;Garantia do vendedor;"🚗 APLICAÇÃO VEICULAR
Confira os modelos e anos compatíveis:

• Renault Duster / Duster Oroch (Expression / Dynamique / Dakar / Outsider) — Motor 1.6 16V / 2.0 16V Flex (2015 a 2021)
• Renault Logan II (Expression / Dynamique / Iconic) — Motor 1.0 / 1.6 Flex Flex (2014 a 2020)
• Renault Sandero II / Stepway (Authentique / Expression / Dynamique / Stepway / RS 2.0 / GT Line) — Motor 1.0 16V D4D / 1.0 12V 3cc SCe / 1.6 8V Hi-Flex / 1.6 16V SCe / 2.0 F4R Flex (2014 a 2020)


⚠️ ALERTAS DE COMPATIBILIDADE
• Não compatível com Sandero e Logan de 1ª geração (2007 a 2013 que usam modelo com carcaça arredondada).
• Recomendamos comparar o código gravado na sua peça com os códigos informados abaixo.
• Em caso de dúvidas sobre ano/versão, pergunte no campo abaixo antes de comprar!


⚙️ ESPECIFICAÇÕES TÉCNICAS
• Fabricante: Marília
• Código da Peça: IM12300
• Código Original (OEM): 255405056R, 255400337R, 8201167988
• Códigos Similares: Diretec DTC1300, Kostec KT12300, Valeo 251682
• Voltagem: 12V
• Funcoes Integradas: Comando de seta com retorno automático, Comutação de farol alto/baixo e lanterna, Acionamento de Farol de Neblina / Milha dianteiro e traseiro, Buzina na ponta da alavanca (padrão francês Renault)
• Dimensoes Aprox Cm: 22 x 7 x 5
• Peso Gramas: 195
• Padrao Fabricacao: Padrão Original Renault Linha Marília
• Condição: Produto 100% novo, lacrado na embalagem original


📦 CONTEÚDO & GARANTIA
• 01 Chave de Seta com Farol de Milha e Buzina Renault Sandero Logan Duster Oroch Marilia IM12300 (Marília IM12300)
• Acompanha Nota Fiscal Eletrônica (PF e PJ)
• Garantia de 6 meses contra defeitos de fabricação


❓ DÚVIDAS FREQUENTES
• Pronta Entrega: Sim, todos os produtos anunciados estão em estoque físico para envio imediato.
• Frete e Prazo: Calculados automaticamente pelo Mercado Envios digitando seu CEP no anúncio.
• Instalação: Recomendamos que a montagem seja feita por profissional especializado.


🛡️ BUSK Peças — Qualidade, Agilidade & Confiança"
SKU-048-MAR-IM12088;Chave Seta Uno 1984 a 1989 Painel Satelite Marilia IM12088;199.90;1;Novo;Marília;IM12088;7506691, 5991823, 7507963;6;Garantia do vendedor;"🚗 APLICAÇÃO VEICULAR
Confira os modelos e anos compatíveis:

• Fiat Elba (S / CS / CSL) — Motor 1.3 / 1.5 Gasolina / Álcool (1985 a 1989)
• Fiat Fiorino (Furgão / Pick-up / City) — Motor 1.3 / 1.5 Gasolina / Álcool (1985 a 1989)
• Fiat Prêmio (S / CS / CSL) — Motor 1.3 / 1.5 Gasolina / Álcool (1985 a 1989)
• Fiat Uno (S / CS / SX / 1.5R / Top) — Motor 1.050 / 1.3 / 1.5 Fiasa e Sevel Gasolina / Álcool (1984 a 1989)


⚠️ ALERTAS DE COMPATIBILIDADE
• Não serve em Uno de 1991 em diante com painel moderno.
• Recomendamos comparar o código gravado na sua peça com os códigos informados abaixo.
• Em caso de dúvidas sobre ano/versão, pergunte no campo abaixo antes de comprar!


⚙️ ESPECIFICAÇÕES TÉCNICAS
• Fabricante: Marília
• Código da Peça: IM12088
• Código Original (OEM): 7506691, 5991823, 7507963
• Códigos Similares: Diretec DTC1088, Ospina 042088, Kostal 1405088
• Voltagem: 12V
• Funcoes Integradas: Comando de seta com retorno mecânico, Farol alto/baixo e lampejo, Limpador de para-brisa dianteiro de 2 velocidades, Buzina na ponta da alavanca esquerda, Fixação por abraçadeira na coluna de direção clássica
• Dimensoes Aprox Cm: 23 x 13 x 8
• Peso Gramas: 330
• Padrao Fabricacao: Padrão Original Fiat Clássico Linha Marília
• Condição: Produto 100% novo, lacrado na embalagem original


📦 CONTEÚDO & GARANTIA
• 01 Chave de Seta com Buzina Fiat Uno Premio Elba Fiorino 1984 a 1989 Marilia IM12088 (Marília IM12088)
• Acompanha Nota Fiscal Eletrônica (PF e PJ)
• Garantia de 6 meses contra defeitos de fabricação


❓ DÚVIDAS FREQUENTES
• Pronta Entrega: Sim, todos os produtos anunciados estão em estoque físico para envio imediato.
• Frete e Prazo: Calculados automaticamente pelo Mercado Envios digitando seu CEP no anúncio.
• Instalação: Recomendamos que a montagem seja feita por profissional especializado.


🛡️ BUSK Peças — Qualidade, Agilidade & Confiança"
SKU-049-OSP-042083;Chave Seta Kombi Clipper 1990 a 1994 Ospina 042083;249.90;1;Novo;Ospina;042083;2319535054, 231.953.505.4;6;Garantia do vendedor;"🚗 APLICAÇÃO VEICULAR
Confira os modelos e anos compatíveis:

• Volkswagen Kombi (Clipper / Luxo / Furgão / Pick-up / Standard) — Motor 1.6 Boxer Refrigerado a Ar (Carburador Simples e Duplo) Gasolina / Álcool (1990 a 1994)


⚠️ ALERTAS DE COMPATIBILIDADE
• Não serve em Kombi 1995 em diante com chave modelo moderno (DTC1027).
• Recomendamos comparar o código gravado na sua peça com os códigos informados abaixo.
• Em caso de dúvidas sobre ano/versão, pergunte no campo abaixo antes de comprar!


⚙️ ESPECIFICAÇÕES TÉCNICAS
• Fabricante: Ospina
• Código da Peça: 042083
• Código Original (OEM): 2319535054, 231.953.505.4
• Códigos Similares: Marília IM12084, Diretec DTC1083, Kostal 10003083
• Voltagem: 12V
• Funcoes Integradas: Comando de seta com retorno mecânico automático, Comutador de farol alto/baixo e lampejador, Comando do limpador de para-brisa dianteiro e acionamento do lavador elétrico
• Dimensoes Aprox Cm: 24 x 13 x 9
• Peso Gramas: 370
• Padrao Fabricacao: Padrão Original VW Kombi Clipper
• Condição: Produto 100% novo, lacrado na embalagem original


📦 CONTEÚDO & GARANTIA
• 01 Chave de Seta com Limpador e Lampejo VW Kombi 1990 a 1994 Ospina 042083 (Ospina 042083)
• Acompanha Nota Fiscal Eletrônica (PF e PJ)
• Garantia de 6 meses contra defeitos de fabricação


❓ DÚVIDAS FREQUENTES
• Pronta Entrega: Sim, todos os produtos anunciados estão em estoque físico para envio imediato.
• Frete e Prazo: Calculados automaticamente pelo Mercado Envios digitando seu CEP no anúncio.
• Instalação: Recomendamos que a montagem seja feita por profissional especializado.


🛡️ BUSK Peças — Qualidade, Agilidade & Confiança"
SKU-050-TSA-010107;Sensor Boia Nivel Palio Weekend TSA T-010107;279.90;1;Novo;TSA;T-010107;7082736, 46523406;6;Garantia do vendedor;"🚗 APLICAÇÃO VEICULAR
Confira os modelos e anos compatíveis:

• Fiat Palio Weekend (ELX / EX / Stile / Adventure) — Motor 1.0 16V / 1.3 16V Fire / 1.5 8V / 1.6 16V Torque Gasolina / Álcool (2001 a 2004)


⚠️ ALERTAS DE COMPATIBILIDADE
• Compatível apenas com conjunto de bomba de combustível da marca Marwal (não serve no conjunto Bosch).
• Recomendamos comparar o código gravado na sua peça com os códigos informados abaixo.
• Em caso de dúvidas sobre ano/versão, pergunte no campo abaixo antes de comprar!


⚙️ ESPECIFICAÇÕES TÉCNICAS
• Fabricante: TSA
• Código da Peça: T-010107
• Código Original (OEM): 7082736, 46523406
• Códigos Similares: DS 2307, VP 8836, Indiel 010107, Short Code 010107
• Valor Ohmico Cheio: 60 a 66 Ohms
• Valor Ohmico Meio: 162 a 172 Ohms
• Valor Ohmico Vazio: 355 a 371 Ohms
• Sistema Bomba: Compatível exclusivamente com conjunto de bomba Marwal
• Material: Placa cerâmica com filme espesso de prata/paládio e haste em aço inoxidável
• Dimensoes Aprox Cm: 20 x 8 x 6
• Peso Gramas: 140
• Padrao Fabricacao: Padrão Original TSA do Brasil / ISO 9001
• Condição: Produto 100% novo, lacrado na embalagem original


📦 CONTEÚDO & GARANTIA
• 01 Sensor Boia de Nivel de Combustivel Fiat Palio Weekend 2001 a 2004 TSA T-010107 (TSA T-010107)
• Acompanha Nota Fiscal Eletrônica (PF e PJ)
• Garantia de 6 meses contra defeitos de fabricação


❓ DÚVIDAS FREQUENTES
• Pronta Entrega: Sim, todos os produtos anunciados estão em estoque físico para envio imediato.
• Frete e Prazo: Calculados automaticamente pelo Mercado Envios digitando seu CEP no anúncio.
• Instalação: Recomendamos que a montagem seja feita por profissional especializado.


🛡️ BUSK Peças — Qualidade, Agilidade & Confiança"
SKU-051-DNI-DNI0342;Rele Ar Condicionado Gol Santana Fox DNI DNI0342;299.90;1;Novo;DNI;DNI0342;377959143, 377.959.143, 547959143, 191959143;6;Garantia do vendedor;"🚗 APLICAÇÃO VEICULAR
Confira os modelos e anos compatíveis:

• Ford Escort / Verona (GL / GLX / Ghia / XR3) — Motor 1.6 / 1.8 / 2.0 AP Gasolina / Álcool (1993 a 1996)
• Ford Versailles / Royale (GL / Ghia) — Motor 1.8 / 2.0 AP Gasolina / Álcool (1995 a 1996)
• Volkswagen Fox / Polo / Golf (Plus / Route / Sportline / G4) — Motor 1.0 / 1.6 / 2.0 Gasolina / Flex (1999 a 2012)
• Volkswagen Gol / Parati / Saveiro (CL / GL / GLi / GLS / GTI / TSi / Atlanta / Rolling Stones (G2 Bolinha, G3, G4)) — Motor 1.0 / 1.6 / 1.8 / 2.0 AP e MI Gasolina / Álcool / Flex (1995 a 2008)
• Volkswagen Santana / Quantum (GLi / GLS / Exclusiv / Evidence) — Motor 1.8 / 2.0 AP Mi Gasolina / Álcool (1996 a 2006)


⚠️ ALERTAS DE COMPATIBILIDADE
• Verifique a pinagem na caixa de fusíveis: modelo de 8 terminais tipo espada.
• Recomendamos comparar o código gravado na sua peça com os códigos informados abaixo.
• Em caso de dúvidas sobre ano/versão, pergunte no campo abaixo antes de comprar!


⚙️ ESPECIFICAÇÕES TÉCNICAS
• Fabricante: DNI
• Código da Peça: DNI0342
• Código Original (OEM): 377959143, 377.959.143, 547959143, 191959143
• Códigos Similares: DNI 0342, Marília IM13342, Siemens V23134, Carto 0342
• Voltagem: 12V
• Corrente Amperes: 25A
• Terminais: 8 Terminais (Pinos chatos tipo espada numerados 1 a 8)
• Funcao: Módulo eletrônico temporizador e acoplador do compressor e ventilador do ar-condicionado
• Material: Carcaça em polímero antichamas e bobina em cobre nobre
• Dimensoes Aprox Cm: 5 x 4 x 3
• Peso Gramas: 65
• Padrao Fabricacao: Padrão Original DNI Brasil / ISO 9001
• Condição: Produto 100% novo, lacrado na embalagem original


📦 CONTEÚDO & GARANTIA
• 01 Rele de Comando do Ar Condicionado 12V 25A 8 Terminais VW Gol Santana Fox Polo Ford Versailles DNI DNI0342 (DNI DNI0342)
• Acompanha Nota Fiscal Eletrônica (PF e PJ)
• Garantia de 6 meses contra defeitos de fabricação


❓ DÚVIDAS FREQUENTES
• Pronta Entrega: Sim, todos os produtos anunciados estão em estoque físico para envio imediato.
• Frete e Prazo: Calculados automaticamente pelo Mercado Envios digitando seu CEP no anúncio.
• Instalação: Recomendamos que a montagem seja feita por profissional especializado.


🛡️ BUSK Peças — Qualidade, Agilidade & Confiança"
SKU-052-ART-160818;Farol Astra 2003 a 2012 Foco Duplo LD Cromado Arteb 160818;680.00;1;Novo;Arteb;160818;93356076, 93356078;6;Garantia do vendedor;"🚗 APLICAÇÃO VEICULAR
Confira os modelos e anos compatíveis:

• Chevrolet Astra Hatch (Advantage / Elegance / Elite / SS) — Motor 2.0 8V / 2.0 16V Flexpower Flex (2003 a 2012)
• Chevrolet Astra Sedan (Comfort / Elegance / Elite / Advantage) — Motor 1.8 8V / 2.0 8V Flexpower Flex (2003 a 2011)


⚠️ ALERTAS DE COMPATIBILIDADE
• Exclusivo para o Lado Direito (Passageiro).
• Não serve no Astra modelo antigo (1998 a 2002).
• Lâmpadas não inclusas.
• Recomendamos comparar o código gravado na sua peça com os códigos informados abaixo.
• Em caso de dúvidas sobre ano/versão, pergunte no campo abaixo antes de comprar!


⚙️ ESPECIFICAÇÕES TÉCNICAS
• Fabricante: Arteb
• Código da Peça: 160818
• Código Original (OEM): 93356076, 93356078
• Códigos Similares: Orgus FA-181D, Depo 215-1178R, TYC 20-6539-05-2
• Tipo Foco: Foco Duplo (H7 Baixo / H1 Alto)
• Cor Mascara: Cromada Clássica
• Material Lente: Policarbonato com proteção UV anti-amarelamento
• Material Carcaca: Polipropileno reforçado de alta resistência
• Regulagem: Manual com suporte para regulagem elétrica
• Encaixe Lampadas: H7 (Baixo) / H1 (Alto) / W5W (Meia Luz) / PY21W (Pisca)
• Condição: Produto 100% novo, lacrado na embalagem original


📦 CONTEÚDO & GARANTIA
• 01 Farol Chevrolet Astra Máscara Cromada Foco Duplo Lado Direito Arteb 160818 (Arteb 160818)
• Acompanha Nota Fiscal Eletrônica (PF e PJ)
• Garantia de 6 meses contra defeitos de fabricação


❓ DÚVIDAS FREQUENTES
• Pronta Entrega: Sim, todos os produtos anunciados estão em estoque físico para envio imediato.
• Frete e Prazo: Calculados automaticamente pelo Mercado Envios digitando seu CEP no anúncio.
• Instalação: Recomendamos que a montagem seja feita por profissional especializado.


🛡️ BUSK Peças — Qualidade, Agilidade & Confiança"
SKU-053-FOR-FORT266SL;Farol Milha Gol Parati Saveiro G3 Vidro LD Fortluz FORT266SL;100.00;1;Novo;Fortluz;FORT266SL;5X0941699, 377941700;3;Garantia do vendedor;"🚗 APLICAÇÃO VEICULAR
Confira os modelos e anos compatíveis:

• Volkswagen Gol G3 (Todas as versões c/ para-choque esportivo) — Motor 1.0 / 1.6 / 1.8 / 2.0 8V/16V Gasolina / Flex (2000 a 2005)
• Volkswagen Parati G3 (Touring / Crossover / Track&Field) — Motor 1.6 / 1.8 / 2.0 Gasolina / Flex (2000 a 2005)
• Volkswagen Saveiro G3 (SuperSurf / Fun / Crossover) — Motor 1.6 / 1.8 / 2.0 Gasolina / Flex (2000 a 2005)


⚠️ ALERTAS DE COMPATIBILIDADE
• Lente em vidro resistente a pedriscos.
• Lado Direito (Passageiro).
• Apenas para para-choques com moldura redonda de milha Gol G3.
• Recomendamos comparar o código gravado na sua peça com os códigos informados abaixo.
• Em caso de dúvidas sobre ano/versão, pergunte no campo abaixo antes de comprar!


⚙️ ESPECIFICAÇÕES TÉCNICAS
• Fabricante: Fortluz
• Código da Peça: FORT266SL
• Código Original (OEM): 5X0941699, 377941700
• Códigos Similares: Orgus FG-266D, Arteb 160266, RCD 266SL
• Tipo Foco: Foco Simples Lente Lisa
• Material Lente: Vidro temperado de alta transparência
• Material Carcaca: Plástico injetado termorresistente
• Encaixe Lampada: H3 12V 55W
• Condição: Produto 100% novo, lacrado na embalagem original


📦 CONTEÚDO & GARANTIA
• 01 Farol de Milha Auxiliar Gol G3 Parati Saveiro Lado Direito Fortluz FORT266SL (Fortluz FORT266SL)
• Acompanha Nota Fiscal Eletrônica (PF e PJ)
• Garantia de 3 meses contra defeitos de fabricação


❓ DÚVIDAS FREQUENTES
• Pronta Entrega: Sim, todos os produtos anunciados estão em estoque físico para envio imediato.
• Frete e Prazo: Calculados automaticamente pelo Mercado Envios digitando seu CEP no anúncio.
• Instalação: Recomendamos que a montagem seja feita por profissional especializado.


🛡️ BUSK Peças — Qualidade, Agilidade & Confiança"
SKU-054-FOR-FL267E;Farol Milha Gol Parati Saveiro G3 Vidro LE Fortluz FL267E;100.00;1;Novo;Fortluz;FL267E;5X0941700, 377941699;3;Garantia do vendedor;"🚗 APLICAÇÃO VEICULAR
Confira os modelos e anos compatíveis:

• Volkswagen Gol G3 (GTI / Sport / Power / Plus) — Motor 1.0 / 1.6 / 1.8 / 2.0 Gasolina / Flex (2000 a 2005)
• Volkswagen Parati G3 (Todas as versões) — Motor 1.6 / 1.8 / 2.0 Gasolina / Flex (2000 a 2005)
• Volkswagen Saveiro G3 (Todas as versões) — Motor 1.6 / 1.8 / 2.0 Gasolina / Flex (2000 a 2005)


⚠️ ALERTAS DE COMPATIBILIDADE
• Exclusivo para o Lado Esquerdo (Motorista).
• Lente em vidro autêntico.
• Recomendamos comparar o código gravado na sua peça com os códigos informados abaixo.
• Em caso de dúvidas sobre ano/versão, pergunte no campo abaixo antes de comprar!


⚙️ ESPECIFICAÇÕES TÉCNICAS
• Fabricante: Fortluz
• Código da Peça: FL267E
• Código Original (OEM): 5X0941700, 377941699
• Códigos Similares: Orgus FG-267E, Arteb 160267, Microluz MSL260202L
• Tipo Foco: Foco Simples Lente Lisa
• Material Lente: Vidro temperado reforçado
• Material Carcaca: Plástico injetado termorresistente
• Encaixe Lampada: H3 12V 55W
• Condição: Produto 100% novo, lacrado na embalagem original


📦 CONTEÚDO & GARANTIA
• 01 Farol de Milha Auxiliar Volkswagen Gol Parati Saveiro G3 Lado Esquerdo Fortluz FL267E (Fortluz FL267E)
• Acompanha Nota Fiscal Eletrônica (PF e PJ)
• Garantia de 3 meses contra defeitos de fabricação


❓ DÚVIDAS FREQUENTES
• Pronta Entrega: Sim, todos os produtos anunciados estão em estoque físico para envio imediato.
• Frete e Prazo: Calculados automaticamente pelo Mercado Envios digitando seu CEP no anúncio.
• Instalação: Recomendamos que a montagem seja feita por profissional especializado.


🛡️ BUSK Peças — Qualidade, Agilidade & Confiança"
SKU-055-MIC-MSL260202L;Farol Milha Gol Saveiro G3 Vidro LE Microluz MSL260202L;120.00;1;Novo;Microluz;MSL260202L;5X0941700A, 377941699B;3;Garantia do vendedor;"🚗 APLICAÇÃO VEICULAR
Confira os modelos e anos compatíveis:

• Volkswagen Gol G3 (Todas) — Motor 1.0 a 2.0 Flex/Gasolina (2000 a 2005)
• Volkswagen Parati G3 (Touring / Crossover / Track&Field) — Motor 1.6 / 1.8 / 2.0 Gasolina / Flex (2000 a 2005)
• Volkswagen Saveiro G3 (SuperSurf / Fun / Crossover) — Motor 1.6 / 1.8 / 2.0 Gasolina / Flex (2000 a 2005)


⚠️ ALERTAS DE COMPATIBILIDADE
• Lado Esquerdo (Motorista).
• Lente de Vidro.
• Recomendamos comparar o código gravado na sua peça com os códigos informados abaixo.
• Em caso de dúvidas sobre ano/versão, pergunte no campo abaixo antes de comprar!


⚙️ ESPECIFICAÇÕES TÉCNICAS
• Fabricante: Microluz
• Código da Peça: MSL260202L
• Código Original (OEM): 5X0941700A, 377941699B
• Códigos Similares: Fortluz FL267E, Orgus FG-267, Arteb 160267
• Material Lente: Vidro temperado
• Encaixe Lampada: H3
• Voltagem: 12V
• Condição: Produto 100% novo, lacrado na embalagem original


📦 CONTEÚDO & GARANTIA
• 01 Farol de Milha VW Gol Parati Saveiro G3 Lado Esquerdo Microluz MSL260202L (Microluz MSL260202L)
• Acompanha Nota Fiscal Eletrônica (PF e PJ)
• Garantia de 3 meses contra defeitos de fabricação


❓ DÚVIDAS FREQUENTES
• Pronta Entrega: Sim, todos os produtos anunciados estão em estoque físico para envio imediato.
• Frete e Prazo: Calculados automaticamente pelo Mercado Envios digitando seu CEP no anúncio.
• Instalação: Recomendamos que a montagem seja feita por profissional especializado.


🛡️ BUSK Peças — Qualidade, Agilidade & Confiança"
SKU-056-ORG-MG30095R;Farol Celta Prisma 2006 a 2015 Masc Negra LD Orgus MG30095R;180.00;1;Novo;Orgus / Megavox;MG30095R;93356880, 94749138;3;Garantia do vendedor;"🚗 APLICAÇÃO VEICULAR
Confira os modelos e anos compatíveis:

• Chevrolet Celta (Life / Spirit / Super / Energy) — Motor 1.0 / 1.4 8V Gasolina / Flex (2006 a 2015)
• Chevrolet Prisma (Joy / Maxx) — Motor 1.0 / 1.4 8V Flex (2006 a 2012)


⚠️ ALERTAS DE COMPATIBILIDADE
• Máscara Negra esportiva.
• Lado Direito (Passageiro).
• Recomendamos comparar o código gravado na sua peça com os códigos informados abaixo.
• Em caso de dúvidas sobre ano/versão, pergunte no campo abaixo antes de comprar!


⚙️ ESPECIFICAÇÕES TÉCNICAS
• Fabricante: Orgus / Megavox
• Código da Peça: MG30095R
• Código Original (OEM): 93356880, 94749138
• Códigos Similares: Arteb 160662, Depo 215-1194R-ND-B, Fitam 21092D
• Tipo Foco: Foco Simples com Máscara Negra Esportiva
• Material Lente: Acrílico / Policarbonato
• Encaixe Lampada: H4
• Condição: Produto 100% novo, lacrado na embalagem original


📦 CONTEÚDO & GARANTIA
• 01 Farol Chevrolet Celta Máscara Negra Foco Simples Lado Direito Orgus MG30095R (Orgus / Megavox MG30095R)
• Acompanha Nota Fiscal Eletrônica (PF e PJ)
• Garantia de 3 meses contra defeitos de fabricação


❓ DÚVIDAS FREQUENTES
• Pronta Entrega: Sim, todos os produtos anunciados estão em estoque físico para envio imediato.
• Frete e Prazo: Calculados automaticamente pelo Mercado Envios digitando seu CEP no anúncio.
• Instalação: Recomendamos que a montagem seja feita por profissional especializado.


🛡️ BUSK Peças — Qualidade, Agilidade & Confiança"
SKU-057-ART-160392;Farol Celta 2000 a 2006 Mascara Cromada LD Arteb 160392;250.00;1;Novo;Arteb;160392;93356878, 93282246;6;Garantia do vendedor;"🚗 APLICAÇÃO VEICULAR
Confira os modelos e anos compatíveis:

• Chevrolet Celta (Life / Spirit / Super) — Motor 1.0 8V / 1.4 8V VHC Gasolina / Flex (2000 a 2006)


⚠️ ALERTAS DE COMPATIBILIDADE
• LADO DIREITO (PASSAGEIRO): Farol dianteiro exclusivo do lado direito.
• EXCLUSIVO CELTA G1 (2000 A 2006): NÃO serve no Celta G2 Frente Nova (2007 a 2015).
• NÃO SERVE NO PRISMA: O Chevrolet Prisma utiliza o farol do Celta G2 (2007 a 2012), incompatível com este modelo.
• LÂMPADAS: Utiliza lâmpada H4 no farol principal (lâmpadas não inclusas).
• Recomendamos comparar o código gravado na sua peça com os códigos informados abaixo.
• Em caso de dúvidas sobre ano/versão, pergunte no campo abaixo antes de comprar!


⚙️ ESPECIFICAÇÕES TÉCNICAS
• Fabricante: Arteb
• Código da Peça: 160392
• Código Original (OEM): 93356878, 93282246
• Códigos Similares: Orgus FA-135D, Fitam 21080D, Depo 215-1175R
• Configuração De Foco: Foco Simples Parabólico (Lâmpada H4 Farol Baixo e Alto)
• Acabamento Da Máscara: Máscara Cromada de Alta Refletividade
• Material Da Lente: Policarbonato Óptico com Tratamento Anti-UV
• Material Da Carcaça: Polipropileno Reforçado Termorresistente
• Sistema De Regulagem: Manual
• Encaixe De Lâmpadas: H4 (Farol Principal) / W5W (Lanterna/Pingo) / PY21W (Pisca)
• Padrão De Fabricação: Padrão Original Arteb (Fornecedor Homologado Linha de Montagem GM)
• Condição: Produto 100% novo, lacrado na embalagem original


📦 CONTEÚDO & GARANTIA
• 01 Farol Chevrolet Celta Máscara Cromada Lado Direito Arteb 160392 (Arteb 160392)
• Acompanha Nota Fiscal Eletrônica (PF e PJ)
• Garantia de 6 meses contra defeitos de fabricação


❓ DÚVIDAS FREQUENTES
• Pronta Entrega: Sim, todos os produtos anunciados estão em estoque físico para envio imediato.
• Frete e Prazo: Calculados automaticamente pelo Mercado Envios digitando seu CEP no anúncio.
• Instalação: Recomendamos que a montagem seja feita por profissional especializado.


🛡️ BUSK Peças — Qualidade, Agilidade & Confiança"
SKU-058-ART-160662;Farol Celta 2007 a 2015 Prisma Masc Negra LD Arteb 160662;380.00;1;Novo;Arteb;160662;94749138, 93356880;6;Garantia do vendedor;"🚗 APLICAÇÃO VEICULAR
Confira os modelos e anos compatíveis:

• Chevrolet Celta (Life / Spirit / Super / LT / Advantage) — Motor 1.0 8V / 1.4 8V VHCE Flex (2007 a 2015)
• Chevrolet Prisma (Joy / Maxx / LT) — Motor 1.0 8V / 1.4 8V Econoflex Flex (2007 a 2012)


⚠️ ALERTAS DE COMPATIBILIDADE
• LADO DIREITO (PASSAGEIRO): Farol dianteiro exclusivo do lado direito.
• EXCLUSIVO CELTA G2 E PRISMA G1 (2007 A 2015): Aplica-se ao Celta G2 (2007 a 2015) e Prisma G1 (2007 a 2012).
• NÃO SERVE NO CELTA G1 (2000 A 2006): Carcaça e encaixes ópticos totalmente diferentes do modelo antigo.
• NÃO SERVE NO PRISMA G2 (ONIX): Não serve no Prisma geração 2 derivado do Onix (2013 em diante).
• Recomendamos comparar o código gravado na sua peça com os códigos informados abaixo.
• Em caso de dúvidas sobre ano/versão, pergunte no campo abaixo antes de comprar!


⚙️ ESPECIFICAÇÕES TÉCNICAS
• Fabricante: Arteb
• Código da Peça: 160662
• Código Original (OEM): 94749138, 93356880
• Códigos Similares: Orgus FA-146D, Fitam 21090D, Depo 215-1191R
• Configuração De Foco: Foco Simples Parabólico (Lâmpada H4 Farol Baixo e Alto)
• Acabamento Da Máscara: Máscara Negra Esportiva Original (Dark / Black)
• Material Da Lente: Policarbonato Óptico com Tratamento Anti-UV
• Material Da Carcaça: Polipropileno Reforçado Termorresistente
• Sistema De Regulagem: Manual
• Encaixe De Lâmpadas: H4 (Farol Principal) / W5W (Lanterna) / PY21W (Pisca)
• Padrão De Fabricação: Padrão Original Arteb (Fornecedor Homologado GM)
• Condição: Produto 100% novo, lacrado na embalagem original


📦 CONTEÚDO & GARANTIA
• 01 Farol Chevrolet Celta e Prisma Máscara Negra Lado Direito Arteb 160662 (Arteb 160662)
• Acompanha Nota Fiscal Eletrônica (PF e PJ)
• Garantia de 6 meses contra defeitos de fabricação


❓ DÚVIDAS FREQUENTES
• Pronta Entrega: Sim, todos os produtos anunciados estão em estoque físico para envio imediato.
• Frete e Prazo: Calculados automaticamente pelo Mercado Envios digitando seu CEP no anúncio.
• Instalação: Recomendamos que a montagem seja feita por profissional especializado.


🛡️ BUSK Peças — Qualidade, Agilidade & Confiança"
SKU-059-ART-160391;Farol Celta 2000 a 2006 Mascara Cromada LE Arteb 160391;250.00;1;Novo;Arteb;160391;93356877, 93282245;6;Garantia do vendedor;"🚗 APLICAÇÃO VEICULAR
Confira os modelos e anos compatíveis:

• Chevrolet Celta (Life / Spirit / Super) — Motor 1.0 8V / 1.4 8V VHC Gasolina / Flex (2000 a 2006)


⚠️ ALERTAS DE COMPATIBILIDADE
• LADO ESQUERDO (MOTORISTA): Farol dianteiro exclusivo do lado esquerdo.
• EXCLUSIVO CELTA G1 (2000 A 2006): NÃO serve no Celta G2 Frente Nova (2007 a 2015).
• NÃO SERVE NO PRISMA: O Prisma utiliza o farol do Celta G2, incompatível com este modelo.
• LÂMPADAS: Utiliza lâmpada H4 no farol principal (lâmpadas não inclusas).
• Recomendamos comparar o código gravado na sua peça com os códigos informados abaixo.
• Em caso de dúvidas sobre ano/versão, pergunte no campo abaixo antes de comprar!


⚙️ ESPECIFICAÇÕES TÉCNICAS
• Fabricante: Arteb
• Código da Peça: 160391
• Código Original (OEM): 93356877, 93282245
• Códigos Similares: Orgus FA-135E, Fitam 21080E, Depo 215-1175L
• Configuração De Foco: Foco Simples Parabólico (Lâmpada H4 Farol Baixo e Alto)
• Acabamento Da Máscara: Máscara Cromada Tradicional
• Material Da Lente: Policarbonato Óptico com Tratamento Anti-UV
• Material Da Carcaça: Polipropileno Reforçado Termorresistente
• Sistema De Regulagem: Manual
• Encaixe De Lâmpadas: H4 (Farol Principal) / W5W (Lanterna) / PY21W (Pisca)
• Padrão De Fabricação: Padrão Original Arteb (Fornecedor Homologado Linha de Montagem GM)
• Condição: Produto 100% novo, lacrado na embalagem original


📦 CONTEÚDO & GARANTIA
• 01 Farol Chevrolet Celta Máscara Cromada Lado Esquerdo Arteb 160391 (Arteb 160391)
• Acompanha Nota Fiscal Eletrônica (PF e PJ)
• Garantia de 6 meses contra defeitos de fabricação


❓ DÚVIDAS FREQUENTES
• Pronta Entrega: Sim, todos os produtos anunciados estão em estoque físico para envio imediato.
• Frete e Prazo: Calculados automaticamente pelo Mercado Envios digitando seu CEP no anúncio.
• Instalação: Recomendamos que a montagem seja feita por profissional especializado.


🛡️ BUSK Peças — Qualidade, Agilidade & Confiança"
SKU-060-ART-160756;Farol Classic 2010 a 2016 Mascara Cromada LD Arteb 160756;350.00;1;Novo;Arteb;160756;94705574, 93382104;6;Garantia do vendedor;"🚗 APLICAÇÃO VEICULAR
Confira os modelos e anos compatíveis:

• Chevrolet Classic (LS / Life / Spirit / Advantage) — Motor 1.0 8V VHCE Flexpower Flex (2010 a 2016)


⚠️ ALERTAS DE COMPATIBILIDADE
• LADO DIREITO (PASSAGEIRO): Farol dianteiro exclusivo do lado direito.
• EXCLUSIVO CLASSIC FRENTE NOVA (2010 A 2016): Aplica-se apenas ao Classic reestilizado (grade e para-choque novos).
• NÃO SERVE NO CORSA / CLASSIC ANTIGO (1994 A 2009): O modelo antigo usa farol com lente de vidro e formato trapezoidal diferente.
• CÚPULA DEFLETORA INTERNA: Possui cúpula defletora metálica antiofuscamento original de fábrica.
• Recomendamos comparar o código gravado na sua peça com os códigos informados abaixo.
• Em caso de dúvidas sobre ano/versão, pergunte no campo abaixo antes de comprar!


⚙️ ESPECIFICAÇÕES TÉCNICAS
• Fabricante: Arteb
• Código da Peça: 160756
• Código Original (OEM): 94705574, 93382104
• Códigos Similares: Orgus FA-178D, Fitam 21096D, Depo 215-11A8R
• Configuração De Foco: Foco Simples Parabólico com Cúpula Defletora Antiofuscamento
• Acabamento Da Máscara: Máscara Cromada com Cúpula Interna Metálica
• Material Da Lente: Policarbonato Óptico Liso com Tratamento Anti-UV
• Material Da Carcaça: Polipropileno Reforçado Termorresistente
• Sistema De Regulagem: Manual
• Encaixe De Lâmpadas: H4 (Farol Baixo/Alto) / W5W (Lanterna) / PY21W (Pisca)
• Padrão De Fabricação: Padrão Original Arteb (Fornecedor Homologado Montadora GM)
• Condição: Produto 100% novo, lacrado na embalagem original


📦 CONTEÚDO & GARANTIA
• 01 Farol Chevrolet Classic Máscara Cromada com Cúpula Lado Direito Arteb 160756 (Arteb 160756)
• Acompanha Nota Fiscal Eletrônica (PF e PJ)
• Garantia de 6 meses contra defeitos de fabricação


❓ DÚVIDAS FREQUENTES
• Pronta Entrega: Sim, todos os produtos anunciados estão em estoque físico para envio imediato.
• Frete e Prazo: Calculados automaticamente pelo Mercado Envios digitando seu CEP no anúncio.
• Instalação: Recomendamos que a montagem seja feita por profissional especializado.


🛡️ BUSK Peças — Qualidade, Agilidade & Confiança"
SKU-061-ART-160755;Farol Classic 2010 a 2016 Mascara Cromada LE Arteb 160755;350.00;1;Novo;Arteb;160755;94705573, 93382103;6;Garantia do vendedor;"🚗 APLICAÇÃO VEICULAR
Confira os modelos e anos compatíveis:

• Chevrolet Classic (LS / Life / Spirit / Advantage) — Motor 1.0 8V VHCE Flexpower Flex (2010 a 2016)


⚠️ ALERTAS DE COMPATIBILIDADE
• LADO ESQUERDO (MOTORISTA): Farol dianteiro exclusivo do lado esquerdo.
• EXCLUSIVO CLASSIC FRENTE NOVA (2010 A 2016): Aplica-se apenas ao Classic reestilizado.
• NÃO SERVE NO CORSA / CLASSIC ANTIGO (1994 A 2009): Lente e carcaça incompatíveis com a frente antiga.
• CÚPULA DEFLETORA INTERNA: Possui cúpula defletora metálica antiofuscamento original de fábrica.
• Recomendamos comparar o código gravado na sua peça com os códigos informados abaixo.
• Em caso de dúvidas sobre ano/versão, pergunte no campo abaixo antes de comprar!


⚙️ ESPECIFICAÇÕES TÉCNICAS
• Fabricante: Arteb
• Código da Peça: 160755
• Código Original (OEM): 94705573, 93382103
• Códigos Similares: Orgus FA-178E, Fitam 21096E, Depo 215-11A8L
• Configuração De Foco: Foco Simples Parabólico com Cúpula Defletora Antiofuscamento
• Acabamento Da Máscara: Máscara Cromada com Cúpula Interna Metálica
• Material Da Lente: Policarbonato Óptico Liso com Tratamento Anti-UV
• Material Da Carcaça: Polipropileno Reforçado Termorresistente
• Sistema De Regulagem: Manual
• Encaixe De Lâmpadas: H4 (Farol Baixo/Alto) / W5W (Lanterna) / PY21W (Pisca)
• Padrão De Fabricação: Padrão Original Arteb (Fornecedor Homologado Montadora GM)
• Condição: Produto 100% novo, lacrado na embalagem original


📦 CONTEÚDO & GARANTIA
• 01 Farol Chevrolet Classic Máscara Cromada com Cúpula Lado Esquerdo Arteb 160755 (Arteb 160755)
• Acompanha Nota Fiscal Eletrônica (PF e PJ)
• Garantia de 6 meses contra defeitos de fabricação


❓ DÚVIDAS FREQUENTES
• Pronta Entrega: Sim, todos os produtos anunciados estão em estoque físico para envio imediato.
• Frete e Prazo: Calculados automaticamente pelo Mercado Envios digitando seu CEP no anúncio.
• Instalação: Recomendamos que a montagem seja feita por profissional especializado.


🛡️ BUSK Peças — Qualidade, Agilidade & Confiança"
SKU-062-ART-160180;Farol Corsa 94 a 02 Classic 03 a 09 Vidro LD Arteb 160180;230.00;1;Novo;Arteb;160180;93244840, 93220456;6;Garantia do vendedor;"🚗 APLICAÇÃO VEICULAR
Confira os modelos e anos compatíveis:

• Chevrolet Classic (Life / Spirit / Super) — Motor 1.0 / 1.6 8V VHC / Flexpower Gasolina / Flex (2003 a 2009)
• Chevrolet Corsa (Hatch / Sedan / Wagon / Pick-up) (Wind / GL / GLS / Super / Champ) — Motor 1.0 / 1.4 / 1.6 8V e 16V Gasolina (1994 a 2002)


⚠️ ALERTAS DE COMPATIBILIDADE
• LADO DIREITO (PASSAGEIRO): Farol dianteiro exclusivo do lado direito.
• LENTE DE VIDRO CRISTAL LEGÍTIMO: Lente em vidro estriado clássico resistente a riscos e pedriscos.
• APLICAÇÃO: Corsa Hatch/Sedan/Wagon/Pick-up (1994 a 2002) e Classic Frente Antiga (2003 a 2009).
• NÃO SERVE NO CLASSIC FRENTE NOVA (2010 A 2016): O Classic reestilizado usa farol de lente plástica.
• NÃO SERVE NO NOVO CORSA / CORSA C (2002 A 2012): Incompatível com o modelo de frente tipo Montana.
• Recomendamos comparar o código gravado na sua peça com os códigos informados abaixo.
• Em caso de dúvidas sobre ano/versão, pergunte no campo abaixo antes de comprar!


⚙️ ESPECIFICAÇÕES TÉCNICAS
• Fabricante: Arteb
• Código da Peça: 160180
• Código Original (OEM): 93244840, 93220456
• Códigos Similares: Orgus FA-130D, Fitam 21060D, Cibié 042840
• Configuração De Foco: Foco Simples Parabólico com Estrias Prismáticas na Lente
• Acabamento Da Máscara: Refletor Metalizado / Cromado de Alta Refletância
• Material Da Lente: Vidro Cristal Estriado de Alta Resistência a Riscos e Abrasão
• Material Da Carcaça: Termoplástico Injetado Reforçado
• Sistema De Regulagem: Manual
• Encaixe De Lâmpadas: H4 (Farol Baixo/Alto) / W5W (Lanterna)
• Padrão De Fabricação: Padrão Original Arteb de Montadora GM
• Condição: Produto 100% novo, lacrado na embalagem original


📦 CONTEÚDO & GARANTIA
• 01 Farol Chevrolet Corsa e Classic Lente de Vidro Lado Direito Arteb 160180 (Arteb 160180)
• Acompanha Nota Fiscal Eletrônica (PF e PJ)
• Garantia de 6 meses contra defeitos de fabricação


❓ DÚVIDAS FREQUENTES
• Pronta Entrega: Sim, todos os produtos anunciados estão em estoque físico para envio imediato.
• Frete e Prazo: Calculados automaticamente pelo Mercado Envios digitando seu CEP no anúncio.
• Instalação: Recomendamos que a montagem seja feita por profissional especializado.


🛡️ BUSK Peças — Qualidade, Agilidade & Confiança"
SKU-063-ART-160179;Farol Corsa 94 a 02 Classic 03 a 09 Vidro LE Arteb 160179;230.00;1;Novo;Arteb;160179;93244839, 93220455;6;Garantia do vendedor;"🚗 APLICAÇÃO VEICULAR
Confira os modelos e anos compatíveis:

• Chevrolet Classic (Life / Spirit / Super) — Motor 1.0 / 1.6 8V VHC / Flexpower Gasolina / Flex (2003 a 2009)
• Chevrolet Corsa (Hatch / Sedan / Wagon / Pick-up) (Wind / GL / GLS / Super / Champ) — Motor 1.0 / 1.4 / 1.6 8V e 16V Gasolina (1994 a 2002)


⚠️ ALERTAS DE COMPATIBILIDADE
• LADO ESQUERDO (MOTORISTA): Farol dianteiro exclusivo do lado esquerdo.
• LENTE DE VIDRO CRISTAL LEGÍTIMO: Lente em vidro estriado clássico que não amarela.
• APLICAÇÃO: Corsa Hatch/Sedan/Wagon/Pick-up (1994 a 2002) e Classic Frente Antiga (2003 a 2009).
• NÃO SERVE NO CLASSIC FRENTE NOVA (2010 A 2016): Incompatível com o modelo de farol plástico reestilizado.
• NÃO SERVE NO NOVO CORSA / CORSA C (2002 A 2012): Incompatível com a frente tipo Montana.
• Recomendamos comparar o código gravado na sua peça com os códigos informados abaixo.
• Em caso de dúvidas sobre ano/versão, pergunte no campo abaixo antes de comprar!


⚙️ ESPECIFICAÇÕES TÉCNICAS
• Fabricante: Arteb
• Código da Peça: 160179
• Código Original (OEM): 93244839, 93220455
• Códigos Similares: Orgus FA-130E, Fitam 21060E, Cibié 042839
• Configuração De Foco: Foco Simples Parabólico com Estrias Prismáticas na Lente
• Acabamento Da Máscara: Refletor Metalizado / Cromado de Alta Refletância
• Material Da Lente: Vidro Cristal Estriado de Alta Resistência a Riscos e Abrasão
• Material Da Carcaça: Termoplástico Injetado Reforçado
• Sistema De Regulagem: Manual
• Encaixe De Lâmpadas: H4 (Farol Baixo/Alto) / W5W (Lanterna)
• Padrão De Fabricação: Padrão Original Arteb de Montadora GM
• Condição: Produto 100% novo, lacrado na embalagem original


📦 CONTEÚDO & GARANTIA
• 01 Farol Chevrolet Corsa e Classic Lente de Vidro Lado Esquerdo Arteb 160179 (Arteb 160179)
• Acompanha Nota Fiscal Eletrônica (PF e PJ)
• Garantia de 6 meses contra defeitos de fabricação


❓ DÚVIDAS FREQUENTES
• Pronta Entrega: Sim, todos os produtos anunciados estão em estoque físico para envio imediato.
• Frete e Prazo: Calculados automaticamente pelo Mercado Envios digitando seu CEP no anúncio.
• Instalação: Recomendamos que a montagem seja feita por profissional especializado.


🛡️ BUSK Peças — Qualidade, Agilidade & Confiança"
SKU-064-ART-160711;Farol Gol G5 Voyage Saveiro Mascara Negra LE Arteb 160711;480.00;2;Novo;Arteb;160711;5U1941007B, 5U1941043C;6;Garantia do vendedor;"🚗 APLICAÇÃO VEICULAR
Confira os modelos e anos compatíveis:

• Volkswagen Gol G5 (Power / Rallye / Trend / Seleção / City) — Motor 1.0 8V / 1.6 8V EA111 Total Flex (2008 a 2012)
• Volkswagen Saveiro G5 (Cross / Trooper / Trend / CE / CD) — Motor 1.6 8V EA111 Total Flex (2009 a 2013)
• Volkswagen Voyage G5 (Comfortline / Trend / Highline) — Motor 1.0 8V / 1.6 8V EA111 Total Flex (2008 a 2012)


⚠️ ALERTAS DE COMPATIBILIDADE
• LADO ESQUERDO (MOTORISTA): Farol dianteiro exclusivo do lado esquerdo.
• FOCO DUPLO (H7 + H1): Utiliza lâmpada H7 no baixo e H1 no alto. Não serve em versões com foco simples (H4) sem adaptação no chicote.
• EXCLUSIVO GERAÇÃO 5 (2008 A 2013): Aplica-se ao Gol G5 (2008 a 2012), Voyage G5 (2008 a 2012) e Saveiro G5 (2009 a 2013).
• NÃO SERVE EM GOL G4 NEM EM GOL G6/G7: Incompatível com o Gol G4 (2006 a 2014) e com o Gol G6 (2013 a 2016).
• Recomendamos comparar o código gravado na sua peça com os códigos informados abaixo.
• Em caso de dúvidas sobre ano/versão, pergunte no campo abaixo antes de comprar!


⚙️ ESPECIFICAÇÕES TÉCNICAS
• Fabricante: Arteb
• Código da Peça: 160711
• Código Original (OEM): 5U1941007B, 5U1941043C
• Códigos Similares: Orgus FA-167E, Depo 441-1186L-ND-B, Fitam 21105E
• Configuração De Foco: Foco Duplo Parabólico Independente (H7 Farol Baixo / H1 Farol Alto)
• Acabamento Da Máscara: Máscara Negra Esportiva (Black Edition Original)
• Material Da Lente: Policarbonato Óptico com Verniz Protetor Anti-UV
• Material Da Carcaça: Polipropileno Injetado de Alta Densidade
• Sistema De Regulagem: Manual com suporte para motor elétrico de regulagem
• Encaixe De Lâmpadas: H7 (Farol Baixo) / H1 (Farol Alto) / W5W (Lanterna) / PY21W (Pisca)
• Padrão De Fabricação: Padrão Original Arteb (Fornecedor Linha de Montagem Volkswagen)
• Condição: Produto 100% novo, lacrado na embalagem original


📦 CONTEÚDO & GARANTIA
• 01 Farol Volkswagen Gol, Voyage e Saveiro G5 Máscara Negra Foco Duplo Lado Esquerdo Arteb 160711 (Arteb 160711)
• Acompanha Nota Fiscal Eletrônica (PF e PJ)
• Garantia de 6 meses contra defeitos de fabricação


❓ DÚVIDAS FREQUENTES
• Pronta Entrega: Sim, todos os produtos anunciados estão em estoque físico para envio imediato.
• Frete e Prazo: Calculados automaticamente pelo Mercado Envios digitando seu CEP no anúncio.
• Instalação: Recomendamos que a montagem seja feita por profissional especializado.


🛡️ BUSK Peças — Qualidade, Agilidade & Confiança"
SKU-065-ART-160820;Farol Gol G6 Voyage Saveiro Mascara Negra LD Arteb 160820;600.00;1;Novo;Arteb;160820;5U1941008H, 5U1941044H;6;Garantia do vendedor;"🚗 APLICAÇÃO VEICULAR
Confira os modelos e anos compatíveis:

• Volkswagen Gol G6 (Highline / Rallye / Comfortline / Trendline / Seleção) — Motor 1.0 8V / 1.6 8V EA111 Total Flex (2013 a 2016)
• Volkswagen Saveiro G6 (Cross / Trooper / Trendline / Startline) — Motor 1.6 8V EA111 / 1.6 16V MSI Total Flex (2013 a 2016)
• Volkswagen Voyage G6 (Highline / Comfortline / Evidence / Trendline) — Motor 1.0 8V / 1.6 8V EA111 Total Flex (2013 a 2016)


⚠️ ALERTAS DE COMPATIBILIDADE
• LADO DIREITO (PASSAGEIRO): Farol dianteiro exclusivo do lado direito.
• EXCLUSIVO GERAÇÃO 6 (2013 A 2016): Aplica-se ao Gol G6, Voyage G6 e Saveiro G6 de 2013 a 2016.
• NÃO SERVE EM GOL G5 (2008 A 2012): Grade, para-choque e formato do farol são diferentes.
• NÃO SERVE EM GOL G7 / G8 (2016 EM DIANTE): Grade e encaixes reestilizados na geração 7.
• FOCO DUPLO: Utiliza lâmpadas H7 (baixo) e H1 (alto).
• Recomendamos comparar o código gravado na sua peça com os códigos informados abaixo.
• Em caso de dúvidas sobre ano/versão, pergunte no campo abaixo antes de comprar!


⚙️ ESPECIFICAÇÕES TÉCNICAS
• Fabricante: Arteb
• Código da Peça: 160820
• Código Original (OEM): 5U1941008H, 5U1941044H
• Códigos Similares: Orgus FA-183D, Fitam 21110D, Depo 441-11A2R
• Configuração De Foco: Foco Duplo Parabólico Independente (H7 Farol Baixo / H1 Farol Alto)
• Acabamento Da Máscara: Máscara Negra Esportiva Original (Black)
• Material Da Lente: Policarbonato Óptico com Tratamento Anti-UV
• Material Da Carcaça: Polipropileno Reforçado de Alta Densidade
• Sistema De Regulagem: Manual com suporte para atuador elétrico
• Encaixe De Lâmpadas: H7 (Baixo) / H1 (Alto) / W5W (Lanterna) / PY21W (Pisca)
• Padrão De Fabricação: Padrão Original Arteb (Fornecedor Homologado Montadora Volkswagen)
• Condição: Produto 100% novo, lacrado na embalagem original


📦 CONTEÚDO & GARANTIA
• 01 Farol Volkswagen Gol, Voyage e Saveiro G6 Máscara Negra Foco Duplo Lado Direito Arteb 160820 (Arteb 160820)
• Acompanha Nota Fiscal Eletrônica (PF e PJ)
• Garantia de 6 meses contra defeitos de fabricação


❓ DÚVIDAS FREQUENTES
• Pronta Entrega: Sim, todos os produtos anunciados estão em estoque físico para envio imediato.
• Frete e Prazo: Calculados automaticamente pelo Mercado Envios digitando seu CEP no anúncio.
• Instalação: Recomendamos que a montagem seja feita por profissional especializado.


🛡️ BUSK Peças — Qualidade, Agilidade & Confiança"
SKU-066-ART-160819;Farol Gol G6 Voyage Saveiro Mascara Negra LE Arteb 160819;600.00;1;Novo;Arteb;160819;5U1941007H, 5U1941043H;6;Garantia do vendedor;"🚗 APLICAÇÃO VEICULAR
Confira os modelos e anos compatíveis:

• Volkswagen Gol G6 (Highline / Rallye / Comfortline / Trendline / Seleção) — Motor 1.0 8V / 1.6 8V EA111 Total Flex (2013 a 2016)
• Volkswagen Saveiro G6 (Cross / Trooper / Trendline / Startline) — Motor 1.6 8V EA111 / 1.6 16V MSI Total Flex (2013 a 2016)
• Volkswagen Voyage G6 (Highline / Comfortline / Evidence / Trendline) — Motor 1.0 8V / 1.6 8V EA111 Total Flex (2013 a 2016)


⚠️ ALERTAS DE COMPATIBILIDADE
• LADO ESQUERDO (MOTORISTA): Farol dianteiro exclusivo do lado esquerdo.
• EXCLUSIVO GERAÇÃO 6 (2013 A 2016): Aplica-se ao Gol G6, Voyage G6 e Saveiro G6 de 2013 a 2016.
• NÃO SERVE EM GOL G5 (2008 A 2012): Grade, para-choque e desenho do farol incompatíveis.
• NÃO SERVE EM GOL G7 / G8 (2016 EM DIANTE): Incompatível com o modelo reestilizado G7.
• FOCO DUPLO: Utiliza lâmpadas H7 (baixo) e H1 (alto).
• Recomendamos comparar o código gravado na sua peça com os códigos informados abaixo.
• Em caso de dúvidas sobre ano/versão, pergunte no campo abaixo antes de comprar!


⚙️ ESPECIFICAÇÕES TÉCNICAS
• Fabricante: Arteb
• Código da Peça: 160819
• Código Original (OEM): 5U1941007H, 5U1941043H
• Códigos Similares: Orgus FA-183E, Fitam 21110E, Depo 441-11A2L
• Configuração De Foco: Foco Duplo Parabólico Independente (H7 Farol Baixo / H1 Farol Alto)
• Acabamento Da Máscara: Máscara Negra Esportiva Original (Black)
• Material Da Lente: Policarbonato Óptico com Tratamento Anti-UV
• Material Da Carcaça: Polipropileno Reforçado de Alta Densidade
• Sistema De Regulagem: Manual com suporte para atuador elétrico
• Encaixe De Lâmpadas: H7 (Baixo) / H1 (Alto) / W5W (Lanterna) / PY21W (Pisca)
• Padrão De Fabricação: Padrão Original Arteb (Fornecedor Homologado Montadora Volkswagen)
• Condição: Produto 100% novo, lacrado na embalagem original


📦 CONTEÚDO & GARANTIA
• 01 Farol Volkswagen Gol, Voyage e Saveiro G6 Máscara Negra Foco Duplo Lado Esquerdo Arteb 160819 (Arteb 160819)
• Acompanha Nota Fiscal Eletrônica (PF e PJ)
• Garantia de 6 meses contra defeitos de fabricação


❓ DÚVIDAS FREQUENTES
• Pronta Entrega: Sim, todos os produtos anunciados estão em estoque físico para envio imediato.
• Frete e Prazo: Calculados automaticamente pelo Mercado Envios digitando seu CEP no anúncio.
• Instalação: Recomendamos que a montagem seja feita por profissional especializado.


🛡️ BUSK Peças — Qualidade, Agilidade & Confiança"
SKU-067-FIT-FW64LEA;Farol Gol G2 Bola Parati Saveiro 95 a 99 LE Fitam FW64LEA;190.00;1;Novo;Fitam;FW64LEA;377941017, 377941015, 377941005;3;Garantia do vendedor;"🚗 APLICAÇÃO VEICULAR
Confira os modelos e anos compatíveis:

• Volkswagen Gol G2 (Bola) (CL / GL / GLS / Plus / Star / Atlanta / Special) — Motor 1.0 CHT/AT / 1.6 / 1.8 / 2.0 AP Gasolina / Álcool (1995 a 1999)
• Volkswagen Parati G2 (CL / GL / GLS / Club) — Motor 1.6 / 1.8 / 2.0 AP Gasolina / Álcool (1996 a 1999)
• Volkswagen Saveiro G2 (CL / GL / Summer) — Motor 1.6 / 1.8 / 2.0 AP Gasolina / Álcool (1997 a 2000)


⚠️ ALERTAS DE COMPATIBILIDADE
• LADO ESQUERDO (MOTORISTA): Farol dianteiro exclusivo do lado esquerdo.
• APLICAÇÃO GOL G2 BOLA (1995 A 1999 / SPECIAL ATÉ 2005): Aplica-se ao Gol G2, Parati G2 (1996 a 1999) e Saveiro G2 (1997 a 2000).
• FOCO SIMPLES (H4): Modelo de foco simples com lâmpada H4.
• NÃO SERVE NO GOL G2 GTI 16V / TSI: Os modelos esportivos GTI/TSI utilizam farol de foco duplo com cúpula redonda.
• NÃO SERVE EM GOL G3 (1999 A 2005) NEM GOL G1 QUADRADO (1980 A 1994).
• Recomendamos comparar o código gravado na sua peça com os códigos informados abaixo.
• Em caso de dúvidas sobre ano/versão, pergunte no campo abaixo antes de comprar!


⚙️ ESPECIFICAÇÕES TÉCNICAS
• Fabricante: Fitam
• Código da Peça: FW64LEA
• Código Original (OEM): 377941017, 377941015, 377941005
• Códigos Similares: Orgus FA-150E, Arteb 160151, Cibié 042851
• Configuração De Foco: Foco Simples Parabólico (Lâmpada H4 Farol Baixo e Alto)
• Acabamento Da Máscara: Refletor Cromado Metalizado Clássico
• Material Da Lente: Vidro Cristal / Policarbonato Estriado de Alta Resistência
• Material Da Carcaça: Termoplástico Injetado de Alta Rigidez
• Sistema De Regulagem: Manual
• Encaixe De Lâmpadas: H4 (Farol Baixo/Alto) / W5W (Lanterna)
• Padrão De Fabricação: Padrão de Reposição Premium Fitam
• Condição: Produto 100% novo, lacrado na embalagem original


📦 CONTEÚDO & GARANTIA
• 01 Farol Volkswagen Gol, Parati e Saveiro G2 Bola Foco Simples Lado Esquerdo Fitam FW64LEA (Fitam FW64LEA)
• Acompanha Nota Fiscal Eletrônica (PF e PJ)
• Garantia de 3 meses contra defeitos de fabricação


❓ DÚVIDAS FREQUENTES
• Pronta Entrega: Sim, todos os produtos anunciados estão em estoque físico para envio imediato.
• Frete e Prazo: Calculados automaticamente pelo Mercado Envios digitando seu CEP no anúncio.
• Instalação: Recomendamos que a montagem seja feita por profissional especializado.


🛡️ BUSK Peças — Qualidade, Agilidade & Confiança"
SKU-068-FIT-FW64LDA;Farol Gol G2 Bola Parati Saveiro 95 a 99 LD Fitam FW64LDA;270.00;1;Novo;Fitam;FW64LDA;377941018, 377941016, 377941006;3;Garantia do vendedor;"🚗 APLICAÇÃO VEICULAR
Confira os modelos e anos compatíveis:

• Volkswagen Gol G2 (Bola) (CL / GL / GLS / Plus / Star / Atlanta / Special) — Motor 1.0 CHT/AT / 1.6 / 1.8 / 2.0 AP Gasolina / Álcool (1995 a 1999)
• Volkswagen Parati G2 (CL / GL / GLS / Club) — Motor 1.6 / 1.8 / 2.0 AP Gasolina / Álcool (1996 a 1999)
• Volkswagen Saveiro G2 (CL / GL / Summer) — Motor 1.6 / 1.8 / 2.0 AP Gasolina / Álcool (1997 a 2000)


⚠️ ALERTAS DE COMPATIBILIDADE
• LADO DIREITO (PASSAGEIRO): Farol dianteiro exclusivo do lado direito.
• APLICAÇÃO GOL G2 BOLA (1995 A 1999 / SPECIAL ATÉ 2005): Aplica-se ao Gol G2, Parati G2 (1996 a 1999) e Saveiro G2 (1997 a 2000).
• FOCO SIMPLES (H4): Modelo de foco simples com lâmpada H4.
• NÃO SERVE NO GOL G2 GTI 16V / TSI: Não serve nos modelos GTI/TSI com farol duplo.
• NÃO SERVE EM GOL G3 (1999 A 2005) NEM GOL G1 QUADRADO (1980 A 1994).
• Recomendamos comparar o código gravado na sua peça com os códigos informados abaixo.
• Em caso de dúvidas sobre ano/versão, pergunte no campo abaixo antes de comprar!


⚙️ ESPECIFICAÇÕES TÉCNICAS
• Fabricante: Fitam
• Código da Peça: FW64LDA
• Código Original (OEM): 377941018, 377941016, 377941006
• Códigos Similares: Orgus FA-150D, Arteb 160152, Cibié 042852
• Configuração De Foco: Foco Simples Parabólico (Lâmpada H4 Farol Baixo e Alto)
• Acabamento Da Máscara: Refletor Cromado Metalizado Clássico
• Material Da Lente: Vidro Cristal / Policarbonato Estriado de Alta Resistência
• Material Da Carcaça: Termoplástico Injetado de Alta Rigidez
• Sistema De Regulagem: Manual
• Encaixe De Lâmpadas: H4 (Farol Baixo/Alto) / W5W (Lanterna)
• Padrão De Fabricação: Padrão de Reposição Premium Fitam
• Condição: Produto 100% novo, lacrado na embalagem original


📦 CONTEÚDO & GARANTIA
• 01 Farol Volkswagen Gol, Parati e Saveiro G2 Bola Foco Simples Lado Direito Fitam FW64LDA (Fitam FW64LDA)
• Acompanha Nota Fiscal Eletrônica (PF e PJ)
• Garantia de 3 meses contra defeitos de fabricação


❓ DÚVIDAS FREQUENTES
• Pronta Entrega: Sim, todos os produtos anunciados estão em estoque físico para envio imediato.
• Frete e Prazo: Calculados automaticamente pelo Mercado Envios digitando seu CEP no anúncio.
• Instalação: Recomendamos que a montagem seja feita por profissional especializado.


🛡️ BUSK Peças — Qualidade, Agilidade & Confiança"
SKU-069-ART-160654;Farol Gol G4 Parati Saveiro Mascara Cromada LD Arteb 160654;330.00;1;Novo;Arteb;160654;5X0941008, 5X0941016;6;Garantia do vendedor;"🚗 APLICAÇÃO VEICULAR
Confira os modelos e anos compatíveis:

• Volkswagen Gol G4 (City / Plus / Power / Trend / Copa / Titan) — Motor 1.0 8V / 1.6 8V / 1.8 8V Total Flex Flex (2006 a 2014)
• Volkswagen Parati G4 (City / Plus / Track & Field / Surf) — Motor 1.6 / 1.8 Total Flex Flex (2006 a 2012)
• Volkswagen Saveiro G4 (City / Plus / Super Surf / Surf / Crossover) — Motor 1.6 / 1.8 Total Flex Flex (2006 a 2010)


⚠️ ALERTAS DE COMPATIBILIDADE
• LADO DIREITO (PASSAGEIRO): Farol dianteiro exclusivo do lado direito.
• EXCLUSIVO GERAÇÃO 4 (2006 A 2014): Aplica-se ao Gol G4 (2006 a 2014), Parati G4 (2006 a 2012) e Saveiro G4 (2006 a 2010).
• NÃO SERVE NO GOL G3 (1999 A 2005): O Gol G3 possui formato óptico e fixações diferentes.
• NÃO SERVE NO GOL G5 (2008 A 2012): A geração 5 utiliza carroceria e faróis de plataforma NF.
• FOCO SIMPLES H4: Utiliza lâmpada H4 no farol principal.
• Recomendamos comparar o código gravado na sua peça com os códigos informados abaixo.
• Em caso de dúvidas sobre ano/versão, pergunte no campo abaixo antes de comprar!


⚙️ ESPECIFICAÇÕES TÉCNICAS
• Fabricante: Arteb
• Código da Peça: 160654
• Código Original (OEM): 5X0941008, 5X0941016
• Códigos Similares: Orgus FA-160D, Fitam 21100D, Depo 441-1172R
• Configuração De Foco: Foco Simples Parabólico (Lâmpada H4 Farol Baixo e Alto)
• Acabamento Da Máscara: Máscara Cromada de Alto Brilho
• Material Da Lente: Policarbonato Óptico Liso com Tratamento Anti-UV
• Material Da Carcaça: Polipropileno Reforçado Termorresistente
• Sistema De Regulagem: Manual
• Encaixe De Lâmpadas: H4 (Farol Baixo/Alto) / W5W (Lanterna) / PY21W (Pisca)
• Padrão De Fabricação: Padrão Original Arteb (Fornecedor Homologado Montadora Volkswagen)
• Condição: Produto 100% novo, lacrado na embalagem original


📦 CONTEÚDO & GARANTIA
• 01 Farol Volkswagen Gol, Parati e Saveiro G4 Máscara Cromada Lado Direito Arteb 160654 (Arteb 160654)
• Acompanha Nota Fiscal Eletrônica (PF e PJ)
• Garantia de 6 meses contra defeitos de fabricação


❓ DÚVIDAS FREQUENTES
• Pronta Entrega: Sim, todos os produtos anunciados estão em estoque físico para envio imediato.
• Frete e Prazo: Calculados automaticamente pelo Mercado Envios digitando seu CEP no anúncio.
• Instalação: Recomendamos que a montagem seja feita por profissional especializado.


🛡️ BUSK Peças — Qualidade, Agilidade & Confiança"
SKU-070-ART-160653;Farol Gol G4 Parati Saveiro Mascara Cromada LE Arteb 160653;330.00;1;Novo;Arteb;160653;5X0941007, 5X0941015;6;Garantia do vendedor;"🚗 APLICAÇÃO VEICULAR
Confira os modelos e anos compatíveis:

• Volkswagen Gol G4 (City / Plus / Power / Trend / Copa / Titan) — Motor 1.0 8V / 1.6 8V / 1.8 8V Total Flex Flex (2006 a 2014)
• Volkswagen Parati G4 (City / Plus / Track & Field / Surf) — Motor 1.6 / 1.8 Total Flex Flex (2006 a 2012)
• Volkswagen Saveiro G4 (City / Plus / Super Surf / Surf / Crossover) — Motor 1.6 / 1.8 Total Flex Flex (2006 a 2010)


⚠️ ALERTAS DE COMPATIBILIDADE
• LADO ESQUERDO (MOTORISTA): Farol dianteiro exclusivo do lado esquerdo.
• EXCLUSIVO GERAÇÃO 4 (2006 A 2014): Aplica-se ao Gol G4 (2006 a 2014), Parati G4 (2006 a 2012) e Saveiro G4 (2006 a 2010).
• NÃO SERVE NO GOL G3 (1999 A 2005): Encaixes e moldura frontal incompatíveis com a geração 3.
• NÃO SERVE NO GOL G5 (2008 A 2012): Incompatível com o Gol G5.
• FOCO SIMPLES H4: Utiliza lâmpada H4 no farol principal.
• Recomendamos comparar o código gravado na sua peça com os códigos informados abaixo.
• Em caso de dúvidas sobre ano/versão, pergunte no campo abaixo antes de comprar!


⚙️ ESPECIFICAÇÕES TÉCNICAS
• Fabricante: Arteb
• Código da Peça: 160653
• Código Original (OEM): 5X0941007, 5X0941015
• Códigos Similares: Orgus FA-160E, Fitam 21100E, Depo 441-1172L
• Configuração De Foco: Foco Simples Parabólico (Lâmpada H4 Farol Baixo e Alto)
• Acabamento Da Máscara: Máscara Cromada de Alto Brilho
• Material Da Lente: Policarbonato Óptico Liso com Tratamento Anti-UV
• Material Da Carcaça: Polipropileno Reforçado Termorresistente
• Sistema De Regulagem: Manual
• Encaixe De Lâmpadas: H4 (Farol Baixo/Alto) / W5W (Lanterna) / PY21W (Pisca)
• Padrão De Fabricação: Padrão Original Arteb (Fornecedor Homologado Montadora Volkswagen)
• Condição: Produto 100% novo, lacrado na embalagem original


📦 CONTEÚDO & GARANTIA
• 01 Farol Volkswagen Gol, Parati e Saveiro G4 Máscara Cromada Lado Esquerdo Arteb 160653 (Arteb 160653)
• Acompanha Nota Fiscal Eletrônica (PF e PJ)
• Garantia de 6 meses contra defeitos de fabricação


❓ DÚVIDAS FREQUENTES
• Pronta Entrega: Sim, todos os produtos anunciados estão em estoque físico para envio imediato.
• Frete e Prazo: Calculados automaticamente pelo Mercado Envios digitando seu CEP no anúncio.
• Instalação: Recomendamos que a montagem seja feita por profissional especializado.


🛡️ BUSK Peças — Qualidade, Agilidade & Confiança"
SKU-071-ORG-5783500437;Farol Gol Parati Saveiro 91 A 96 Chinesinho Vidro LD Orgus;140.00;1;Novo;Orgus;5783500437;3059410182, 3059410161;3;Garantia do vendedor;"🚗 APLICAÇÃO VEICULAR
Confira os modelos e anos compatíveis:

• Volkswagen Gol Quadrado (G1) (CL / GL / GTS / GTI / Star) — Motor 1.6 CHT / 1.6 1.8 2.0 AP Gasolina / Álcool (1991 a 1996)
• Volkswagen Parati Quadrada (G1) (CL / GL / GLS / Club / Plus) — Motor 1.6 / 1.8 / 2.0 AP Gasolina / Álcool (1991 a 1995)
• Volkswagen Saveiro Quadrada (G1) (CL / GL / Summer / Sunset) — Motor 1.6 / 1.8 / 2.0 AP Gasolina / Álcool (1991 a 1997)
• Volkswagen Voyage Quadrado (G1) (CL / GL / GLS / Special / Sport) — Motor 1.6 / 1.8 AP Gasolina / Álcool (1991 a 1995)


⚠️ ALERTAS DE COMPATIBILIDADE
• Exclusivo para Gol, Parati, Saveiro e Voyage Quadrados modelo 'Chinesinho' (1991 a 1996/1997 com farol pequeno).
• Lente de Vidro Autêntica de alta durabilidade.
• Lado Direito (Passageiro).
• NÃO serve no Gol Bola G2 (1995 em diante).
• NÃO serve na linha Gol Quadrado de 1980 a 1990 (Frente Alta / Farol Grande).
• Recomendamos comparar o código gravado na sua peça com os códigos informados abaixo.
• Em caso de dúvidas sobre ano/versão, pergunte no campo abaixo antes de comprar!


⚙️ ESPECIFICAÇÕES TÉCNICAS
• Fabricante: Orgus
• Código da Peça: 5783500437
• Código Original (OEM): 3059410182, 3059410161
• Códigos Similares: Arteb 160114, Cibié 042452, Fortluz 114D, Nino F-62D
• Tipo Foco: Foco Simples Quadrado
• Material Lente: Vidro Cristal Estriado Pesado
• Encaixe Lampada: H4
• Lado: Direito (Passageiro)
• Condição: Produto 100% novo, lacrado na embalagem original


📦 CONTEÚDO & GARANTIA
• 01 Farol Volkswagen Gol Parati Saveiro Voyage Quadrado Lente Vidro Lado Direito Orgus 5783500437 (Orgus 5783500437)
• Acompanha Nota Fiscal Eletrônica (PF e PJ)
• Garantia de 3 meses contra defeitos de fabricação


❓ DÚVIDAS FREQUENTES
• Pronta Entrega: Sim, todos os produtos anunciados estão em estoque físico para envio imediato.
• Frete e Prazo: Calculados automaticamente pelo Mercado Envios digitando seu CEP no anúncio.
• Instalação: Recomendamos que a montagem seja feita por profissional especializado.


🛡️ BUSK Peças — Qualidade, Agilidade & Confiança"
SKU-072-ART-0160712;Farol Gol Voyage Saveiro G5 Foco Duplo Masc Negra LD Arteb;400.00;1;Novo;Arteb;0160712;5U1941008B, 5U1941044C;6;Garantia do vendedor;"🚗 APLICAÇÃO VEICULAR
Confira os modelos e anos compatíveis:

• Volkswagen Gol G5 (Power / Rallye / Trend / Seleção) — Motor 1.0 / 1.6 8V EA111 VHT Flex (2008 a 2012)
• Volkswagen Saveiro G5 (Cross / Trooper / Trend / CE / CD) — Motor 1.6 8V EA111 VHT Flex (2009 a 2013)
• Volkswagen Voyage G5 (Comfortline / Trend / Highline) — Motor 1.0 / 1.6 8V EA111 VHT Flex (2008 a 2012)


⚠️ ALERTAS DE COMPATIBILIDADE
• Exclusivo para Gol G5, Voyage G5 e Saveiro G5 (2008 a 2012/2013) com Foco Duplo Máscara Negra.
• Lado Direito (Passageiro).
• Lâmpadas H7 (Farol Baixo) e H1 (Farol Alto).
• NÃO serve no Gol/Saveiro/Voyage G4 (2006 a 2014).
• NÃO serve no Gol/Saveiro/Voyage G6 (2012 a 2016).
• Recomendamos comparar o código gravado na sua peça com os códigos informados abaixo.
• Em caso de dúvidas sobre ano/versão, pergunte no campo abaixo antes de comprar!


⚙️ ESPECIFICAÇÕES TÉCNICAS
• Fabricante: Arteb
• Código da Peça: 0160712
• Código Original (OEM): 5U1941008B, 5U1941044C
• Códigos Similares: Orgus FA-167D, Fitam 21105D, Depo 441-1186R, TYC 20-12003-05-2
• Tipo Foco: Foco Duplo Máscara Negra
• Material Lente: Policarbonato com Proteção Anti-UV
• Encaixe Lampada: H7 (Farol Baixo) / H1 (Farol Alto)
• Lado: Direito (Passageiro)
• Condição: Produto 100% novo, lacrado na embalagem original


📦 CONTEÚDO & GARANTIA
• 01 Farol Volkswagen Gol Voyage Saveiro G5 Foco Duplo Máscara Negra Lado Direito Arteb 0160712 (Arteb 0160712)
• Acompanha Nota Fiscal Eletrônica (PF e PJ)
• Garantia de 6 meses contra defeitos de fabricação


❓ DÚVIDAS FREQUENTES
• Pronta Entrega: Sim, todos os produtos anunciados estão em estoque físico para envio imediato.
• Frete e Prazo: Calculados automaticamente pelo Mercado Envios digitando seu CEP no anúncio.
• Instalação: Recomendamos que a montagem seja feita por profissional especializado.


🛡️ BUSK Peças — Qualidade, Agilidade & Confiança"
SKU-073-ART-0160817;Farol Astra 2003 a 2012 Foco Duplo LE Cromado Arteb 0160817;680.00;1;Novo;Arteb;0160817;93356075, 93356077;6;Garantia do vendedor;"🚗 APLICAÇÃO VEICULAR
Confira os modelos e anos compatíveis:

• Chevrolet Astra Hatch (Advantage / Elegance / Elite / SS / Comfort) — Motor 2.0 8V Flexpower / 2.0 16V Flex / Gasolina (2003 a 2012)
• Chevrolet Astra Sedan (Comfort / Elegance / Elite / Advantage) — Motor 1.8 / 2.0 8V Flexpower Flex / Gasolina (2003 a 2011)


⚠️ ALERTAS DE COMPATIBILIDADE
• Compatível com Chevrolet Astra Hatch e Sedan modelos 2003 a 2012 (Geração 2 / Locomotiva).
• Lado Esquerdo (Motorista).
• Lâmpadas H7 (Farol Baixo) e H1 (Farol Alto).
• NÃO serve no Astra G1 (1998 a 2002 - modelo Bélgica / frente antiga).
• Recomendamos comparar o código gravado na sua peça com os códigos informados abaixo.
• Em caso de dúvidas sobre ano/versão, pergunte no campo abaixo antes de comprar!


⚙️ ESPECIFICAÇÕES TÉCNICAS
• Fabricante: Arteb
• Código da Peça: 0160817
• Código Original (OEM): 93356075, 93356077
• Códigos Similares: Orgus FA-181E, Depo 215-1178L, TYC 20-6540-05-2, Fitam 21104E
• Tipo Foco: Foco Duplo Máscara Cromada
• Material Lente: Policarbonato UV Alta Resistência
• Encaixe Lampada: H7 (Farol Baixo) / H1 (Farol Alto)
• Lado: Esquerdo (Motorista)
• Condição: Produto 100% novo, lacrado na embalagem original


📦 CONTEÚDO & GARANTIA
• 01 Farol Chevrolet Astra Máscara Cromada Foco Duplo Lado Esquerdo Arteb 0160817 (Arteb 0160817)
• Acompanha Nota Fiscal Eletrônica (PF e PJ)
• Garantia de 6 meses contra defeitos de fabricação


❓ DÚVIDAS FREQUENTES
• Pronta Entrega: Sim, todos os produtos anunciados estão em estoque físico para envio imediato.
• Frete e Prazo: Calculados automaticamente pelo Mercado Envios digitando seu CEP no anúncio.
• Instalação: Recomendamos que a montagem seja feita por profissional especializado.


🛡️ BUSK Peças — Qualidade, Agilidade & Confiança"
SKU-074-AUT-AL696;Farol Barra LED Auxiliar Milha 12V 24V 27W Autopoli AL696;90.00;1;Novo;Autopoli;AL696;UNIVERSAL-LED-12V-24V;3;Garantia do vendedor;"🚗 APLICAÇÃO VEICULAR
Confira os modelos e anos compatíveis:

• Universal Carros, Pick-ups, Caminhões, Barcos e Tratores (Todos os veículos 12V / 24V) — Motor Universal Todos (1980 a 2026)


⚠️ ALERTAS DE COMPATIBILIDADE
• Aplicação Universal em veículos 12V ou 24V (Carros, Pick-ups, Caminhões, Jeeps, Quadriciclos, Barcos e Tratores).
• Acompanha suporte metálico e parafusos de fixação em aço inox.
• Uso ideal como farol de milha auxiliar, trabalho, neblina ou expedição off-road.
• Recomendamos comparar o código gravado na sua peça com os códigos informados abaixo.
• Em caso de dúvidas sobre ano/versão, pergunte no campo abaixo antes de comprar!


⚙️ ESPECIFICAÇÕES TÉCNICAS
• Fabricante: Autopoli
• Código da Peça: AL696
• Código Original (OEM): UNIVERSAL-LED-12V-24V
• Códigos Similares: Tarponx T-LED27, DNI DNI4140, Tech One LED-27W, Shocklight SL-27W
• Potencia: 27W (9x LEDs de Alta Intensidade)
• Voltagem: 12V / 24V Bivolt Automático (9V a 32V DC)
• Temperatura Cor: 6000K Branco Frio
• Grau Protecao: IP67 À prova de poeira e água
• Material Carcaca: Alumínio Naval Fundido com Dissipador
• Material Lente: Policarbonato de Alto Impacto
• Condição: Produto 100% novo, lacrado na embalagem original


📦 CONTEÚDO & GARANTIA
• 01 Farol LED Auxiliar Milha Barra de Led Universal 12V/24V 9 LEDs Autopoli AL696 (Autopoli AL696)
• Acompanha Nota Fiscal Eletrônica (PF e PJ)
• Garantia de 3 meses contra defeitos de fabricação


❓ DÚVIDAS FREQUENTES
• Pronta Entrega: Sim, todos os produtos anunciados estão em estoque físico para envio imediato.
• Frete e Prazo: Calculados automaticamente pelo Mercado Envios digitando seu CEP no anúncio.
• Instalação: Recomendamos que a montagem seja feita por profissional especializado.


🛡️ BUSK Peças — Qualidade, Agilidade & Confiança"
SKU-075-VOL-1T0941700F;Farol Milha Polo Golf G4.5 Jetta Variant LD HB4 1T0941700F;140.00;1;Novo;Volkswagen / Magneti Marelli;1T0941700F;1T0941700F, 1T0941700C, 1T0941700G, 1T0941700H;6;Garantia do vendedor;"🚗 APLICAÇÃO VEICULAR
Confira os modelos e anos compatíveis:

• Volkswagen Golf G4.5 (Sportline) (Sportline / Limited Edition / Black Edition / GT) — Motor 1.6 8V / 2.0 8V Total Flex / 1.8 Turbo Flex / Gasolina (2008 a 2014)
• Volkswagen Jetta Variant (2.5 20V 170cv) — Motor 2.5 5 Cilindros 20V Gasolina (2008 a 2010)
• Volkswagen Polo Hatch / Sedan (Comfortline / Sportline / GT / Bluemotion) — Motor 1.6 / 2.0 8V Total Flex Flex (2007 a 2014)
• Volkswagen Touran / Caddy (Trendline / Highline) — Motor 1.6 / 2.0 TDI / FSI Gasolina / Diesel (2006 a 2010)


⚠️ ALERTAS DE COMPATIBILIDADE
• Compatível com VW Polo Hatch/Sedan (2007 a 2014), Golf G4.5 Sportline/Black Edition (2008 a 2014) e Jetta Variant (2008 a 2010).
• Lado Direito (Passageiro).
• Utiliza lâmpada padrão HB4 (9006).
• NÃO serve no Golf G4 (1999 a 2007 - farol de milha embutido no farol principal).
• NÃO serve no Polo 2002 a 2006 (frente de 4 faróis redondos pequenos).
• Recomendamos comparar o código gravado na sua peça com os códigos informados abaixo.
• Em caso de dúvidas sobre ano/versão, pergunte no campo abaixo antes de comprar!


⚙️ ESPECIFICAÇÕES TÉCNICAS
• Fabricante: Volkswagen / Magneti Marelli
• Código da Peça: 1T0941700F
• Código Original (OEM): 1T0941700F, 1T0941700C, 1T0941700G, 1T0941700H
• Códigos Similares: Magneti Marelli LLD021, Depo 441-2027R, TYC 19-0639-01-2, Hella 1N0271022-021, Arteb 0160862
• Tipo Foco: Lente de Vidro Lisa com Refletor Parabólico
• Material Lente: Vidro Cristal Temperado
• Encaixe Lampada: HB4 (9006)
• Lado: Direito (Passageiro)
• Condição: Produto 100% novo, lacrado na embalagem original


📦 CONTEÚDO & GARANTIA
• 01 Farol de Milha Neblina Volkswagen Polo Golf Jetta Touran Lado Direito Original 1T0941700F (Volkswagen / Magneti Marelli 1T0941700F)
• Acompanha Nota Fiscal Eletrônica (PF e PJ)
• Garantia de 6 meses contra defeitos de fabricação


❓ DÚVIDAS FREQUENTES
• Pronta Entrega: Sim, todos os produtos anunciados estão em estoque físico para envio imediato.
• Frete e Prazo: Calculados automaticamente pelo Mercado Envios digitando seu CEP no anúncio.
• Instalação: Recomendamos que a montagem seja feita por profissional especializado.


🛡️ BUSK Peças — Qualidade, Agilidade & Confiança"
SKU-076-VOL-1T0941699F;Farol Milha Polo Golf G4.5 Jetta Variant LE HB4 1T0941699F;140.00;1;Novo;Volkswagen / Magneti Marelli;1T0941699F;1T0941699F, 1T0941699C, 1T0941699G, 1T0941699H;6;Garantia do vendedor;"🚗 APLICAÇÃO VEICULAR
Confira os modelos e anos compatíveis:

• Volkswagen Golf G4.5 (Sportline) (Sportline / Limited Edition / Black Edition / GT) — Motor 1.6 8V / 2.0 8V Total Flex / 1.8 Turbo Flex / Gasolina (2008 a 2014)
• Volkswagen Jetta Variant (2.5 20V 170cv) — Motor 2.5 5 Cilindros 20V Gasolina (2008 a 2010)
• Volkswagen Polo Hatch / Sedan (Comfortline / Sportline / GT / Bluemotion) — Motor 1.6 / 2.0 8V Total Flex Flex (2007 a 2014)
• Volkswagen Touran / Caddy (Trendline / Highline) — Motor 1.6 / 2.0 TDI / FSI Gasolina / Diesel (2006 a 2010)


⚠️ ALERTAS DE COMPATIBILIDADE
• Compatível com VW Polo Hatch/Sedan (2007 a 2014), Golf G4.5 Sportline/Black Edition (2008 a 2014) e Jetta Variant (2008 a 2010).
• Lado Esquerdo (Motorista).
• Utiliza lâmpada padrão HB4 (9006).
• NÃO serve no Golf G4 (1999 a 2007 - farol de milha embutido no farol principal).
• NÃO serve no Polo 2002 a 2006 (frente de 4 faróis redondos pequenos).
• Recomendamos comparar o código gravado na sua peça com os códigos informados abaixo.
• Em caso de dúvidas sobre ano/versão, pergunte no campo abaixo antes de comprar!


⚙️ ESPECIFICAÇÕES TÉCNICAS
• Fabricante: Volkswagen / Magneti Marelli
• Código da Peça: 1T0941699F
• Código Original (OEM): 1T0941699F, 1T0941699C, 1T0941699G, 1T0941699H
• Códigos Similares: Magneti Marelli LLE021, Depo 441-2027L, TYC 19-0640-01-2, Hella 1N0271022-011, Arteb 0160861
• Tipo Foco: Lente de Vidro Lisa com Refletor Parabólico
• Material Lente: Vidro Cristal Temperado
• Encaixe Lampada: HB4 (9006)
• Lado: Esquerdo (Motorista)
• Condição: Produto 100% novo, lacrado na embalagem original


📦 CONTEÚDO & GARANTIA
• 01 Farol de Milha Neblina Volkswagen Polo Golf Jetta Touran Lado Esquerdo Original 1T0941699F (Volkswagen / Magneti Marelli 1T0941699F)
• Acompanha Nota Fiscal Eletrônica (PF e PJ)
• Garantia de 6 meses contra defeitos de fabricação


❓ DÚVIDAS FREQUENTES
• Pronta Entrega: Sim, todos os produtos anunciados estão em estoque físico para envio imediato.
• Frete e Prazo: Calculados automaticamente pelo Mercado Envios digitando seu CEP no anúncio.
• Instalação: Recomendamos que a montagem seja feita por profissional especializado.


🛡️ BUSK Peças — Qualidade, Agilidade & Confiança"
SKU-077-ART-160772;Farol Onix Prisma 2012 a 2019 Masc Negra LD Arteb 160772;700.00;1;Novo;Arteb;160772;94768390, 52092576, 52136932;6;Garantia do vendedor;"🚗 APLICAÇÃO VEICULAR
Confira os modelos e anos compatíveis:

• Chevrolet Onix G1 (Joy / LT / LTZ / Effect / Activ) — Motor 1.0 / 1.4 8V SPE/4 Flex Flex (2012 a 2019)
• Chevrolet Prisma G2 (Joy / LT / LTZ / Advantage) — Motor 1.0 / 1.4 8V SPE/4 Flex Flex (2013 a 2019)


⚠️ ALERTAS DE COMPATIBILIDADE
• Compatível com Chevrolet Onix G1 (2012 a 2019) e Chevrolet Prisma G2 (2013 a 2019).
• Foco Simples Máscara Negra com detalhe Ice Blue original Arteb.
• Lado Direito (Passageiro).
• NÃO serve no Novo Onix Plus / Hatch G2 (2020 em diante).
• NÃO serve no Prisma G1 (Celta sedan de 2006 a 2012).
• Recomendamos comparar o código gravado na sua peça com os códigos informados abaixo.
• Em caso de dúvidas sobre ano/versão, pergunte no campo abaixo antes de comprar!


⚙️ ESPECIFICAÇÕES TÉCNICAS
• Fabricante: Arteb
• Código da Peça: 160772
• Código Original (OEM): 94768390, 52092576, 52136932
• Códigos Similares: Orgus FA-189D, Fitam 21115D, Depo 215-11F2R-ND, TYC 20-14275-05-2
• Tipo Foco: Foco Simples Máscara Negra com Detalhe Azul/Ice Blue
• Material Lente: Policarbonato UV
• Encaixe Lampada: H4
• Lado: Direito (Passageiro)
• Condição: Produto 100% novo, lacrado na embalagem original


📦 CONTEÚDO & GARANTIA
• 01 Farol Chevrolet Onix Prisma Máscara Negra Foco Simples Lado Direito Arteb 160772 (Arteb 160772)
• Acompanha Nota Fiscal Eletrônica (PF e PJ)
• Garantia de 6 meses contra defeitos de fabricação


❓ DÚVIDAS FREQUENTES
• Pronta Entrega: Sim, todos os produtos anunciados estão em estoque físico para envio imediato.
• Frete e Prazo: Calculados automaticamente pelo Mercado Envios digitando seu CEP no anúncio.
• Instalação: Recomendamos que a montagem seja feita por profissional especializado.


🛡️ BUSK Peças — Qualidade, Agilidade & Confiança"
SKU-078-ART-160771;Farol Onix Prisma 2012 a 2019 Masc Negra LE Arteb 160771;700.00;1;Novo;Arteb;160771;94768389, 52092575, 52136931;6;Garantia do vendedor;"🚗 APLICAÇÃO VEICULAR
Confira os modelos e anos compatíveis:

• Chevrolet Onix G1 (Joy / LT / LTZ / Effect / Activ) — Motor 1.0 / 1.4 8V SPE/4 Flex Flex (2012 a 2019)
• Chevrolet Prisma G2 (Joy / LT / LTZ / Advantage) — Motor 1.0 / 1.4 8V SPE/4 Flex Flex (2013 a 2019)


⚠️ ALERTAS DE COMPATIBILIDADE
• Compatível com Chevrolet Onix G1 (2012 a 2019) e Chevrolet Prisma G2 (2013 a 2019).
• Foco Simples Máscara Negra com detalhe Ice Blue original Arteb.
• Lado Esquerdo (Motorista).
• NÃO serve no Novo Onix Plus / Hatch G2 (2020 em diante).
• NÃO serve no Prisma G1 (Celta sedan de 2006 a 2012).
• Recomendamos comparar o código gravado na sua peça com os códigos informados abaixo.
• Em caso de dúvidas sobre ano/versão, pergunte no campo abaixo antes de comprar!


⚙️ ESPECIFICAÇÕES TÉCNICAS
• Fabricante: Arteb
• Código da Peça: 160771
• Código Original (OEM): 94768389, 52092575, 52136931
• Códigos Similares: Orgus FA-189E, Fitam 21115E, Depo 215-11F2L-ND, TYC 20-14276-05-2
• Tipo Foco: Foco Simples Máscara Negra com Detalhe Azul/Ice Blue
• Material Lente: Policarbonato UV
• Encaixe Lampada: H4
• Lado: Esquerdo (Motorista)
• Condição: Produto 100% novo, lacrado na embalagem original


📦 CONTEÚDO & GARANTIA
• 01 Farol Chevrolet Onix Prisma Máscara Negra Foco Simples Lado Esquerdo Arteb 160771 (Arteb 160771)
• Acompanha Nota Fiscal Eletrônica (PF e PJ)
• Garantia de 6 meses contra defeitos de fabricação


❓ DÚVIDAS FREQUENTES
• Pronta Entrega: Sim, todos os produtos anunciados estão em estoque físico para envio imediato.
• Frete e Prazo: Calculados automaticamente pelo Mercado Envios digitando seu CEP no anúncio.
• Instalação: Recomendamos que a montagem seja feita por profissional especializado.


🛡️ BUSK Peças — Qualidade, Agilidade & Confiança"
SKU-079-ART-160764;Farol Palio Siena Strada G3 G4 Masc Negra LD Arteb 160764;550.00;2;Novo;Arteb;160764;51774390, 51774392, 51714461;6;Garantia do vendedor;"🚗 APLICAÇÃO VEICULAR
Confira os modelos e anos compatíveis:

• Fiat Palio G3 / G4 (ELX / HLX / 1.8R / Attractive / Essence) — Motor 1.0 / 1.4 / 1.8 8V Fire / Flex / E.torQ Flex (2004 a 2016)
• Fiat Palio Weekend G3 / G4 (ELX / Trekking / Adventure / Adventure Locker) — Motor 1.4 / 1.8 8V Flex / 1.6 16V E.torQ Flex (2005 a 2020)
• Fiat Siena G3 / G4 (ELX / HLX / Tetrafuel / EL) — Motor 1.0 / 1.4 / 1.8 Fire / Flex / GNV Flex / GNV (2004 a 2016)
• Fiat Strada G3 / G4 (Working / Trekking / Adventure / Adventure Locker) — Motor 1.4 / 1.8 8V Flex / 1.6 16V E.torQ Flex (2005 a 2020)


⚠️ ALERTAS DE COMPATIBILIDADE
• Compatível com Palio G3/G4, Siena G3/G4, Strada G3/G4 e Palio Weekend G3/G4 com Foco Duplo Máscara Negra.
• Lado Direito (Passageiro).
• Lâmpadas H7 (Farol Baixo) e H1 (Farol Alto).
• NÃO serve no Palio Fire G2 (Foco simples 2001 a 2007).
• NÃO serve no Novo Palio G5 / Grand Siena.
• Recomendamos comparar o código gravado na sua peça com os códigos informados abaixo.
• Em caso de dúvidas sobre ano/versão, pergunte no campo abaixo antes de comprar!


⚙️ ESPECIFICAÇÕES TÉCNICAS
• Fabricante: Arteb
• Código da Peça: 160764
• Código Original (OEM): 51774390, 51774392, 51714461
• Códigos Similares: Orgus FA-178D, Fitam 21095D, Depo 440-1144R, TYC 20-11163-05-2
• Tipo Foco: Foco Duplo Máscara Negra
• Material Lente: Policarbonato UV
• Encaixe Lampada: H7 (Baixo) / H1 (Alto)
• Lado: Direito (Passageiro)
• Condição: Produto 100% novo, lacrado na embalagem original


📦 CONTEÚDO & GARANTIA
• 01 Farol Fiat Palio Siena Strada Weekend Farol Duplo Máscara Negra Lado Direito Arteb 160764 (Arteb 160764)
• Acompanha Nota Fiscal Eletrônica (PF e PJ)
• Garantia de 6 meses contra defeitos de fabricação


❓ DÚVIDAS FREQUENTES
• Pronta Entrega: Sim, todos os produtos anunciados estão em estoque físico para envio imediato.
• Frete e Prazo: Calculados automaticamente pelo Mercado Envios digitando seu CEP no anúncio.
• Instalação: Recomendamos que a montagem seja feita por profissional especializado.


🛡️ BUSK Peças — Qualidade, Agilidade & Confiança"
SKU-080-ART-160763;Farol Palio Siena Strada G3 G4 Masc Negra LE Arteb 160763;550.00;1;Novo;Arteb;160763;51774389, 51774391, 51714460;6;Garantia do vendedor;"🚗 APLICAÇÃO VEICULAR
Confira os modelos e anos compatíveis:

• Fiat Palio G3 / G4 (ELX / HLX / 1.8R / Attractive / Essence) — Motor 1.0 / 1.4 / 1.8 8V Fire / Flex / E.torQ Flex (2004 a 2016)
• Fiat Palio Weekend G3 / G4 (ELX / Trekking / Adventure / Adventure Locker) — Motor 1.4 / 1.8 8V Flex / 1.6 16V E.torQ Flex (2005 a 2020)
• Fiat Siena G3 / G4 (ELX / HLX / Tetrafuel / EL) — Motor 1.0 / 1.4 / 1.8 Fire / Flex / GNV Flex / GNV (2004 a 2016)
• Fiat Strada G3 / G4 (Working / Trekking / Adventure / Adventure Locker) — Motor 1.4 / 1.8 8V Flex / 1.6 16V E.torQ Flex (2005 a 2020)


⚠️ ALERTAS DE COMPATIBILIDADE
• Compatível com Palio G3/G4, Siena G3/G4, Strada G3/G4 e Palio Weekend G3/G4 com Foco Duplo Máscara Negra.
• Lado Esquerdo (Motorista).
• Lâmpadas H7 (Farol Baixo) e H1 (Farol Alto).
• NÃO serve no Palio Fire G2 (Foco simples 2001 a 2007).
• NÃO serve no Novo Palio G5 / Grand Siena.
• Recomendamos comparar o código gravado na sua peça com os códigos informados abaixo.
• Em caso de dúvidas sobre ano/versão, pergunte no campo abaixo antes de comprar!


⚙️ ESPECIFICAÇÕES TÉCNICAS
• Fabricante: Arteb
• Código da Peça: 160763
• Código Original (OEM): 51774389, 51774391, 51714460
• Códigos Similares: Orgus FA-178E, Fitam 21095E, Depo 440-1144L, TYC 20-11164-05-2
• Tipo Foco: Foco Duplo Máscara Negra
• Material Lente: Policarbonato UV
• Encaixe Lampada: H7 (Baixo) / H1 (Alto)
• Lado: Esquerdo (Motorista)
• Condição: Produto 100% novo, lacrado na embalagem original


📦 CONTEÚDO & GARANTIA
• 01 Farol Fiat Palio Siena Strada Weekend Farol Duplo Máscara Negra Lado Esquerdo Arteb 160763 (Arteb 160763)
• Acompanha Nota Fiscal Eletrônica (PF e PJ)
• Garantia de 6 meses contra defeitos de fabricação


❓ DÚVIDAS FREQUENTES
• Pronta Entrega: Sim, todos os produtos anunciados estão em estoque físico para envio imediato.
• Frete e Prazo: Calculados automaticamente pelo Mercado Envios digitando seu CEP no anúncio.
• Instalação: Recomendamos que a montagem seja feita por profissional especializado.


🛡️ BUSK Peças — Qualidade, Agilidade & Confiança"
SKU-081-FOR-FF75LD;Farol Uno Mille Fiorino Premio Elba 84-03 Vidro LD Fortluz;100.00;1;Novo;Fortluz;FF75LD;7518596, 5963506, 7504090;3;Garantia do vendedor;"🚗 APLICAÇÃO VEICULAR
Confira os modelos e anos compatíveis:

• Fiat Elba (S / SL / CS / CSL / Top / Weekend) — Motor 1.3 / 1.5 / 1.6 Fiasa e Sevel Gasolina / Álcool (1985 a 1996)
• Fiat Fiorino (Furgão / Pick-up / LX / Working / Fire Frente Alta) — Motor 1.0 / 1.3 / 1.5 / 1.6 Gasolina / Álcool / Flex (1988 a 2003)
• Fiat Prêmio (S / SL / CS / CSL / Duna) — Motor 1.3 / 1.5 / 1.6 Fiasa e Sevel Gasolina / Álcool (1985 a 1996)
• Fiat Uno / Uno Mille (S / CS / SX / Brio / Electronic / ELX / EP / EX / Smart / Fire Frente Alta) — Motor 1.0 / 1.3 / 1.5 / 1.6 Fiasa e Sevel Gasolina / Álcool / Flex (1984 a 2003)


⚠️ ALERTAS DE COMPATIBILIDADE
• Compatível com Fiat Uno Mille, Fiorino, Prêmio e Elba modelos 'Frente Alta / Média Clássica' (1984 a 2003).
• Lente de Vidro Autêntica.
• Lado Direito (Passageiro).
• NÃO serve no Uno / Fiorino 'Frente Baixa / Pitbull' (2004 a 2013).
• NÃO serve no Novo Uno (2010 em diante).
• Recomendamos comparar o código gravado na sua peça com os códigos informados abaixo.
• Em caso de dúvidas sobre ano/versão, pergunte no campo abaixo antes de comprar!


⚙️ ESPECIFICAÇÕES TÉCNICAS
• Fabricante: Fortluz
• Código da Peça: FF75LD
• Código Original (OEM): 7518596, 5963506, 7504090
• Códigos Similares: Arteb 160106, Orgus FA-106D, Cibié 042252, Nino F-10D, Fitam 21081D
• Tipo Foco: Foco Simples Retangular
• Material Lente: Vidro Cristal Estriado Pesado
• Encaixe Lampada: H4
• Lado: Direito (Passageiro)
• Condição: Produto 100% novo, lacrado na embalagem original


📦 CONTEÚDO & GARANTIA
• 01 Farol Fiat Uno Mille Prêmio Elba Fiorino Lente Vidro Lado Direito Fortluz FF75LD (Fortluz FF75LD)
• Acompanha Nota Fiscal Eletrônica (PF e PJ)
• Garantia de 3 meses contra defeitos de fabricação


❓ DÚVIDAS FREQUENTES
• Pronta Entrega: Sim, todos os produtos anunciados estão em estoque físico para envio imediato.
• Frete e Prazo: Calculados automaticamente pelo Mercado Envios digitando seu CEP no anúncio.
• Instalação: Recomendamos que a montagem seja feita por profissional especializado.


🛡️ BUSK Peças — Qualidade, Agilidade & Confiança"
SKU-082-FOR-FF75LE;Farol Uno Mille Fiorino Premio Elba 84-03 Vidro LE Fortluz;100.00;1;Novo;Fortluz;FF75LE;7518595, 5963505, 7504089;3;Garantia do vendedor;"🚗 APLICAÇÃO VEICULAR
Confira os modelos e anos compatíveis:

• Fiat Elba (S / SL / CS / CSL / Top / Weekend) — Motor 1.3 / 1.5 / 1.6 Fiasa e Sevel Gasolina / Álcool (1985 a 1996)
• Fiat Fiorino (Furgão / Pick-up / LX / Working / Fire Frente Alta) — Motor 1.0 / 1.3 / 1.5 / 1.6 Gasolina / Álcool / Flex (1988 a 2003)
• Fiat Prêmio (S / SL / CS / CSL / Duna) — Motor 1.3 / 1.5 / 1.6 Fiasa e Sevel Gasolina / Álcool (1985 a 1996)
• Fiat Uno / Uno Mille (S / CS / SX / Brio / Electronic / ELX / EP / EX / Smart / Fire Frente Alta) — Motor 1.0 / 1.3 / 1.5 / 1.6 Fiasa e Sevel Gasolina / Álcool / Flex (1984 a 2003)


⚠️ ALERTAS DE COMPATIBILIDADE
• Compatível com Fiat Uno Mille, Fiorino, Prêmio e Elba modelos 'Frente Alta / Média Clássica' (1984 a 2003).
• Lente de Vidro Autêntica.
• Lado Esquerdo (Motorista).
• NÃO serve no Uno / Fiorino 'Frente Baixa / Pitbull' (2004 a 2013).
• NÃO serve no Novo Uno (2010 em diante).
• Recomendamos comparar o código gravado na sua peça com os códigos informados abaixo.
• Em caso de dúvidas sobre ano/versão, pergunte no campo abaixo antes de comprar!


⚙️ ESPECIFICAÇÕES TÉCNICAS
• Fabricante: Fortluz
• Código da Peça: FF75LE
• Código Original (OEM): 7518595, 5963505, 7504089
• Códigos Similares: Arteb 160105, Orgus FA-106E, Cibié 042251, Nino F-10E, Fitam 21081E
• Tipo Foco: Foco Simples Retangular
• Material Lente: Vidro Cristal Estriado Pesado
• Encaixe Lampada: H4
• Lado: Esquerdo (Motorista)
• Condição: Produto 100% novo, lacrado na embalagem original


📦 CONTEÚDO & GARANTIA
• 01 Farol Fiat Uno Mille Prêmio Elba Fiorino Lente Vidro Lado Esquerdo Fortluz FF75LE (Fortluz FF75LE)
• Acompanha Nota Fiscal Eletrônica (PF e PJ)
• Garantia de 3 meses contra defeitos de fabricação


❓ DÚVIDAS FREQUENTES
• Pronta Entrega: Sim, todos os produtos anunciados estão em estoque físico para envio imediato.
• Frete e Prazo: Calculados automaticamente pelo Mercado Envios digitando seu CEP no anúncio.
• Instalação: Recomendamos que a montagem seja feita por profissional especializado.


🛡️ BUSK Peças — Qualidade, Agilidade & Confiança"
SKU-083-ORG-IA83420425;Farol Fox Spacefox 03 a 09 Foco Duplo LD Cromado Orgus;250.00;2;Novo;Orgus;IA83420425;5Z0941008A, 5Z0941008C, 5Z0941008E;3;Garantia do vendedor;"🚗 APLICAÇÃO VEICULAR
Confira os modelos e anos compatíveis:

• Volkswagen CrossFox G1 (1.6 8V Total Flex) — Motor 1.6 8V EA111 Total Flex Flex (2005 a 2009)
• Volkswagen Fox G1 (City / Plus / Route / Sportline / Extreme / Sunrise) — Motor 1.0 / 1.6 8V EA111 Total Flex Flex / Gasolina (2003 a 2009)
• Volkswagen SpaceFox G1 (Plus / Comfortline / Sportline) — Motor 1.6 8V EA111 Total Flex Flex (2006 a 2009)


⚠️ ALERTAS DE COMPATIBILIDADE
• Compatível com VW Fox G1 (2003 a 2009), CrossFox G1 (2005 a 2009) e SpaceFox G1 (2006 a 2009) com Foco Duplo.
• Lado Direito (Passageiro).
• Lâmpadas H7 (Farol Baixo) e H1 (Farol Alto).
• NÃO serve no Fox / CrossFox / SpaceFox G2 (2010 a 2014 - farol pontudo de foco duplo/simples).
• NÃO serve no Fox G3 (2015 em diante).
• Recomendamos comparar o código gravado na sua peça com os códigos informados abaixo.
• Em caso de dúvidas sobre ano/versão, pergunte no campo abaixo antes de comprar!


⚙️ ESPECIFICAÇÕES TÉCNICAS
• Fabricante: Orgus
• Código da Peça: IA83420425
• Código Original (OEM): 5Z0941008A, 5Z0941008C, 5Z0941008E
• Códigos Similares: Arteb 160680, Fitam 21102D, Depo 441-1180R, TYC 20-11171-05-2
• Tipo Foco: Foco Duplo Máscara Cromada com Pisca Integrado
• Material Lente: Policarbonato com Proteção Anti-UV
• Encaixe Lampada: H7 (Farol Baixo) / H1 (Farol Alto)
• Lado: Direito (Passageiro)
• Condição: Produto 100% novo, lacrado na embalagem original


📦 CONTEÚDO & GARANTIA
• 01 Farol Volkswagen Fox CrossFox SpaceFox Foco Duplo Máscara Cromada Lado Direito Orgus IA83420425 (Orgus IA83420425)
• Acompanha Nota Fiscal Eletrônica (PF e PJ)
• Garantia de 3 meses contra defeitos de fabricação


❓ DÚVIDAS FREQUENTES
• Pronta Entrega: Sim, todos os produtos anunciados estão em estoque físico para envio imediato.
• Frete e Prazo: Calculados automaticamente pelo Mercado Envios digitando seu CEP no anúncio.
• Instalação: Recomendamos que a montagem seja feita por profissional especializado.


🛡️ BUSK Peças — Qualidade, Agilidade & Confiança"
SKU-084-SAB-80270;Jogo Juntas Motor Completo C Retentores VW EA111 1.0 8V Sabo;430.00;91;Novo;Sabó;80270;030103383AL, 030198012A, 030103383AH, 030103383K;6;Garantia do vendedor;"🚗 APLICAÇÃO VEICULAR
Confira os modelos e anos compatíveis:

• Volkswagen Fox (City / Plus / Route / Sunrise / Bluemotion (4 cil)) — Motor 1.0 8V EA111 Total Flex Flex (2003 a 2016)
• Volkswagen Gol G2 / G3 / G4 / G5 / G6 (MI / Plus / Power / City / Trend / Special / Ecomotion) — Motor 1.0 8V AT / EA111 Gasolina / Flex (1997 a 2016)
• Volkswagen Parati G2 / G3 (MI / Plus / Tour) — Motor 1.0 8V AT MI Gasolina (1997 a 2004)
• Volkswagen Voyage (Trendline / Comfortline / City / Seleção) — Motor 1.0 8V EA111 Total Flex Flex (2008 a 2016)


⚠️ ALERTAS DE COMPATIBILIDADE
• Exclusivo para motores Volkswagen 1.0 8V EA111 / AT 4 Cilindros (Gasolina e Total Flex).
• Compatível com Gol G2/G3/G4/G5/G6, Fox, Voyage e Parati equipados com motor 1.0 8V.
• NÃO serve no motor EA111 1.6 8V.
• NÃO serve no motor Volkswagen EA211 1.0 12V 3 Cilindros (Up, Polo, Virtus, Novo Gol).
• NÃO serve no motor AT 1.0 16V.
• Recomendamos comparar o código gravado na sua peça com os códigos informados abaixo.
• Em caso de dúvidas sobre ano/versão, pergunte no campo abaixo antes de comprar!


⚙️ ESPECIFICAÇÕES TÉCNICAS
• Fabricante: Sabó
• Código da Peça: 80270
• Código Original (OEM): 030103383AL, 030198012A, 030103383AH, 030103383K
• Códigos Similares: Taranto 260800, Elring 717.330, Spaulding J60270, Spaal 40270, Ajusa 50186500
• Material Junta Cabecote: Aço Inox Multicamadas (MLS - Multi-Layer Steel)
• Composicao Kit: Junta Cabeçote MLS, Tampa de Válvulas, Admissão, Escape, Cárter, Flanges e Retentores de Válvula/Virabrequim
• Tipo Jogo: Jogo Completo de Motor com Todos os Retentores Inclusos
• Norma Fabricacao: Padrão Original OEM Linha de Montagem ISO/TS 16949
• Condição: Produto 100% novo, lacrado na embalagem original


📦 CONTEÚDO & GARANTIA
• 01 Jogo Completo de Juntas do Motor com Retentores Sabó 80270 (Sabó 80270)
• Acompanha Nota Fiscal Eletrônica (PF e PJ)
• Garantia de 6 meses contra defeitos de fabricação


❓ DÚVIDAS FREQUENTES
• Pronta Entrega: Sim, todos os produtos anunciados estão em estoque físico para envio imediato.
• Frete e Prazo: Calculados automaticamente pelo Mercado Envios digitando seu CEP no anúncio.
• Instalação: Recomendamos que a montagem seja feita por profissional especializado.


🛡️ BUSK Peças — Qualidade, Agilidade & Confiança"
SKU-085-SAB-79410FLEX;Junta Cabeçote MLS Fiat Fire 1.0 1.4 Flex Sabó 79410FLEX;170.00;49;Novo;Sabó;79410FLEX;55188828, 46738914, 55243141;6;Garantia do vendedor;"🚗 APLICAÇÃO VEICULAR
Confira os modelos e anos compatíveis:

• Fiat Palio / Siena / Strada / Weekend (Fire / ELX / Attractive) — Motor 1.0 8V / 1.4 8V Fire Flex Flex (2005 a 2021)
• Fiat Punto / Idea / Grand Siena / Doblò / Mobi (Attractive / ELX / Like / Drive) — Motor 1.0 8V / 1.4 8V Fire e EVO (4 cil) Flex (2006 a 2022)
• Fiat Uno / Uno Mille / Fiorino (Fire / Economy / Vivace / EVO) — Motor 1.0 8V / 1.4 8V Fire e Fire EVO Flex (2005 a 2021)


⚠️ ALERTAS DE COMPATIBILIDADE
• Apenas para motores Fire 1.0 e 1.4 8V Flex / Fire EVO.
• Não serve nos motores E.torQ 1.6/1.8 16V nem Firefly 3 cilindros.
• Não serve em motores Fire 16V.
• Recomendamos comparar o código gravado na sua peça com os códigos informados abaixo.
• Em caso de dúvidas sobre ano/versão, pergunte no campo abaixo antes de comprar!


⚙️ ESPECIFICAÇÕES TÉCNICAS
• Fabricante: Sabó
• Código da Peça: 79410FLEX
• Código Original (OEM): 55188828, 46738914, 55243141
• Códigos Similares: Taranto 270700, Elring 043.910, Spa J79410
• Material: MLS (Multi-Layer Steel) Aço Inox Multicamadas
• Resistencia Termica: Até 1100°C e altas pressões de combustão
• Revestimento: Viton / NBR Elastomérico de alta vedação microrrugosa
• Condição: Produto 100% novo, lacrado na embalagem original


📦 CONTEÚDO & GARANTIA
• 01 Junta de Cabeçote em Aço Multicamadas MLS Fiat Fire 1.0 1.4 8V Flex Sabó 79410FLEX (Sabó 79410FLEX)
• Acompanha Nota Fiscal Eletrônica (PF e PJ)
• Garantia de 6 meses contra defeitos de fabricação


❓ DÚVIDAS FREQUENTES
• Pronta Entrega: Sim, todos os produtos anunciados estão em estoque físico para envio imediato.
• Frete e Prazo: Calculados automaticamente pelo Mercado Envios digitando seu CEP no anúncio.
• Instalação: Recomendamos que a montagem seja feita por profissional especializado.


🛡️ BUSK Peças — Qualidade, Agilidade & Confiança"
SKU-086-SAB-79409FLEX;Junta Cabeçote MLS GM Corsa Celta Prisma 1.0 1.4 Sabó 79409;180.00;73;Novo;Sabó;79409FLEX;93302094, 93307044, 24578508;6;Garantia do vendedor;"🚗 APLICAÇÃO VEICULAR
Confira os modelos e anos compatíveis:

• Chevrolet Celta / Prisma (Life / Spirit / Joy / Maxx / LT) — Motor 1.0 8V / 1.4 8V VHC / VHCE / Econoflex Flex (2000 a 2016)
• Chevrolet Corsa / Classic / Agile / Montana / Meriva (Wind / Maxx / Premium / Sport / Joy) — Motor 1.0 / 1.4 / 1.8 8V Flexpower Flex (1994 a 2020)
• Chevrolet Onix / Spin / Cobalt (Joy / LT / LTZ / Advantage) — Motor 1.0 / 1.4 / 1.8 8V SPE/4 e EconoFlex Flex (2012 a 2020)


⚠️ ALERTAS DE COMPATIBILIDADE
• Para motores GM Família I 8 válvulas (1.0, 1.4, 1.8).
• Não serve nos motores GM Família I 16V.
• Não serve no motor 1.0 3 cilindros Turbo do Novo Onix.
• Recomendamos comparar o código gravado na sua peça com os códigos informados abaixo.
• Em caso de dúvidas sobre ano/versão, pergunte no campo abaixo antes de comprar!


⚙️ ESPECIFICAÇÕES TÉCNICAS
• Fabricante: Sabó
• Código da Peça: 79409FLEX
• Código Original (OEM): 93302094, 93307044, 24578508
• Códigos Similares: Taranto 240800, Elring 424.470, Spaulding J79409
• Material: Aço Inox Multicamadas MLS
• Revestimento: Polímero de alta vedação microrrugosa
• Espessura Nominal: Padrão Original GM
• Condição: Produto 100% novo, lacrado na embalagem original


📦 CONTEÚDO & GARANTIA
• 01 Junta de Cabeçote em Aço MLS Chevrolet Celta Corsa Prisma Onix Cobalt Spin 1.0 1.4 1.8 8V Sabó 79409FLEX (Sabó 79409FLEX)
• Acompanha Nota Fiscal Eletrônica (PF e PJ)
• Garantia de 6 meses contra defeitos de fabricação


❓ DÚVIDAS FREQUENTES
• Pronta Entrega: Sim, todos os produtos anunciados estão em estoque físico para envio imediato.
• Frete e Prazo: Calculados automaticamente pelo Mercado Envios digitando seu CEP no anúncio.
• Instalação: Recomendamos que a montagem seja feita por profissional especializado.


🛡️ BUSK Peças — Qualidade, Agilidade & Confiança"
SKU-087-SAB-79543FLEX;Junta Cabeçote Aço MLS VW Gol Fox Voyage 1.0 1.6 8V Sabó;140.00;105;Novo;Sabó;79543FLEX;030103383AH, 032103383K, 030103383AL;6;Garantia do vendedor;"🚗 APLICAÇÃO VEICULAR
Confira os modelos e anos compatíveis:

• Volkswagen Fox / SpaceFox / CrossFox (City / Plus / Prime / Route) — Motor 1.0 8V / 1.6 8V EA111 Flex (2003 a 2021)
• Volkswagen Gol G2 / G3 / G4 / G5 / G6 / G7 / G8 (Todas) — Motor 1.0 8V / 1.6 8V EA111 Total Flex Flex (1997 a 2022)
• Volkswagen Voyage / Polo / Saveiro / Golf (Trend / Comfortline / Sportline) — Motor 1.0 8V / 1.6 8V EA111 Flex (2002 a 2023)


⚠️ ALERTAS DE COMPATIBILIDADE
• Para motores EA111 1.0 e 1.6 8V Total Flex.
• Não serve no motor AP nem no EA211 3 cilindros.
• Não serve no EA111 1.0 16V Power/Turbo.
• Recomendamos comparar o código gravado na sua peça com os códigos informados abaixo.
• Em caso de dúvidas sobre ano/versão, pergunte no campo abaixo antes de comprar!


⚙️ ESPECIFICAÇÕES TÉCNICAS
• Fabricante: Sabó
• Código da Peça: 79543FLEX
• Código Original (OEM): 030103383AH, 032103383K, 030103383AL
• Códigos Similares: Taranto 260700, Elring 027.600, Victor Reinz 61-34250-00
• Material: MLS Aço Inoxidável com esferas elásticas de compressão
• Norma: Original VW EA111 RPR / VHT
• Condição: Produto 100% novo, lacrado na embalagem original


📦 CONTEÚDO & GARANTIA
• 01 Junta de Cabeçote Aço MLS Volkswagen Gol Fox Voyage Polo Saveiro 1.0 1.6 8V EA111 Sabó 79543FLEX (Sabó 79543FLEX)
• Acompanha Nota Fiscal Eletrônica (PF e PJ)
• Garantia de 6 meses contra defeitos de fabricação


❓ DÚVIDAS FREQUENTES
• Pronta Entrega: Sim, todos os produtos anunciados estão em estoque físico para envio imediato.
• Frete e Prazo: Calculados automaticamente pelo Mercado Envios digitando seu CEP no anúncio.
• Instalação: Recomendamos que a montagem seja feita por profissional especializado.


🛡️ BUSK Peças — Qualidade, Agilidade & Confiança"
SKU-088-SAB-80409FLEXR;Jogo Juntas Motor Completo GM Corsa Celta 1.0 1.4 Sabó 80409;250.00;5;Novo;Sabó;80409FLEXR;93302094K, 93307044K;6;Garantia do vendedor;"🚗 APLICAÇÃO VEICULAR
Confira os modelos e anos compatíveis:

• Chevrolet Celta / Corsa / Classic / Prisma (Life / Spirit / Joy / Maxx / LT) — Motor 1.0 8V / 1.4 8V VHC / VHCE / Econoflex Flex (2000 a 2016)
• Chevrolet Montana / Meriva / Agile (Conquest / Maxx / LT / LTZ) — Motor 1.4 8V EconoFlex Flex (2008 a 2020)


⚠️ ALERTAS DE COMPATIBILIDADE
• Kit Completo com Retentores de Válvulas e Virabrequim inclusos.
• Exclusivo para motores GM Família I 1.0 e 1.4 8V.
• NÃO serve em motores GM 1.8 8V (diâmetro do cilindro maior).
• NÃO serve em motores 16V nem Família II.
• Recomendamos comparar o código gravado na sua peça com os códigos informados abaixo.
• Em caso de dúvidas sobre ano/versão, pergunte no campo abaixo antes de comprar!


⚙️ ESPECIFICAÇÕES TÉCNICAS
• Fabricante: Sabó
• Código da Peça: 80409FLEXR
• Código Original (OEM): 93302094K, 93307044K
• Códigos Similares: Taranto 240800K, Elring 424.470K
• Material: MLS Inox + Fibras Sintéticas + Retentores Viton
• Tipo: Kit Completo de Reforma e Vedação de Motor com Retentores
• Condição: Produto 100% novo, lacrado na embalagem original


📦 CONTEÚDO & GARANTIA
• 01 Jogo Completo de Juntas do Motor com Retentores GM Corsa Celta Prisma Montana Meriva 1.0 1.4 8V Sabó 80409FLEXR (Sabó 80409FLEXR)
• Acompanha Nota Fiscal Eletrônica (PF e PJ)
• Garantia de 6 meses contra defeitos de fabricação


❓ DÚVIDAS FREQUENTES
• Pronta Entrega: Sim, todos os produtos anunciados estão em estoque físico para envio imediato.
• Frete e Prazo: Calculados automaticamente pelo Mercado Envios digitando seu CEP no anúncio.
• Instalação: Recomendamos que a montagem seja feita por profissional especializado.


🛡️ BUSK Peças — Qualidade, Agilidade & Confiança"
SKU-089-SAB-79513FLEXR;Jogo Juntas Superior Cabeçote Fiat Fire 1.0 1.4 Flex Sabó;200.00;6;Novo;Sabó;79513FLEXR;55188828S, 71736940;6;Garantia do vendedor;"🚗 APLICAÇÃO VEICULAR
Confira os modelos e anos compatíveis:

• Fiat Palio / Uno / Siena / Strada / Punto / Mobi (Fire / Fire EVO / Attractive) — Motor 1.0 / 1.4 8V Fire Flex Flex (2005 a 2022)


⚠️ ALERTAS DE COMPATIBILIDADE
• Kit Superior para troca de cabeçote / descarbonização.
• Apenas para motores Fiat Fire 1.0 e 1.4 8V Flex e Fire EVO.
• Não serve nos motores E.torQ 16V nem Firefly 3 cilindros.
• Recomendamos comparar o código gravado na sua peça com os códigos informados abaixo.
• Em caso de dúvidas sobre ano/versão, pergunte no campo abaixo antes de comprar!


⚙️ ESPECIFICAÇÕES TÉCNICAS
• Fabricante: Sabó
• Código da Peça: 79513FLEXR
• Código Original (OEM): 55188828S, 71736940
• Códigos Similares: Taranto 270700S, Elring 043.910S
• Material: Junta MLS Aço Inox + Retentores de Válvula em Viton Sabó
• Tipo: Kit Superior de Descarbonização de Cabeçote
• Condição: Produto 100% novo, lacrado na embalagem original


📦 CONTEÚDO & GARANTIA
• 01 Jogo de Juntas Superior Cabeçote com Retentores Fiat Fire 1.0 1.4 8V Sabó 79513FLEXR (Sabó 79513FLEXR)
• Acompanha Nota Fiscal Eletrônica (PF e PJ)
• Garantia de 6 meses contra defeitos de fabricação


❓ DÚVIDAS FREQUENTES
• Pronta Entrega: Sim, todos os produtos anunciados estão em estoque físico para envio imediato.
• Frete e Prazo: Calculados automaticamente pelo Mercado Envios digitando seu CEP no anúncio.
• Instalação: Recomendamos que a montagem seja feita por profissional especializado.


🛡️ BUSK Peças — Qualidade, Agilidade & Confiança"
SKU-090-SAB-79394FLEX;Junta Cabeçote Aço MLS Ford Fiesta Ka Ecosport 1.0 1.6 Sabó;200.00;12;Novo;Sabó;79394FLEX;XS6E6051AB, 2S6G6051A1B;6;Garantia do vendedor;"🚗 APLICAÇÃO VEICULAR
Confira os modelos e anos compatíveis:

• Ford Ka / Fiesta / Ecosport / Courier / Focus / Escort (Todas) — Motor 1.0 8V / 1.6 8V Zetec Rocam Gasolina / Flex (1999 a 2014)


⚠️ ALERTAS DE COMPATIBILIDADE
• Apenas para motores Ford Zetec Rocam 1.0 e 1.6 8V.
• Não serve no motor Endura-E (comando no bloco).
• Não serve no motor Sigma 1.5/1.6 16V nem Duratec 2.0.
• Recomendamos comparar o código gravado na sua peça com os códigos informados abaixo.
• Em caso de dúvidas sobre ano/versão, pergunte no campo abaixo antes de comprar!


⚙️ ESPECIFICAÇÕES TÉCNICAS
• Fabricante: Sabó
• Código da Peça: 79394FLEX
• Código Original (OEM): XS6E6051AB, 2S6G6051A1B
• Códigos Similares: Taranto 230700, Elring 247.430
• Material: Aço Inox MLS Multicamadas
• Norma: Ford Zetec Rocam 1.0 e 1.6 8V
• Condição: Produto 100% novo, lacrado na embalagem original


📦 CONTEÚDO & GARANTIA
• 01 Junta de Cabeçote em Aço MLS Ford Ka Fiesta Ecosport Courier 1.0 1.6 8V Zetec Rocam Sabó 79394FLEX (Sabó 79394FLEX)
• Acompanha Nota Fiscal Eletrônica (PF e PJ)
• Garantia de 6 meses contra defeitos de fabricação


❓ DÚVIDAS FREQUENTES
• Pronta Entrega: Sim, todos os produtos anunciados estão em estoque físico para envio imediato.
• Frete e Prazo: Calculados automaticamente pelo Mercado Envios digitando seu CEP no anúncio.
• Instalação: Recomendamos que a montagem seja feita por profissional especializado.


🛡️ BUSK Peças — Qualidade, Agilidade & Confiança"
SKU-091-SAB-80333FLEX;Jogo Junta Tampa Válvulas Fiat Palio Uno Siena 1.0 1.4 Sabó;190.00;16;Novo;Sabó;80333FLEX;7083332, 55198333;6;Garantia do vendedor;"🚗 APLICAÇÃO VEICULAR
Confira os modelos e anos compatíveis:

• Fiat Palio / Uno / Siena / Strada / Fiorino / Mille / Punto / Idea / Doblò (Fire / ELX / Attractive) — Motor 1.0 / 1.3 / 1.4 8V Fire Gasolina / Flex (2001 a 2016)


⚠️ ALERTAS DE COMPATIBILIDADE
• Para motores Fiat Fire 1.0, 1.3 e 1.4 8V.
• Não serve em tampas plásticas integradas de motores modernos Fire EVO / Firefly.
• Recomendamos comparar o código gravado na sua peça com os códigos informados abaixo.
• Em caso de dúvidas sobre ano/versão, pergunte no campo abaixo antes de comprar!


⚙️ ESPECIFICAÇÕES TÉCNICAS
• Fabricante: Sabó
• Código da Peça: 80333FLEX
• Código Original (OEM): 7083332, 55198333
• Códigos Similares: Taranto 270333, Elring 803.330
• Material: Elastômero ACM / NBR de alta flexibilidade e resistência a óleo
• Conteudo: Junta da tampa de válvulas + anéis vedadores dos coletores
• Condição: Produto 100% novo, lacrado na embalagem original


📦 CONTEÚDO & GARANTIA
• 01 Jogo de Juntas da Tampa de Válvulas e Coletores Fiat Fire 1.0 1.3 1.4 8V Sabó 80333FLEX (Sabó 80333FLEX)
• Acompanha Nota Fiscal Eletrônica (PF e PJ)
• Garantia de 6 meses contra defeitos de fabricação


❓ DÚVIDAS FREQUENTES
• Pronta Entrega: Sim, todos os produtos anunciados estão em estoque físico para envio imediato.
• Frete e Prazo: Calculados automaticamente pelo Mercado Envios digitando seu CEP no anúncio.
• Instalação: Recomendamos que a montagem seja feita por profissional especializado.


🛡️ BUSK Peças — Qualidade, Agilidade & Confiança"
SKU-092-SAB-79179FLEX;Junta Cabeçote MLS Renault Clio Sandero Logan 1.0 16V Sabó;105.00;7;Novo;Sabó;79179FLEX;7701473354, 8200388435;6;Garantia do vendedor;"🚗 APLICAÇÃO VEICULAR
Confira os modelos e anos compatíveis:

• Nissan March (S / SV) — Motor 1.0 16V D4D (4 cil) Flex (2011 a 2015)
• Peugeot 206 (Selection / Soleil / Presence) — Motor 1.0 16V D4D (4 cil) Gasolina (2001 a 2005)
• Renault Clio / Sandero / Logan / Kangoo / Twingo (Authentique / Expression) — Motor 1.0 16V D4D Hi-Flex (4 cil) Gasolina / Flex (2000 a 2016)


⚠️ ALERTAS DE COMPATIBILIDADE
• Para motor 1.0 16V 4 cilindros D4D Renault / Nissan / Peugeot.
• NÃO serve no motor 1.0 3 cilindros SCe / B4D (Kwid/Sandero SCe).
• NÃO serve nos motores 1.6 8V/16V K7M/K4M.
• Recomendamos comparar o código gravado na sua peça com os códigos informados abaixo.
• Em caso de dúvidas sobre ano/versão, pergunte no campo abaixo antes de comprar!


⚙️ ESPECIFICAÇÕES TÉCNICAS
• Fabricante: Sabó
• Código da Peça: 79179FLEX
• Código Original (OEM): 7701473354, 8200388435
• Códigos Similares: Taranto 290700, Elring 584.090
• Material: Aço Inox MLS Multicamadas
• Norma: Renault D4D 1.0 16V Hi-Flex
• Condição: Produto 100% novo, lacrado na embalagem original


📦 CONTEÚDO & GARANTIA
• 01 Junta de Cabeçote em Aço MLS Renault Clio Sandero Logan 1.0 16V D4D Sabó 79179FLEX (Sabó 79179FLEX)
• Acompanha Nota Fiscal Eletrônica (PF e PJ)
• Garantia de 6 meses contra defeitos de fabricação


❓ DÚVIDAS FREQUENTES
• Pronta Entrega: Sim, todos os produtos anunciados estão em estoque físico para envio imediato.
• Frete e Prazo: Calculados automaticamente pelo Mercado Envios digitando seu CEP no anúncio.
• Instalação: Recomendamos que a montagem seja feita por profissional especializado.


🛡️ BUSK Peças — Qualidade, Agilidade & Confiança"
SKU-093-SAB-75664;Junta Tampa Válvulas GM Corsa Celta Prisma 1.0 1.4 1.8 Sabó;85.00;18;Novo;Sabó;75664;90409594, 93332884;6;Garantia do vendedor;"🚗 APLICAÇÃO VEICULAR
Confira os modelos e anos compatíveis:

• Chevrolet Celta / Corsa / Classic / Prisma / Meriva / Montana / Agile / Cobalt / Spin (Todas) — Motor 1.0 / 1.4 / 1.6 / 1.8 8V Gasolina / Flex (1994 a 2018)
• Fiat Palio / Siena / Strada / Idea / Stilo / Punto / Doblò (HLX / ELX / Adventure / Sporting) — Motor 1.8 8V Powertrain (Motor GM) Gasolina / Flex (2003 a 2010)


⚠️ ALERTAS DE COMPATIBILIDADE
• Inclui anéis limitadores para evitar esmagamento da junta no aperto.
• Para motores GM Família I 8V (1.0 a 1.8).
• Não serve em motores 16V nem Família II.
• Recomendamos comparar o código gravado na sua peça com os códigos informados abaixo.
• Em caso de dúvidas sobre ano/versão, pergunte no campo abaixo antes de comprar!


⚙️ ESPECIFICAÇÕES TÉCNICAS
• Fabricante: Sabó
• Código da Peça: 75664
• Código Original (OEM): 90409594, 93332884
• Códigos Similares: Taranto 240400, Elring 898.340
• Material: Cortiça Emborrachada com Alma Metálica e Limitadores de Torque Integrados
• Condição: Produto 100% novo, lacrado na embalagem original


📦 CONTEÚDO & GARANTIA
• 01 Junta da Tampa de Válvulas com Defletor GM Corsa Celta Prisma Meriva Montana 1.0 1.4 1.6 1.8 8V Sabó 75664 (Sabó 75664)
• Acompanha Nota Fiscal Eletrônica (PF e PJ)
• Garantia de 6 meses contra defeitos de fabricação


❓ DÚVIDAS FREQUENTES
• Pronta Entrega: Sim, todos os produtos anunciados estão em estoque físico para envio imediato.
• Frete e Prazo: Calculados automaticamente pelo Mercado Envios digitando seu CEP no anúncio.
• Instalação: Recomendamos que a montagem seja feita por profissional especializado.


🛡️ BUSK Peças — Qualidade, Agilidade & Confiança"
SKU-094-SAB-75666;Junta Cárter Óleo GM Corsa Celta Prisma 1.0 1.4 1.8 8V Sabó;80.00;9;Novo;Sabó;75666;90528632, 93382166;6;Garantia do vendedor;"🚗 APLICAÇÃO VEICULAR
Confira os modelos e anos compatíveis:

• Chevrolet Corsa / Celta / Prisma / Classic / Montana / Meriva / Agile (Todas) — Motor 1.0 / 1.4 / 1.6 / 1.8 8V Gasolina / Flex (1994 a 2016)
• Fiat Palio / Siena / Strada / Doblò / Stilo / Idea (HLX / ELX / Adventure) — Motor 1.8 8V Powertrain (Motor GM) Gasolina / Flex (2003 a 2010)


⚠️ ALERTAS DE COMPATIBILIDADE
• Para cárter de chapa de aço GM Família I 8V.
• Não serve em cárteres de alumínio estrutural colados com silicone.
• Recomendamos comparar o código gravado na sua peça com os códigos informados abaixo.
• Em caso de dúvidas sobre ano/versão, pergunte no campo abaixo antes de comprar!


⚙️ ESPECIFICAÇÕES TÉCNICAS
• Fabricante: Sabó
• Código da Peça: 75666
• Código Original (OEM): 90528632, 93382166
• Códigos Similares: Taranto 240500, Elring 898.350
• Material: Borracha Nitrílica com alma de aço e limitadores de aperto integrados
• Aplicacao: Cárter de chapa de aço estampado GM Família I
• Condição: Produto 100% novo, lacrado na embalagem original


📦 CONTEÚDO & GARANTIA
• 01 Junta do Cárter de Óleo do Motor GM Corsa Celta Prisma Montana Meriva 1.0 a 1.8 8V Sabó 75666 (Sabó 75666)
• Acompanha Nota Fiscal Eletrônica (PF e PJ)
• Garantia de 6 meses contra defeitos de fabricação


❓ DÚVIDAS FREQUENTES
• Pronta Entrega: Sim, todos os produtos anunciados estão em estoque físico para envio imediato.
• Frete e Prazo: Calculados automaticamente pelo Mercado Envios digitando seu CEP no anúncio.
• Instalação: Recomendamos que a montagem seja feita por profissional especializado.


🛡️ BUSK Peças — Qualidade, Agilidade & Confiança"
SKU-095-SAB-76351;Junta Tubo Escapamento Flange 2 Furos GM VW Fiat Ford Sabó;30.00;180;Novo;Sabó;76351;90500511, 030253039;6;Garantia do vendedor;"🚗 APLICAÇÃO VEICULAR
Confira os modelos e anos compatíveis:

• Chevrolet / VW / Fiat / Ford Corsa / Celta / Gol / Santana / Uno / Palio / Escort (Diversas) — Motor 1.0 a 2.0 Todos (1990 a 2020)


⚠️ ALERTAS DE COMPATIBILIDADE
• Para flanges de escapamento de 2 furos da linha leve.
• Não serve em flanges triangulares de 3 furos ou conexões cônicas sem flange.
• Recomendamos comparar o código gravado na sua peça com os códigos informados abaixo.
• Em caso de dúvidas sobre ano/versão, pergunte no campo abaixo antes de comprar!


⚙️ ESPECIFICAÇÕES TÉCNICAS
• Fabricante: Sabó
• Código da Peça: 76351
• Código Original (OEM): 90500511, 030253039
• Códigos Similares: Taranto 240600, Spaulding J76351
• Material: Aço e Fibra Refratária de Alta Temperatura resistente a 900°C
• Furos: 2 furos de fixação com anel metálico interno de vedação
• Condição: Produto 100% novo, lacrado na embalagem original


📦 CONTEÚDO & GARANTIA
• 01 Junta da Flange do Tubo Primário de Escapamento 2 Furos Sabó 76351 (Sabó 76351)
• Acompanha Nota Fiscal Eletrônica (PF e PJ)
• Garantia de 6 meses contra defeitos de fabricação


❓ DÚVIDAS FREQUENTES
• Pronta Entrega: Sim, todos os produtos anunciados estão em estoque físico para envio imediato.
• Frete e Prazo: Calculados automaticamente pelo Mercado Envios digitando seu CEP no anúncio.
• Instalação: Recomendamos que a montagem seja feita por profissional especializado.


🛡️ BUSK Peças — Qualidade, Agilidade & Confiança"
SKU-096-SAB-76090;Junta Válvula Termostática GM Corsa Celta Astra Vectra Sabó;45.00;27;Novo;Sabó;76090;90411540, 030129717;6;Garantia do vendedor;"🚗 APLICAÇÃO VEICULAR
Confira os modelos e anos compatíveis:

• Chevrolet Astra / Vectra / Monza / Kadett / Ipanema / Zafira (GL / GLS / CD / Advantage) — Motor 1.8 / 2.0 8V Gasolina / Álcool / Flex (1982 a 2011)
• Chevrolet Corsa / Classic / Celta / Prisma (Todas) — Motor 1.0 / 1.4 / 1.6 8V Gasolina / Flex (1994 a 2016)


⚠️ ALERTAS DE COMPATIBILIDADE
• Para carcaça da válvula termostática de motores GM 8V.
• NÃO serve em motores VW AP / EA111 (utilizam anel O-ring de borracha).
• Recomendamos comparar o código gravado na sua peça com os códigos informados abaixo.
• Em caso de dúvidas sobre ano/versão, pergunte no campo abaixo antes de comprar!


⚙️ ESPECIFICAÇÕES TÉCNICAS
• Fabricante: Sabó
• Código da Peça: 76090
• Código Original (OEM): 90411540, 030129717
• Códigos Similares: Taranto 240650, Elring 760.900
• Material: Papelão Hidráulico Especial com Tratamento Grafite e Silicone Selante
• Condição: Produto 100% novo, lacrado na embalagem original


📦 CONTEÚDO & GARANTIA
• 01 Junta da Válvula Termostática e Carcaça de Arrefecimento GM Corsa Celta Astra Vectra Sabó 76090 (Sabó 76090)
• Acompanha Nota Fiscal Eletrônica (PF e PJ)
• Garantia de 6 meses contra defeitos de fabricação


❓ DÚVIDAS FREQUENTES
• Pronta Entrega: Sim, todos os produtos anunciados estão em estoque físico para envio imediato.
• Frete e Prazo: Calculados automaticamente pelo Mercado Envios digitando seu CEP no anúncio.
• Instalação: Recomendamos que a montagem seja feita por profissional especializado.


🛡️ BUSK Peças — Qualidade, Agilidade & Confiança"
SKU-097-SAB-07340;Retentor Flange Virabrequim Roda Fônica VW Gol Fox Polo Sabó;210.00;63;Novo;Sabó;07340;030103171L, 030103171K, 036103171B;6;Garantia do vendedor;"🚗 APLICAÇÃO VEICULAR
Confira os modelos e anos compatíveis:

• Volkswagen Fox / SpaceFox / CrossFox / Polo / Golf / Voyage / Saveiro (Todas) — Motor 1.0 8V / 1.6 8V EA111 Total Flex (2002 a 2021)
• Volkswagen Gol G2 / G3 / G4 / G5 / G6 / G7 / G8 (Todas) — Motor 1.0 8V / 1.0 16V / 1.6 8V EA111 e AT Gasolina / Flex (1997 a 2022)


⚠️ ALERTAS DE COMPATIBILIDADE
• ATENÇÃO: Requer ferramenta de sincronismo (ponto da roda fônica) na instalação.
• NÃO lubrificar o lábio de PTFE na montagem.
• Apenas para motores VW EA111 e AT 1.0 (NÃO serve em AP nem EA211).
• Recomendamos comparar o código gravado na sua peça com os códigos informados abaixo.
• Em caso de dúvidas sobre ano/versão, pergunte no campo abaixo antes de comprar!


⚙️ ESPECIFICAÇÕES TÉCNICAS
• Fabricante: Sabó
• Código da Peça: 07340
• Código Original (OEM): 030103171L, 030103171K, 036103171B
• Códigos Similares: Elring 761.020, Corteco 19036577, Taranto R260802V
• Material: Lábio em PTFE (Teflon) com Flange de Alumínio e Roda Fônica Integrada de 58 dentes
• Diametro Eixo: 85 mm
• Sentido Giro: Horário
• Condição: Produto 100% novo, lacrado na embalagem original


📦 CONTEÚDO & GARANTIA
• 01 Retentor Traseiro do Virabrequim com Flange em Alumínio e Roda Fônica Sabó 07340 (Sabó 07340)
• Acompanha Nota Fiscal Eletrônica (PF e PJ)
• Garantia de 6 meses contra defeitos de fabricação


❓ DÚVIDAS FREQUENTES
• Pronta Entrega: Sim, todos os produtos anunciados estão em estoque físico para envio imediato.
• Frete e Prazo: Calculados automaticamente pelo Mercado Envios digitando seu CEP no anúncio.
• Instalação: Recomendamos que a montagem seja feita por profissional especializado.


🛡️ BUSK Peças — Qualidade, Agilidade & Confiança"
SKU-098-SAB-01884;Retentor Cubo Roda Traseiro MB 1620 1418 1214 Sabo 01884;40.00;40;Novo;Sabó;01884;3459978346, 3089977346, 0159972647, 0109978147;6;Garantia do vendedor;"🚗 APLICAÇÃO VEICULAR
Confira os modelos e anos compatíveis:

• Mercedes-Benz Chassis de Ônibus OF-1318 / OF-1620 / OF-1721 / OF-1722 / O-500 (Urbano e Rodoviário) — Motor OM366LA / OM904LA / OM906LA Diesel (1993 a 2020)
• Mercedes-Benz Linha 1214 / 1218 / 1414 / 1418 / 1518 (Caminhão Toco / Médio) — Motor OM366 / OM366A / OM904LA Diesel (1989 a 2012)
• Mercedes-Benz Linha 1618 / 1620 / 1621 / 1622 / 1721 (Caminhão Médio e Semi-Pesado) — Motor OM366LA / OM906LA Diesel (1993 a 2014)
• Mercedes-Benz Linha 2423 / 2425 / 2426 / 2730 / Atego (Caminhão 6x2 / 6x4) — Motor OM906LA / OM926LA Diesel (1998 a 2020)


⚠️ ALERTAS DE COMPATIBILIDADE
• ⚠️ ATENÇÃO: Aplicação exclusiva em Cubo de Roda Traseiro com sistema de Freio a Ar para caminhões e ônibus Mercedes-Benz.
• ⚠️ Dimensões nominais: Eixo 120mm x Alojamento 145mm x Altura 15mm. Verifique o tipo de eixo (HL4/HL5/HD4) antes da montagem.
• ⚠️ Utilizar ferramenta guia adequada para prensagem uniforme sem deformar a carcaça metálica ou deslocar a mola.
• Recomendamos comparar o código gravado na sua peça com os códigos informados abaixo.
• Em caso de dúvidas sobre ano/versão, pergunte no campo abaixo antes de comprar!


⚙️ ESPECIFICAÇÕES TÉCNICAS
• Fabricante: Sabó
• Código da Peça: 01884
• Código Original (OEM): 3459978346, 3089977346, 0159972647, 0109978147
• Códigos Similares: Corteco 2101N, Arca 5054BG, Astra 01884
• Dimensoes: 120,00 x 145,00 x 15,00 mm
• Diametro Eixo: 120,00 mm
• Diametro Alojamento: 145,00 mm
• Altura: 15,00 mm
• Material: Borracha Nitrílica (NBR) de Alta Resistência Térmica e Mecânica
• Tipo Labio: BRAG (com mola de tração em aço e lábio guarda-pó contra impurezas)
• Sentido Rotacao: Bidirecional (BI)
• Condição: Produto 100% novo, lacrado na embalagem original


📦 CONTEÚDO & GARANTIA
• 01 Retentor do Cubo de Roda Traseiro Freio a Ar Mercedes-Benz Sabó 01884 (Sabó 01884)
• Acompanha Nota Fiscal Eletrônica (PF e PJ)
• Garantia de 6 meses contra defeitos de fabricação


❓ DÚVIDAS FREQUENTES
• Pronta Entrega: Sim, todos os produtos anunciados estão em estoque físico para envio imediato.
• Frete e Prazo: Calculados automaticamente pelo Mercado Envios digitando seu CEP no anúncio.
• Instalação: Recomendamos que a montagem seja feita por profissional especializado.


🛡️ BUSK Peças — Qualidade, Agilidade & Confiança"
SKU-099-SAB-02201;Retentor Pinhao Diferencial Dana S10 D20 Ranger Sabo 02201;55.00;27;Novo;Sabó;02201;93202201, BF5T4676A, 2RR525275, 26026857, FTC4939;6;Garantia do vendedor;"🚗 APLICAÇÃO VEICULAR
Confira os modelos e anos compatíveis:

• Chevrolet D10 / D20 / C10 / C20 / A20 / Veraneio / Bonanza (Todas as versões c/ Eixo Dana) — Motor 4.0 / 4.1 / Maxion / Perkins / MWM Diesel / Gasolina / Álcool (1979 a 1997)
• Chevrolet S10 / Blazer (4x2 e 4x4 - Cabine Simples / Dupla) — Motor 2.2 / 2.4 / 4.3 V6 / 2.5 / 2.8 Turbo Diesel Gasolina / Flex / Diesel (1995 a 2012)
• Chevrolet Silverado / Grand Blazer (Todas as versões) — Motor 4.1 MPFI / 4.2 MWM Sprint / Maxion S4 Gasolina / Diesel (1997 a 2002)
• Ford F-1000 / F-2000 / F-4000 (Todas com diferencial Dana) — Motor 3.6 / 4.9 / MWM 229 / MWM Sprint / X-10 Diesel / Gasolina (1979 a 1998)
• Ford Ranger (4x2 e 4x4) — Motor 2.3 / 2.5 / 2.8 / 3.0 / 4.0 V6 Gasolina / Diesel (1994 a 2012)
• Land Rover Defender 90 / 110 / 130 (4x4) — Motor 2.5 TDI / 300 TDI / Td5 Diesel (1990 a 2006)
• Mercedes-Benz Sprinter 310D / 312D (Furgão / Chassi / Van) — Motor 2.5 Maxion Turbo Diesel Diesel (1997 a 2002)
• Volkswagen Caminhões Leves 6.80 / 6.90 / 7.90 / 7.100 / 7.110 (Todas com Dana 70) — Motor MWM / Perkins Diesel (1982 a 2002)


⚠️ ALERTAS DE COMPATIBILIDADE
• ⚠️ ATENÇÃO: Aplicação exclusiva no pinhão do diferencial traseiro para eixos DANA 46 e DANA 70.
• ⚠️ Dimensões: Eixo 47,60mm x Alojamento 80,30mm x Altura 6,50/15,50mm. Não aplicável em diferenciais Braseixos.
• ⚠️ Substituir a porca do pinhão e conferir o pré-torque dos rolamentos no momento da instalação.
• Recomendamos comparar o código gravado na sua peça com os códigos informados abaixo.
• Em caso de dúvidas sobre ano/versão, pergunte no campo abaixo antes de comprar!


⚙️ ESPECIFICAÇÕES TÉCNICAS
• Fabricante: Sabó
• Código da Peça: 02201
• Código Original (OEM): 93202201, BF5T4676A, 2RR525275, 26026857, FTC4939
• Códigos Similares: Arca 5627-BRGEP, Corteco 2201P, Taranto R02201
• Dimensoes: 47,60 x 80,30 x 6,50 / 15,50 mm
• Diametro Eixo: 47,60 mm
• Diametro Alojamento: 80,30 mm
• Altura: 6,50 mm (aba) / 15,50 mm (total)
• Material: Poliacrílico (ACM) Especial de Alta Performance Térmica
• Tipo Labio: BRGEP (com mola de retenção, lábio protetor externo e ranhuras direcionais)
• Sentido Rotacao: Horário / Bi-direcional protegido
• Condição: Produto 100% novo, lacrado na embalagem original


📦 CONTEÚDO & GARANTIA
• 01 Retentor do Pinhão do Diferencial Dana 46/70 Utilitários Sabó 02201 (Sabó 02201)
• Acompanha Nota Fiscal Eletrônica (PF e PJ)
• Garantia de 6 meses contra defeitos de fabricação


❓ DÚVIDAS FREQUENTES
• Pronta Entrega: Sim, todos os produtos anunciados estão em estoque físico para envio imediato.
• Frete e Prazo: Calculados automaticamente pelo Mercado Envios digitando seu CEP no anúncio.
• Instalação: Recomendamos que a montagem seja feita por profissional especializado.


🛡️ BUSK Peças — Qualidade, Agilidade & Confiança"
SKU-100-SAB-09308;Retentor Haste Valvula Cummins ISB ISF Cargo VW Sabo 09308;120.00;27;Novo;Sabó;09308;3955393, 2R0109675B, BG5X6571A, 4895214;6;Garantia do vendedor;"🚗 APLICAÇÃO VEICULAR
Confira os modelos e anos compatíveis:

• Cummins Motores ISB 4 e 6 Cilindros (3.9 / 4.5 / 5.9 / 6.7) (Eletrônico 16V e 24V) — Motor 3.9 / 4.5 / 5.9 / 6.7 Turbo Intercooler Diesel (2000 a 2022)
• Cummins Motores ISF 3.8 e ISF 2.8 (Eletrônico 16V) — Motor 2.8 / 3.8 Turbo Diesel Diesel (2010 a 2022)
• Ford Cargo 815e / 1317e / 1517e / 1717e / 1722e / 2422e / 2428e (Caminhão Médio e Pesado) — Motor Cummins ISB 3.9 / 5.9 / 4 e 6 Cilindros Diesel (2005 a 2019)
• Ford F-250 / F-350 / F-4000 (Eletrônica) — Motor Cummins ISB 3.9 4 Cilindros 16V Diesel (2006 a 2019)
• Volkswagen Constellation 17.250E / 24.250E / 19.320E / 25.320E / 17.190 (Caminhão Médio e Pesado) — Motor Cummins ISB 5.9 / 6.7 Diesel (2006 a 2021)
• Volkswagen Delivery 5-140E / 8-150E / 9-150E / 8-160 / 9-160 / 10-160 (Caminhão Leve e Médio) — Motor Cummins ISF 3.8 / ISB 3.9 Diesel (2005 a 2021)


⚠️ ALERTAS DE COMPATIBILIDADE
• ⚠️ ATENÇÃO: Retentor para haste de 7,00mm em motores Cummins Série ISB 4/6 cilindros e ISF 3.8 / 2.8.
• ⚠️ Não utilizar ferramentas pontiagudas para instalação sobre a guia para não romper a mola interna.
• ⚠️ Utilizar capa plástica de proteção sobre a ponta da haste ao inserir a válvula.
• Recomendamos comparar o código gravado na sua peça com os códigos informados abaixo.
• Em caso de dúvidas sobre ano/versão, pergunte no campo abaixo antes de comprar!


⚙️ ESPECIFICAÇÕES TÉCNICAS
• Fabricante: Sabó
• Código da Peça: 09308
• Código Original (OEM): 3955393, 2R0109675B, BG5X6571A, 4895214
• Códigos Similares: Corteco 8429V, Elring 023.770, Taranto R09308V
• Dimensoes: 7,00 x 12,50 x 14,60 mm
• Diametro Eixo: 7,00 mm (Haste)
• Diametro Alojamento: 12,50 mm (Guia)
• Altura: 14,60 mm
• Material: Fluorelastômero (FPM / Viton) Verde de Altíssima Performance
• Tipo Labio: BREF (com mola espiral em aço inox e carcaça metálica integrada)
• Sentido Rotacao: Bidirecional / Estático na guia
• Condição: Produto 100% novo, lacrado na embalagem original


📦 CONTEÚDO & GARANTIA
• 01 Retentor de Haste de Válvula Motores Cummins ISB ISF 3.8 Sabó 09308 (Sabó 09308)
• Acompanha Nota Fiscal Eletrônica (PF e PJ)
• Garantia de 6 meses contra defeitos de fabricação


❓ DÚVIDAS FREQUENTES
• Pronta Entrega: Sim, todos os produtos anunciados estão em estoque físico para envio imediato.
• Frete e Prazo: Calculados automaticamente pelo Mercado Envios digitando seu CEP no anúncio.
• Instalação: Recomendamos que a montagem seja feita por profissional especializado.


🛡️ BUSK Peças — Qualidade, Agilidade & Confiança"
SKU-101-SAB-09250;Jogo Retentores Haste Valvula Ford Zetec Rocam Sabo 09250;90.00;19;Novo;Sabó;09250;XS6E6571AB, 988M6571AA, 109675, 1113172;6;Garantia do vendedor;"🚗 APLICAÇÃO VEICULAR
Confira os modelos e anos compatíveis:

• Ford Courier (L / XL / Van) — Motor 1.6 8V Zetec Rocam Gasolina / Flex (1999 a 2013)
• Ford EcoSport (XL / XLS / XLT / Freestyle) — Motor 1.0 8V Supercharger / 1.6 8V Zetec Rocam Gasolina / Flex (2003 a 2012)
• Ford Escort (Hatch e SW GL) — Motor 1.6 8V Zetec Rocam Gasolina (2000 a 2002)
• Ford Fiesta (Street / Hatch / Sedan / Personnalité / Trail) — Motor 1.0 8V / 1.6 8V Zetec Rocam Gasolina / Flex (1999 a 2014)
• Ford Focus (Hatch e Sedan GL / GLX) — Motor 1.6 8V Zetec Rocam Gasolina / Flex (2003 a 2009)
• Ford Ka (Action / Black / Image / MP3 / Tecno / Fly / Pulse) — Motor 1.0 8V / 1.6 8V Zetec Rocam Gasolina / Flex (1999 a 2014)


⚠️ ALERTAS DE COMPATIBILIDADE
• ⚠️ ATENÇÃO: Compatível exclusivamente com motores Ford Zetec Rocam 1.0 8V e 1.6 8V (Haste de 6,00mm).
• ⚠️ Não aplicar em motores Zetec 16V (1.8/2.0) nem em motores Endura.
• ⚠️ Aplicar lubrificação com óleo de motor na montagem da válvula para evitar atrito seco inicial.
• Recomendamos comparar o código gravado na sua peça com os códigos informados abaixo.
• Em caso de dúvidas sobre ano/versão, pergunte no campo abaixo antes de comprar!


⚙️ ESPECIFICAÇÕES TÉCNICAS
• Fabricante: Sabó
• Código da Peça: 09250
• Código Original (OEM): XS6E6571AB, 988M6571AA, 109675, 1113172
• Códigos Similares: Corteco 9250V, Taranto R09250V, Elring 403.730
• Dimensoes: 6,00 x 11,00 x 17,80 mm
• Diametro Eixo: 6,00 mm (Haste)
• Diametro Alojamento: 11,00 mm (Guia)
• Altura: 17,80 mm
• Material: Fluorelastômero (FPM / Viton) de Altíssima Resiliência Térmica
• Tipo Labio: BREF (com mola helicoidal de aço e corpo metálico vulcanizado)
• Sentido Rotacao: Bidirecional / Vedação da guia
• Condição: Produto 100% novo, lacrado na embalagem original


📦 CONTEÚDO & GARANTIA
• 01 Jogo de Retentores de Haste de Válvula Ford Zetec Rocam Sabó 09250 (Sabó 09250)
• Acompanha Nota Fiscal Eletrônica (PF e PJ)
• Garantia de 6 meses contra defeitos de fabricação


❓ DÚVIDAS FREQUENTES
• Pronta Entrega: Sim, todos os produtos anunciados estão em estoque físico para envio imediato.
• Frete e Prazo: Calculados automaticamente pelo Mercado Envios digitando seu CEP no anúncio.
• Instalação: Recomendamos que a montagem seja feita por profissional especializado.


🛡️ BUSK Peças — Qualidade, Agilidade & Confiança"
SKU-102-SAB-02005;Retentor Virabrequim Dianteiro Fiat Uno Palio Sabo 02005;45.00;10;Novo;Sabó;02005;40000820, 40000830, 75210200, 7547072;6;Garantia do vendedor;"🚗 APLICAÇÃO VEICULAR
Confira os modelos e anos compatíveis:

• Fiat 147 / Spazio / Oggi / Panorama (Todas as versões) — Motor 1050 / 1300 Motor Fiasa Gasolina / Álcool (1976 a 1987)
• Fiat Fiorino / Prêmio / Elba (Furgão / Pick-up / S / CS / SL / CSL) — Motor 1.0 / 1.3 / 1.5 Motor Fiasa Gasolina / Álcool (1985 a 2004)
• Fiat Palio / Siena / Strada / Weekend (EL / ED / EDX / EX / 6 Marchas) — Motor 1.0 / 1.5 Motor Fiasa 8V Gasolina / Álcool (1996 a 2001)
• Fiat Tipo (IE) — Motor 1.6 8V Motor Sevel Gasolina (1993 a 1997)
• Fiat Uno / Mille (Mille / CS / S / SX / Brio / EP / EX / Smart) — Motor 1.0 / 1.3 / 1.5 Motor Fiasa Gasolina / Álcool (1984 a 2004)


⚠️ ALERTAS DE COMPATIBILIDADE
• ⚠️ ATENÇÃO: Aplicação exclusiva na dianteira do virabrequim para motores Fiat FIASA e SEVEL clássicos.
• ⚠️ Não serve na linha Fiat FIRE nem na linha E.torQ (que utilizam medidas diferentes).
• ⚠️ Limpar a superfície do colo do virabrequim e lubrificar a aresta de vedação antes da instalação.
• Recomendamos comparar o código gravado na sua peça com os códigos informados abaixo.
• Em caso de dúvidas sobre ano/versão, pergunte no campo abaixo antes de comprar!


⚙️ ESPECIFICAÇÕES TÉCNICAS
• Fabricante: Sabó
• Código da Peça: 02005
• Código Original (OEM): 40000820, 40000830, 75210200, 7547072
• Códigos Similares: Corteco 12011115B, Taranto R270101, Arca 5005BAG
• Dimensoes: 40,00 x 56,00 x 7,00 mm
• Diametro Eixo: 40,00 mm
• Diametro Alojamento: 56,00 mm
• Altura: 7,00 mm
• Material: Poliacrílico (ACM) de Alta Resistência ao Óleo de Motor
• Tipo Labio: BAGP (com mola de aço, lábio guarda-pó e estrias helicoidais de retorno de óleo)
• Sentido Rotacao: Horário (AH / Direito)
• Condição: Produto 100% novo, lacrado na embalagem original


📦 CONTEÚDO & GARANTIA
• 01 Retentor Dianteiro do Virabrequim Fiat Fiasa 1.0 1.3 1.5 Sabó 02005 (Sabó 02005)
• Acompanha Nota Fiscal Eletrônica (PF e PJ)
• Garantia de 6 meses contra defeitos de fabricação


❓ DÚVIDAS FREQUENTES
• Pronta Entrega: Sim, todos os produtos anunciados estão em estoque físico para envio imediato.
• Frete e Prazo: Calculados automaticamente pelo Mercado Envios digitando seu CEP no anúncio.
• Instalação: Recomendamos que a montagem seja feita por profissional especializado.


🛡️ BUSK Peças — Qualidade, Agilidade & Confiança"
SKU-103-SAB-05808;Retentor Comando Valvula Fiat Novo Uno Mobi Sabo 05808;55.00;30;Novo;Sabó;05808;55231768, 55206525, 7088424;6;Garantia do vendedor;"🚗 APLICAÇÃO VEICULAR
Confira os modelos e anos compatíveis:

• Fiat Fiorino (Nova Fiorino Furgão / Hard Working) — Motor 1.4 8V Fire EVO Flex (2014 a 2022)
• Fiat Grand Siena (Attractive) — Motor 1.0 8V Fire EVO Flex (2017 a 2022)
• Fiat Mobi (Easy / Like / Way / Drive) — Motor 1.0 8V Fire EVO 4 Cilindros Flex (2016 a 2022)
• Fiat Novo Palio (Attractive) — Motor 1.0 8V Fire EVO Flex (2012 a 2017)
• Fiat Novo Uno (Vivace / Way / Attractive / Sporting / Economy) — Motor 1.0 8V Fire EVO Flex (2010 a 2016)


⚠️ ALERTAS DE COMPATIBILIDADE
• ⚠️ ATENÇÃO: Desenvolvido para a nova geração de motores Fiat FIRE EVO 1.0 8V com variador/polia moderna.
• ⚠️ Dimensões: 31,00 x 55,00 x 7,00 mm. Não confundir com o motor Fire clássico (que usa o retentor Sabó 05285 / 30x42x7).
• ⚠️ Evita que o vazamento de óleo contamine a correia dentada, prevenindo quebra e empenamento de válvulas.
• Recomendamos comparar o código gravado na sua peça com os códigos informados abaixo.
• Em caso de dúvidas sobre ano/versão, pergunte no campo abaixo antes de comprar!


⚙️ ESPECIFICAÇÕES TÉCNICAS
• Fabricante: Sabó
• Código da Peça: 05808
• Código Original (OEM): 55231768, 55206525, 7088424
• Códigos Similares: Corteco 12015808B, Taranto R270508V, Elring 389.040
• Dimensoes: 31,00 x 55,00 x 7,00 mm
• Diametro Eixo: 31,00 mm
• Diametro Alojamento: 55,00 mm
• Altura: 7,00 mm
• Material: Fluorelastômero (FPM / Viton) de Alta Resistência Química e Térmica
• Tipo Labio: BRAGF (com mola de aço, lábio protetor externo e carcaça externa emborrachada)
• Sentido Rotacao: Horário (Direito / R)
• Condição: Produto 100% novo, lacrado na embalagem original


📦 CONTEÚDO & GARANTIA
• 01 Retentor do Comando de Válvulas Fiat Fire EVO 1.0 8V Sabó 05808 (Sabó 05808)
• Acompanha Nota Fiscal Eletrônica (PF e PJ)
• Garantia de 6 meses contra defeitos de fabricação


❓ DÚVIDAS FREQUENTES
• Pronta Entrega: Sim, todos os produtos anunciados estão em estoque físico para envio imediato.
• Frete e Prazo: Calculados automaticamente pelo Mercado Envios digitando seu CEP no anúncio.
• Instalação: Recomendamos que a montagem seja feita por profissional especializado.


🛡️ BUSK Peças — Qualidade, Agilidade & Confiança"
SKU-104-SAB-09237;Retentor Haste Valvula Mercedes Axor 1938 OM457 Sabo 09237;20.00;13;Novo;Sabó;09237;0000535358, 0000533558, 0000535258, A0000535358;6;Garantia do vendedor;"🚗 APLICAÇÃO VEICULAR
Confira os modelos e anos compatíveis:

• Mercedes-Benz Linha 1938 / 1938 S / 1944 / 2638 (Cavalo Mecânico) — Motor OM 457 LA Turbo Intercooler Diesel (1998 a 2006)
• Mercedes-Benz Linha Actros (versões com motor OM 460 LA) (Pesado) — Motor OM 460 LA Diesel (2010 a 2022)
• Mercedes-Benz Linha Axor 1933 / 2035 / 2040 / 2540 / 2544 / 2640 / 2644 / 3340 / 3344 (Cavalo Mecânico e Traçado) — Motor OM 457 LA 12.0L 6 Cilindros Diesel (2005 a 2022)
• Mercedes-Benz Linha de Ônibus O-400 RSD / O-400 RSE / O-500 RSD (Rodoviário / Urbano) — Motor OM 457 LA 6 Cilindros Diesel (1998 a 2020)


⚠️ ALERTAS DE COMPATIBILIDADE
• ⚠️ ATENÇÃO: Aplicação em motores Mercedes-Benz OM 457 LA e OM 460 LA (Haste de Válvula de 9,00mm).
• ⚠️ Utilizado em caminhões pesados Mercedes-Benz Axor, 1938, 2638 e ônibus O-400 RSD.
• ⚠️ Substituir o conjunto completo de retentores no momento da retífica de cabeçote.
• Recomendamos comparar o código gravado na sua peça com os códigos informados abaixo.
• Em caso de dúvidas sobre ano/versão, pergunte no campo abaixo antes de comprar!


⚙️ ESPECIFICAÇÕES TÉCNICAS
• Fabricante: Sabó
• Código da Peça: 09237
• Código Original (OEM): 0000535358, 0000533558, 0000535258, A0000535358
• Códigos Similares: Corteco 12019237V, Elring 023.830, Taranto R09237, Victor Reinz 70-34358-00
• Dimensoes: 9,00 x 12,00 x 7,00 mm
• Diametro Eixo: 9,00 mm (Haste)
• Diametro Alojamento: 12,00 mm (Guia)
• Altura: 7,00 mm
• Material: Fluorelastômero (FPM / Viton) Especial Linha Pesada
• Tipo Labio: BREF (com mola de aço inox e encamisamento para alta pressão)
• Sentido Rotacao: Bidirecional / Estático na guia
• Condição: Produto 100% novo, lacrado na embalagem original


📦 CONTEÚDO & GARANTIA
• 01 Retentor de Haste de Válvula Mercedes-Benz OM457 LA Sabó 09237 (Sabó 09237)
• Acompanha Nota Fiscal Eletrônica (PF e PJ)
• Garantia de 6 meses contra defeitos de fabricação


❓ DÚVIDAS FREQUENTES
• Pronta Entrega: Sim, todos os produtos anunciados estão em estoque físico para envio imediato.
• Frete e Prazo: Calculados automaticamente pelo Mercado Envios digitando seu CEP no anúncio.
• Instalação: Recomendamos que a montagem seja feita por profissional especializado.


🛡️ BUSK Peças — Qualidade, Agilidade & Confiança"
SKU-105-SAB-02395;Retentor Roda Traseira Semi Eixo GM D20 Silverado Sabo 02395;55.00;21;Novo;Sabó;02395;7324263, 93202395, 94625295, 93206239;6;Garantia do vendedor;"🚗 APLICAÇÃO VEICULAR
Confira os modelos e anos compatíveis:

• Chevrolet Bonanza / Veraneio (Todas as versões) — Motor 4.1 / Maxion Turbo Diesel Gasolina / Álcool / Diesel (1979 a 1996)
• Chevrolet D20 / C20 / A20 / D10 / C10 / A10 (Cabine Simples e Dupla) — Motor Diesel Maxion / Perkins / Álcool / Gasolina 4.1 Diesel / Gasolina / Álcool (1979 a 1997)
• Chevrolet Silverado / Grand Blazer (Conquest / DLX / Tropical) — Motor 4.1 MPFI / 4.2 MWM Sprint / Maxion S4 Gasolina / Diesel (1997 a 2002)


⚠️ ALERTAS DE COMPATIBILIDADE
• ⚠️ ATENÇÃO: Aplicação no semi-eixo da roda traseira (semi-árvore) de utilitários Chevrolet com eixo Braseixos/Dana.
• ⚠️ Dimensões: Eixo 45,00mm x Alojamento 73,10mm x Altura 13,00mm. Não aplicar no cubo dianteiro (que utiliza Sabó 02415).
• ⚠️ Lubrificar o lábio interno com graxa automotiva antes de deslizar a semi-árvore no eixo.
• Recomendamos comparar o código gravado na sua peça com os códigos informados abaixo.
• Em caso de dúvidas sobre ano/versão, pergunte no campo abaixo antes de comprar!


⚙️ ESPECIFICAÇÕES TÉCNICAS
• Fabricante: Sabó
• Código da Peça: 02395
• Código Original (OEM): 7324263, 93202395, 94625295, 93206239
• Códigos Similares: Corteco 12012395B, Taranto R240901, Arca 5395BAG
• Dimensoes: 45,00 x 73,10 x 13,00 mm
• Diametro Eixo: 45,00 mm
• Diametro Alojamento: 73,10 mm
• Altura: 13,00 mm
• Material: Borracha Nitrílica (NBR) de Alta Resistência a Graxa e Óleo
• Tipo Labio: BAGG (duplo lábio com mola helicoidal em aço e blindagem externa)
• Sentido Rotacao: Bidirecional (BI)
• Condição: Produto 100% novo, lacrado na embalagem original


📦 CONTEÚDO & GARANTIA
• 01 Retentor do Semi-Eixo Traseiro GM D20 Silverado Bonanza Sabó 02395 (Sabó 02395)
• Acompanha Nota Fiscal Eletrônica (PF e PJ)
• Garantia de 6 meses contra defeitos de fabricação


❓ DÚVIDAS FREQUENTES
• Pronta Entrega: Sim, todos os produtos anunciados estão em estoque físico para envio imediato.
• Frete e Prazo: Calculados automaticamente pelo Mercado Envios digitando seu CEP no anúncio.
• Instalação: Recomendamos que a montagem seja feita por profissional especializado.


🛡️ BUSK Peças — Qualidade, Agilidade & Confiança"
SKU-106-SAB-01535;Retentor Eixo Piloto Cambio VW Fusca Gol Santana Sabo 01535;45.00;20;Novo;Sabó;01535;N149021, 0009974846, 1441007X1;6;Garantia do vendedor;"🚗 APLICAÇÃO VEICULAR
Confira os modelos e anos compatíveis:

• Mercedes-Benz Linha 608 / 708 / 709 / 912 / 1113 / 1518 (Caminhão Leve e Médio) — Motor OM314 / OM352 Diesel (1970 a 1996)
• Renault Trafic (Furgão / Chassi) — Motor 2.0 / 2.2 Gasolina / Diesel (1990 a 2002)
• Volkswagen Apollo / Logus / Pointer (GL / GLS / GLSi) — Motor 1.8 / 2.0 AP Gasolina / Álcool (1990 a 1996)
• Volkswagen Fusca / Brasília / Kombi / Variant / Karmann Ghia (Todos c/ Caixa 4 Marchas) — Motor 1300 / 1500 / 1600 Boxer Refrigerado a Ar Gasolina / Álcool (1959 a 2014)
• Volkswagen Gol / Parati / Saveiro / Voyage / Passat (Quadrado / G2 / G3 / G4) — Motor 1.3 / 1.5 / 1.6 / 1.8 / 2.0 Motor AP e CHT Gasolina / Álcool / Flex (1980 a 2014)
• Volkswagen Santana / Quantum (CL / GL / GLS / CD / Exclusiv) — Motor 1.8 / 2.0 Motor AP Transmissão Manual Gasolina / Álcool (1984 a 2006)


⚠️ ALERTAS DE COMPATIBILIDADE
• ⚠️ ATENÇÃO: Vedação do eixo piloto do câmbio na linha Volkswagen (transmissão manual) e setor da caixa de direção.
• ⚠️ Dimensões: Eixo 30,00mm x Alojamento 40,00mm x Altura 7,00mm.
• ⚠️ Evita que o vazamento de óleo do câmbio atinja o disco de embreagem, impedindo trepidação e patinamento.
• Recomendamos comparar o código gravado na sua peça com os códigos informados abaixo.
• Em caso de dúvidas sobre ano/versão, pergunte no campo abaixo antes de comprar!


⚙️ ESPECIFICAÇÕES TÉCNICAS
• Fabricante: Sabó
• Código da Peça: 01535
• Código Original (OEM): N149021, 0009974846, 1441007X1
• Códigos Similares: Corteco 12011535B, Arca 5270-BR, Taranto R260102
• Dimensoes: 30,00 x 40,00 x 7,00 mm
• Diametro Eixo: 30,00 mm
• Diametro Alojamento: 40,00 mm
• Altura: 7,00 mm
• Material: Borracha Nitrílica (NBR) Resistente a Óleos de Transmissão (SAE 80W / 90)
• Tipo Labio: BR (com mola de tração em aço carbono e carcaça metálica emborrachada)
• Sentido Rotacao: Bidirecional (LI)
• Condição: Produto 100% novo, lacrado na embalagem original


📦 CONTEÚDO & GARANTIA
• 01 Retentor do Eixo Piloto Transmissão e Direção VW Sabó 01535 (Sabó 01535)
• Acompanha Nota Fiscal Eletrônica (PF e PJ)
• Garantia de 6 meses contra defeitos de fabricação


❓ DÚVIDAS FREQUENTES
• Pronta Entrega: Sim, todos os produtos anunciados estão em estoque físico para envio imediato.
• Frete e Prazo: Calculados automaticamente pelo Mercado Envios digitando seu CEP no anúncio.
• Instalação: Recomendamos que a montagem seja feita por profissional especializado.


🛡️ BUSK Peças — Qualidade, Agilidade & Confiança"
SKU-107-SAB-05590;Retentor Virabrequim Traseiro Peugeot 206 207 C3 Sabo 05590;90.00;19;Novo;Sabó;05590;051474, 051440, 0514A2, 9820978780, 7703087224, 7703087190;6;Garantia do vendedor;"🚗 APLICAÇÃO VEICULAR
Confira os modelos e anos compatíveis:

• Chevrolet S10 / Blazer (4x2 e 4x4) — Motor 2.8 8V Turbo Diesel MWM Sprint 4.07TCA Diesel (2000 a 2011)
• Citroën C3 / C3 Picasso / Aircross (GLX / Exclusive / Tendance / Feel) — Motor 1.4 8V / 1.5 8V / 1.6 16V TU5JP4 EC5 Gasolina / Flex (2003 a 2022)
• Citroën C4 / C4 Pallas / C4 Lounge / Xsara / Berlingo (GLX / Exclusive) — Motor 1.6 16V / 2.0 16V Gasolina / Flex (2000 a 2020)
• Peugeot 206 / 207 / 208 / 2008 (Presence / Soleil / Feline / Allure / Griffe) — Motor 1.4 8V TU3JP / 1.5 8V / 1.6 16V TU5JP4 EC5 Gasolina / Flex (2001 a 2022)
• Peugeot 307 / 308 / Partner / Hoggar (Hatch / Sedan / Furgão / Escapade) — Motor 1.6 16V TU5JP4 / 2.0 16V EW10 Gasolina / Flex (2002 a 2020)
• Renault Duster / Duster Oroch / Sandero RS / Megane / Scenic / Laguna (Dynamique / Expression / RS) — Motor 2.0 16V Motor F4R Gasolina / Flex (2001 a 2022)


⚠️ ALERTAS DE COMPATIBILIDADE
• ⚠️ ATENÇÃO: Sentido de rotação Anti-horário (ESQ). Aplicação no traseiro do virabrequim (lado volante).
• ⚠️ Dimensões: Eixo 85,00mm x Alojamento 105,00mm x Altura 9,00mm.
• ⚠️ Não aplicar em motores que exigem rotação horária ou flanges plásticas integradas.
• Recomendamos comparar o código gravado na sua peça com os códigos informados abaixo.
• Em caso de dúvidas sobre ano/versão, pergunte no campo abaixo antes de comprar!


⚙️ ESPECIFICAÇÕES TÉCNICAS
• Fabricante: Sabó
• Código da Peça: 05590
• Código Original (OEM): 051474, 051440, 0514A2, 9820978780, 7703087224, 7703087190
• Códigos Similares: Corteco 19036590, Elring 762.030, Taranto R230802V
• Dimensoes: 85,00 x 105,00 x 9,00 mm
• Diametro Eixo: 85,00 mm
• Diametro Alojamento: 105,00 mm
• Altura: 9,00 mm
• Material: Fluorelastômero (FPM / Viton) de Alta Performance Térmica
• Tipo Labio: BRGF (com mola em aço inox e estrias hidrodinâmicas de retorno)
• Sentido Rotacao: Anti-horário (ESQ / Left)
• Condição: Produto 100% novo, lacrado na embalagem original


📦 CONTEÚDO & GARANTIA
• 01 Retentor Traseiro do Virabrequim Peugeot Citroen Renault Sabó 05590 (Sabó 05590)
• Acompanha Nota Fiscal Eletrônica (PF e PJ)
• Garantia de 6 meses contra defeitos de fabricação


❓ DÚVIDAS FREQUENTES
• Pronta Entrega: Sim, todos os produtos anunciados estão em estoque físico para envio imediato.
• Frete e Prazo: Calculados automaticamente pelo Mercado Envios digitando seu CEP no anúncio.
• Instalação: Recomendamos que a montagem seja feita por profissional especializado.


🛡️ BUSK Peças — Qualidade, Agilidade & Confiança"
SKU-108-SAB-03025;Retentor Eixo Balanceador Mitsubishi L200 HR Sabo 03025;30.00;54;Novo;Sabó;03025;MD343563, MD050608, 21321-42011, 21321-42021, 21321-42031;6;Garantia do vendedor;"🚗 APLICAÇÃO VEICULAR
Confira os modelos e anos compatíveis:

• Hyundai H100 (Van e Furgão) — Motor 2.5 8V Diesel D4BB / D4BH Diesel (1995 a 2004)
• Hyundai HR (Chassi e Baú) — Motor 2.5 8V Turbo Diesel Intercooler D4BH / D4BA Diesel (2005 a 2012)
• Kia Bongo K2500 (Chassi / Carroceria) — Motor 2.5 8V Turbo Diesel TCI Diesel (2005 a 2012)
• Mitsubishi L200 / L200 Sport / Outdoor / Savana / GL / GLS / HPE (Cabine Simples e Dupla 4x4) — Motor 2.5 8V Turbo Diesel 4D56 Diesel (1992 a 2012)
• Mitsubishi L300 (Van e Furgão) — Motor 2.5 8V Diesel 4D56 Diesel (1995 a 2003)
• Mitsubishi Pajero / Pajero Sport / Pajero Dakar (GLX / GLS / HPE) — Motor 2.5 8V Turbo Diesel 4D56 Diesel (1992 a 2011)


⚠️ ALERTAS DE COMPATIBILIDADE
• ⚠️ ATENÇÃO: Retentor do eixo balanceador maior para motores 2.5 8V Turbo Diesel Mitsubishi 4D56 e Hyundai D4BH/D4BA.
• ⚠️ Dimensões nominais: Eixo 25,00mm x Alojamento 35,00mm x Altura 6,00mm.
• ⚠️ Substituir sempre que realizar a troca das correias dentadas e sincronizadoras para evitar vazamento interno na correia.
• Recomendamos comparar o código gravado na sua peça com os códigos informados abaixo.
• Em caso de dúvidas sobre ano/versão, pergunte no campo abaixo antes de comprar!


⚙️ ESPECIFICAÇÕES TÉCNICAS
• Fabricante: Sabó
• Código da Peça: 03025
• Código Original (OEM): MD343563, MD050608, 21321-42011, 21321-42021, 21321-42031
• Códigos Similares: Corteco 12013025V, Arca 6093-BRGF, Taranto R320301V
• Dimensoes: 25,00 x 35,00 x 6,00 mm
• Diametro Eixo: 25,00 mm
• Diametro Alojamento: 35,00 mm
• Altura: 6,00 mm
• Material: Fluorelastômero (FPM / Viton) Especial para Motores Diesel
• Tipo Labio: BRGF (com mola de aço inox e perfil com estrias direcionais)
• Sentido Rotacao: Horário / Bi-direcional protegido
• Condição: Produto 100% novo, lacrado na embalagem original


📦 CONTEÚDO & GARANTIA
• 01 Retentor do Eixo Balanceador Mitsubishi L200 Pajero Hyundai HR Sabó 03025 (Sabó 03025)
• Acompanha Nota Fiscal Eletrônica (PF e PJ)
• Garantia de 6 meses contra defeitos de fabricação


❓ DÚVIDAS FREQUENTES
• Pronta Entrega: Sim, todos os produtos anunciados estão em estoque físico para envio imediato.
• Frete e Prazo: Calculados automaticamente pelo Mercado Envios digitando seu CEP no anúncio.
• Instalação: Recomendamos que a montagem seja feita por profissional especializado.


🛡️ BUSK Peças — Qualidade, Agilidade & Confiança"
SKU-109-SAB-02702;Retentor Virabrequim Traseiro Corsa Celta Onix Sabo 02702;70.00;35;Novo;Sabó;02702;24578614, 90233236, 90325771, 90352111, 93309906, 7083329;6;Garantia do vendedor;"🚗 APLICAÇÃO VEICULAR
Confira os modelos e anos compatíveis:

• Chevrolet Agile / Montana (LT / LTZ / Sport / Combo) — Motor 1.4 8V / 1.8 8V Flex (2003 a 2021)
• Chevrolet Astra / Vectra / Zafira / Meriva (GL / GLS / CD / Elegance / Elite / Expression) — Motor 1.8 / 2.0 / 2.2 / 2.4 8V e 16V Família II Gasolina / Flex (1995 a 2012)
• Chevrolet Celta / Prisma (Life / Spirit / Super / LT / Maxx / Joy) — Motor 1.0 / 1.4 8V VHC / VHCE / SPE4 Gasolina / Flex (2000 a 2019)
• Chevrolet Corsa / Corsa Classic / Pick-up Corsa / Wagon (Wind / Super / GL / GLS / Maxx / Joy / Premium) — Motor 1.0 / 1.4 / 1.6 / 1.8 8V e 16V Família I Gasolina / Flex (1994 a 2016)
• Chevrolet Onix / Prisma (Geração 1) / Cobalt / Spin / Sonic (LT / LTZ / Advantage / Premier / Activ) — Motor 1.0 / 1.4 / 1.8 8V SPE/4 e EconoFlex Flex (2012 a 2020)
• Fiat Palio / Siena / Strada / Palio Weekend / Adventure (HLX / ELX / Adventure / Locker / Trekking) — Motor 1.8 8V Powertrain Motor GM Gasolina / Flex (2003 a 2011)
• Fiat Punto / Idea / Stilo / Doblò (HLX / Sporting / ELX / Adventure / Attractive) — Motor 1.8 8V Powertrain Motor GM Gasolina / Flex (2003 a 2011)


⚠️ ALERTAS DE COMPATIBILIDADE
• ⚠️ ATENÇÃO: Aplicação no retentor traseiro do virabrequim (volante do motor) para toda a linha GM Família I e II 8V.
• ⚠️ Compatível também com a linha Fiat com motor 1.8 8V Powertrain GM (Palio, Siena, Strada, Punto, Idea, Stilo, Doblò).
• ⚠️ Dimensões: Eixo 80,00mm x Alojamento 98,00mm x Altura 10,00mm. Lubrificar o lábio com óleo limpo antes do encaixe.
• Recomendamos comparar o código gravado na sua peça com os códigos informados abaixo.
• Em caso de dúvidas sobre ano/versão, pergunte no campo abaixo antes de comprar!


⚙️ ESPECIFICAÇÕES TÉCNICAS
• Fabricante: Sabó
• Código da Peça: 02702
• Código Original (OEM): 24578614, 90233236, 90325771, 90352111, 93309906, 7083329
• Códigos Similares: Corteco 2702V, Corteco 0662V, Taranto R240801V, Elring 584.815, Arca 6398
• Dimensoes: 80,00 x 98,00 x 10,00 mm
• Diametro Eixo: 80,00 mm
• Diametro Alojamento: 98,00 mm (98,15 mm)
• Altura: 10,00 mm
• Material: Fluorelastômero (FPM / Viton) de Altíssima Performance Térmica
• Tipo Labio: BRAGF (com mola de tração, lábio protetor externo e ranhuras hidrodinâmicas direcionais)
• Sentido Rotacao: Horário (AH / Direito)
• Condição: Produto 100% novo, lacrado na embalagem original


📦 CONTEÚDO & GARANTIA
• 01 Retentor Traseiro do Virabrequim GM Família I Corsa Celta Onix Sabó 02702 (Sabó 02702)
• Acompanha Nota Fiscal Eletrônica (PF e PJ)
• Garantia de 6 meses contra defeitos de fabricação


❓ DÚVIDAS FREQUENTES
• Pronta Entrega: Sim, todos os produtos anunciados estão em estoque físico para envio imediato.
• Frete e Prazo: Calculados automaticamente pelo Mercado Envios digitando seu CEP no anúncio.
• Instalação: Recomendamos que a montagem seja feita por profissional especializado.


🛡️ BUSK Peças — Qualidade, Agilidade & Confiança"
